{
"type": "FeatureCollection",
"name": "Parks Drinking Fountains - 4326",
"crs": { "type": "name", "properties": { "name": "urn:ogc:def:crs:OGC:1.3:CRS84" } },
"features": [
{ "type": "Feature", "properties": { "_id": 1, "ASSET_ID": 102274, "LOCATION": "Avalon Parkette", "ALTERNATIVE_NAME": "Avalon Parkette Drinking Fountain", "TYPE": "Drinking Fountain", "ACCESSIBLE_FEATURES": "None", "HOURS": "None", "LOCATION_DETAILS": "Located along the east pathway.", "URL": "https://www.toronto.ca/explore-enjoy/parks-recreation/places-spaces/parks-and-recreation-facilities/location/?id=2410", "ADDRESS": "1700 Kingston Rd  ", "PostedDate": "2026-08-26T13:39:56", "AssetName": "Avalon Parkette Drinking Fountain", "Reason": "None", "Comments": "None", "Status": "1" }, "geometry": { "type": "MultiPoint", "coordinates": [ [ -79.26360652, 43.69229822 ] ] } },
{ "type": "Feature", "properties": { "_id": 2, "ASSET_ID": 2342, "LOCATION": "East Point Park", "ALTERNATIVE_NAME": "East Point Park East Baseball Diamonds Drinking Fountain ", "TYPE": "Drinking Fountain", "ACCESSIBLE_FEATURES": "None", "HOURS": "None", "LOCATION_DETAILS": "Located on the pathway between the baseball diamonds east of the park building.", "URL": "https://www.toronto.ca/explore-enjoy/parks-recreation/places-spaces/parks-and-recreation-facilities/location/?id=1079", "ADDRESS": "101 Copperfield Rd  ", "PostedDate": "2026-08-26T13:39:00", "AssetName": "East Point Park East Baseball Diamonds Drinking Fountain ", "Reason": "None", "Comments": "None", "Status": "1" }, "geometry": { "type": "MultiPoint", "coordinates": [ [ -79.16223898, 43.76013283 ] ] } },
{ "type": "Feature", "properties": { "_id": 3, "ASSET_ID": 2483, "LOCATION": "Bamburgh Park", "ALTERNATIVE_NAME": "Bamburgh Park Playground Drinking Fountain", "TYPE": "Drinking Fountain", "ACCESSIBLE_FEATURES": "None", "HOURS": "None", "LOCATION_DETAILS": "Located on the grassy area southwest of the playground.", "URL": "https://www.toronto.ca/explore-enjoy/parks-recreation/places-spaces/parks-and-recreation-facilities/location/?id=1023", "ADDRESS": "70 Bamburgh Cir  ", "PostedDate": "2026-08-26T13:37:27", "AssetName": "Bamburgh Park Playground Drinking Fountain", "Reason": "None", "Comments": "None", "Status": "1" }, "geometry": { "type": "MultiPoint", "coordinates": [ [ -79.32821546, 43.81461016 ] ] } },
{ "type": "Feature", "properties": { "_id": 4, "ASSET_ID": 2179, "LOCATION": "West Rouge Park", "ALTERNATIVE_NAME": "West Rouge Park Soccer Field Drinking Fountain", "TYPE": "Drinking Fountain", "ACCESSIBLE_FEATURES": "None", "HOURS": "None", "LOCATION_DETAILS": "Located northeast of the soccer field along the pathway.", "URL": "https://www.toronto.ca/explore-enjoy/parks-recreation/places-spaces/parks-and-recreation-facilities/location/?id=754", "ADDRESS": "270 Rouge Hills Dr  ", "PostedDate": "2026-08-26T13:35:30", "AssetName": "West Rouge Park Soccer Field Drinking Fountain", "Reason": "None", "Comments": "None", "Status": "1" }, "geometry": { "type": "MultiPoint", "coordinates": [ [ -79.12497668, 43.79150513 ] ] } },
{ "type": "Feature", "properties": { "_id": 5, "ASSET_ID": 102216, "LOCATION": "Canmore Park", "ALTERNATIVE_NAME": "Canmore Park Drinking Fountain", "TYPE": "Drinking Fountain", "ACCESSIBLE_FEATURES": "None", "HOURS": "None", "LOCATION_DETAILS": "Located on the pathway north of the sports field.", "URL": "https://www.toronto.ca/explore-enjoy/parks-recreation/places-spaces/parks-and-recreation-facilities/location/?id=595", "ADDRESS": "101 Canmore Blvd  ", "PostedDate": "2026-08-26T13:33:11", "AssetName": "Canmore Park Drinking Fountain", "Reason": "None", "Comments": "None", "Status": "1" }, "geometry": { "type": "MultiPoint", "coordinates": [ [ -79.17691993, 43.79346721 ] ] } },
{ "type": "Feature", "properties": { "_id": 6, "ASSET_ID": 2688, "LOCATION": "Prince Charles Park", "ALTERNATIVE_NAME": "Prince Charles Park Drinking Fountain", "TYPE": "Drinking Fountain", "ACCESSIBLE_FEATURES": "None", "HOURS": "None", "LOCATION_DETAILS": "Located along the pathway, south of the playground.", "URL": "https://www.toronto.ca/explore-enjoy/parks-recreation/places-spaces/parks-and-recreation-facilities/location/?id=735", "ADDRESS": "36 Prince Charles Dr  ", "PostedDate": "2026-08-21T11:35:21", "AssetName": "Prince Charles Park Drinking Fountain", "Reason": "None", "Comments": "None", "Status": "1" }, "geometry": { "type": "MultiPoint", "coordinates": [ [ -79.43587797, 43.72236022 ] ] } },
{ "type": "Feature", "properties": { "_id": 7, "ASSET_ID": 78294, "LOCATION": "Grange Park", "ALTERNATIVE_NAME": "Grange Park Dog Off-Leash Area Drinking Water Station", "TYPE": "Bottle Filling Station, Drinking Fountain, Dog Fountain", "ACCESSIBLE_FEATURES": "None", "HOURS": "None", "LOCATION_DETAILS": "Located on the pathway at the east end of the dog off-leash area.", "URL": "https://www.toronto.ca/explore-enjoy/parks-recreation/places-spaces/parks-and-recreation-facilities/location/?id=1431", "ADDRESS": "26 Grange Rd  W ", "PostedDate": "2026-08-20T13:53:28", "AssetName": "Grange Park Dog Off-Leash Area Drinking Water Station", "Reason": "Maintenance/Repairs", "Comments": "None", "Status": "0" }, "geometry": { "type": "MultiPoint", "coordinates": [ [ -79.3920957, 43.6520967 ] ] } },
{ "type": "Feature", "properties": { "_id": 8, "ASSET_ID": 1002829, "LOCATION": "Radar Park", "ALTERNATIVE_NAME": "Radar Park Drinking Water Station", "TYPE": "Bottle Filling Station, Drinking Fountain, Dog Fountain", "ACCESSIBLE_FEATURES": "None", "HOURS": "None", "LOCATION_DETAILS": "Located near the sidewalk on Brentcliff Road.", "URL": "https://www.toronto.ca/explore-enjoy/parks-recreation/places-spaces/parks-and-recreation-facilities/location/?id=3889", "ADDRESS": "25 Brentcliffe Rd", "PostedDate": "2026-08-18T13:43:58", "AssetName": "Radar Park Drinking Water Station", "Reason": "None", "Comments": "None", "Status": "1" }, "geometry": { "type": "MultiPoint", "coordinates": [ [ -79.35954738, 43.71345971 ] ] } },
{ "type": "Feature", "properties": { "_id": 9, "ASSET_ID": 103364, "LOCATION": "Wishing Well Park", "ALTERNATIVE_NAME": "Wishing Well Park Bottle Filling Station", "TYPE": "Bottle Filling Station", "ACCESSIBLE_FEATURES": "None", "HOURS": "None", "LOCATION_DETAILS": "Located west of the parking lot along the pathway between the baseball diamonds.", "URL": "https://www.toronto.ca/explore-enjoy/parks-recreation/places-spaces/parks-and-recreation-facilities/location/?id=586", "ADDRESS": "1700 Pharmacy Ave", "PostedDate": "2026-08-18T12:30:59", "AssetName": "Wishing Well Park Bottle Filling Station", "Reason": "None", "Comments": "None", "Status": "1" }, "geometry": { "type": "MultiPoint", "coordinates": [ [ -79.31603672, 43.7695624 ] ] } },
{ "type": "Feature", "properties": { "_id": 10, "ASSET_ID": 2651, "LOCATION": "Royal Rouge Tot Lot", "ALTERNATIVE_NAME": "Royal Rouge Tot Lot Playground Drinking Fountain", "TYPE": "Drinking Fountain", "ACCESSIBLE_FEATURES": "None", "HOURS": "None", "LOCATION_DETAILS": "Located east of the playground along the pathway.", "URL": "https://www.toronto.ca/explore-enjoy/parks-recreation/places-spaces/parks-and-recreation-facilities/location/?id=2576", "ADDRESS": "65 Royal Rouge Trl  ", "PostedDate": "2026-08-13T14:46:27", "AssetName": "Royal Rouge Tot Lot Playground Drinking Fountain", "Reason": "Under Construction", "Comments": "Closed due to construction", "Status": "0" }, "geometry": { "type": "MultiPoint", "coordinates": [ [ -79.14675701, 43.80071036 ] ] } },
{ "type": "Feature", "properties": { "_id": 11, "ASSET_ID": 103363, "LOCATION": "Heron Park", "ALTERNATIVE_NAME": "Heron Park Tennis Court Drinking Fountain", "TYPE": "Drinking Fountain", "ACCESSIBLE_FEATURES": "None", "HOURS": "None", "LOCATION_DETAILS": "Located east of the tennis courts, between the tennis courts and the outdoor pool.", "URL": "https://www.toronto.ca/explore-enjoy/parks-recreation/places-spaces/parks-and-recreation-facilities/location/?id=2025", "ADDRESS": "292 Manse Rd", "PostedDate": "2026-08-13T14:44:38", "AssetName": "Heron Park Tennis Club Drinking Fountain", "Reason": "None", "Comments": "None", "Status": "1" }, "geometry": { "type": "MultiPoint", "coordinates": [ [ -79.17789475, 43.76920578 ] ] } },
{ "type": "Feature", "properties": { "_id": 12, "ASSET_ID": 102230, "LOCATION": "Harvest Moon Park", "ALTERNATIVE_NAME": "Harvest Moon Park Drinking Foutain", "TYPE": "Drinking Fountain", "ACCESSIBLE_FEATURES": "None", "HOURS": "None", "LOCATION_DETAILS": "Located on the grassy area at the intersection of the two pathways, northeast of the playground.", "URL": "https://www.toronto.ca/explore-enjoy/parks-recreation/places-spaces/parks-and-recreation-facilities/location/?id=2504", "ADDRESS": "70 Old Finch Ave  ", "PostedDate": "2026-08-13T14:38:55", "AssetName": "Harvest Moon Park Drinking Foutain", "Reason": "None", "Comments": "None", "Status": "1" }, "geometry": { "type": "MultiPoint", "coordinates": [ [ -79.20930991, 43.82130891 ] ] } },
{ "type": "Feature", "properties": { "_id": 13, "ASSET_ID": 102234, "LOCATION": "Highland Creek Parkette", "ALTERNATIVE_NAME": "Highland Creek Parkette Drinking Fountain", "TYPE": "Drinking Fountain", "ACCESSIBLE_FEATURES": "None", "HOURS": "None", "LOCATION_DETAILS": "Located south of the pathway.", "URL": "https://www.toronto.ca/explore-enjoy/parks-recreation/places-spaces/parks-and-recreation-facilities/location/?id=2413", "ADDRESS": "6115 Kingston Rd  ", "PostedDate": "2026-08-13T14:38:31", "AssetName": "Highland Creek Parkette Drinking Fountain", "Reason": "None", "Comments": "None", "Status": "1" }, "geometry": { "type": "MultiPoint", "coordinates": [ [ -79.16828323, 43.78450063 ] ] } },
{ "type": "Feature", "properties": { "_id": 14, "ASSET_ID": 2203, "LOCATION": "Kenworthy Park", "ALTERNATIVE_NAME": "Kenworthy Park Drinking Fountain", "TYPE": "Drinking Fountain", "ACCESSIBLE_FEATURES": "None", "HOURS": "None", "LOCATION_DETAILS": "Located east of the main entrance.", "URL": "https://www.toronto.ca/explore-enjoy/parks-recreation/places-spaces/parks-and-recreation-facilities/location/?id=2405", "ADDRESS": "2 Kenworthy Ave  ", "PostedDate": "2026-08-13T14:30:15", "AssetName": "Kenworthy Park Drinking Fountain", "Reason": "None", "Comments": "None", "Status": "1" }, "geometry": { "type": "MultiPoint", "coordinates": [ [ -79.2831739, 43.69075811 ] ] } },
{ "type": "Feature", "properties": { "_id": 15, "ASSET_ID": 2510, "LOCATION": "Agincourt Park", "ALTERNATIVE_NAME": "Agincourt Park Bowling Green Drinking Fountain", "TYPE": "Drinking Fountain", "ACCESSIBLE_FEATURES": "None", "HOURS": "None", "LOCATION_DETAILS": "Located on the grassy area next to the pathway on the east side of the bowling green clubhouse.", "URL": "https://www.toronto.ca/explore-enjoy/parks-recreation/places-spaces/parks-and-recreation-facilities/location/?id=2341", "ADDRESS": "27 Glen Watford Dr  ", "PostedDate": "2026-08-13T14:28:51", "AssetName": "Agincourt Park Bowling Green Drinking Fountain", "Reason": "None", "Comments": "None", "Status": "1" }, "geometry": { "type": "MultiPoint", "coordinates": [ [ -79.27411118, 43.78903919 ] ] } },
{ "type": "Feature", "properties": { "_id": 16, "ASSET_ID": 102252, "LOCATION": "Port Royal Park", "ALTERNATIVE_NAME": "Port Royal Park Playground Drinking Fountain", "TYPE": "Drinking Fountain", "ACCESSIBLE_FEATURES": "None", "HOURS": "None", "LOCATION_DETAILS": "Located east of the playground along the pathway.", "URL": "https://www.toronto.ca/explore-enjoy/parks-recreation/places-spaces/parks-and-recreation-facilities/location/?id=1492", "ADDRESS": "50 Port Royal Trl  ", "PostedDate": "2026-08-13T14:28:27", "AssetName": "Port Royal Park Playground Drinking Fountain", "Reason": "None", "Comments": "None", "Status": "1" }, "geometry": { "type": "MultiPoint", "coordinates": [ [ -79.28795351, 43.81764278 ] ] } },
{ "type": "Feature", "properties": { "_id": 17, "ASSET_ID": 102145, "LOCATION": "Byng Park", "ALTERNATIVE_NAME": "Byng Park Bottle Filling Station", "TYPE": "Bottle Filling Station", "ACCESSIBLE_FEATURES": "None", "HOURS": "None", "LOCATION_DETAILS": "Located east of the parking lot.", "URL": "https://www.toronto.ca/explore-enjoy/parks-recreation/places-spaces/parks-and-recreation-facilities/location/?id=1051", "ADDRESS": "299 Pharmacy Ave  ", "PostedDate": "2026-08-13T14:26:53", "AssetName": "Byng Park Bottle Filling Station", "Reason": "None", "Comments": "None", "Status": "1" }, "geometry": { "type": "MultiPoint", "coordinates": [ [ -79.28421905, 43.7010366 ] ] } },
{ "type": "Feature", "properties": { "_id": 18, "ASSET_ID": 74762, "LOCATION": "Lavery Trail Park", "ALTERNATIVE_NAME": "Lavery Trail Park Drinking Fountain", "TYPE": "Drinking Fountain", "ACCESSIBLE_FEATURES": "None", "HOURS": "None", "LOCATION_DETAILS": "Located along the pathway, close to the east entrance.", "URL": "https://www.toronto.ca/explore-enjoy/parks-recreation/places-spaces/parks-and-recreation-facilities/location/?id=1038", "ADDRESS": "40 Lavery Trl  ", "PostedDate": "2026-08-13T14:26:24", "AssetName": "Lavery Trail Park Drinking Fountain", "Reason": "None", "Comments": "None", "Status": "1" }, "geometry": { "type": "MultiPoint", "coordinates": [ [ -79.1627643, 43.79684665 ] ] } },
{ "type": "Feature", "properties": { "_id": 19, "ASSET_ID": 102146, "LOCATION": "Prairie Drive Park", "ALTERNATIVE_NAME": "Prairie Drive Park Bottle Filling Station", "TYPE": "Bottle Filling Station", "ACCESSIBLE_FEATURES": "None", "HOURS": "None", "LOCATION_DETAILS": "Located on the outside of the washroom building between the parking lot and the playground.", "URL": "https://www.toronto.ca/explore-enjoy/parks-recreation/places-spaces/parks-and-recreation-facilities/location/?id=733", "ADDRESS": "101 Pharmacy Ave  ", "PostedDate": "2026-08-13T14:21:36", "AssetName": "Prairie Drive Park Bottle Filling Station", "Reason": "None", "Comments": "None", "Status": "1" }, "geometry": { "type": "MultiPoint", "coordinates": [ [ -79.28399146, 43.69725311 ] ] } },
{ "type": "Feature", "properties": { "_id": 20, "ASSET_ID": 103366, "LOCATION": "Viola Desmond Park", "ALTERNATIVE_NAME": "Viola Desmond Basketball Court Bottle Filling Station", "TYPE": "Bottle Filling Station", "ACCESSIBLE_FEATURES": "None", "HOURS": "None", "LOCATION_DETAILS": "Located east of the outdoor basketball court along the pathway.", "URL": "https://www.toronto.ca/explore-enjoy/parks-recreation/places-spaces/parks-and-recreation-facilities/location/?id=682", "ADDRESS": "85 Hupfield Trl", "PostedDate": "2026-08-13T14:18:58", "AssetName": "Viola Desmond Basketball Court Bottle Filling Station", "Reason": "None", "Comments": "None", "Status": "1" }, "geometry": { "type": "MultiPoint", "coordinates": [ [ -79.21979904, 43.81282751 ] ] } },
{ "type": "Feature", "properties": { "_id": 21, "ASSET_ID": 1002712, "LOCATION": "Glamorgan Park", "ALTERNATIVE_NAME": "Glamorgan Park Drinking Water Station", "TYPE": "Bottle Filling Station, Drinking Fountain", "ACCESSIBLE_FEATURES": "None", "HOURS": "None", "LOCATION_DETAILS": "Located on the grassy area south of the splash pad.", "URL": "https://www.toronto.ca/explore-enjoy/parks-recreation/places-spaces/parks-and-recreation-facilities/location/?id=668", "ADDRESS": "50 Antrim Cres", "PostedDate": "2026-08-13T14:17:49", "AssetName": "Glamorgan Park Drinking Water Station", "Reason": "None", "Comments": "None", "Status": "1" }, "geometry": { "type": "MultiPoint", "coordinates": [ [ -79.28786019, 43.77257712 ] ] } },
{ "type": "Feature", "properties": { "_id": 22, "ASSET_ID": 102215, "LOCATION": "Highland Creek Community Park", "ALTERNATIVE_NAME": "Highland Creek Community Park Drinking Fountain", "TYPE": "Drinking Fountain", "ACCESSIBLE_FEATURES": "None", "HOURS": "None", "LOCATION_DETAILS": "Located near the baseball diamond.", "URL": "https://www.toronto.ca/explore-enjoy/parks-recreation/places-spaces/parks-and-recreation-facilities/location/?id=635", "ADDRESS": "3500 Ellesmere Rd  ", "PostedDate": "2026-08-13T14:17:20", "AssetName": "Highland Creek Community Park Drinking Fountain", "Reason": "None", "Comments": "None", "Status": "1" }, "geometry": { "type": "MultiPoint", "coordinates": [ [ -79.17927118, 43.79031673 ] ] } },
{ "type": "Feature", "properties": { "_id": 23, "ASSET_ID": 103212, "LOCATION": "Lynngate Park", "ALTERNATIVE_NAME": "Lynngate Park Baseball Diamond Drinking Fountain", "TYPE": "Drinking Fountain", "ACCESSIBLE_FEATURES": "None", "HOURS": "None", "LOCATION_DETAILS": "Located between the baseball diamond and the playground along the pathway.", "URL": "https://www.toronto.ca/explore-enjoy/parks-recreation/places-spaces/parks-and-recreation-facilities/location/?id=619", "ADDRESS": "133 Cass Ave", "PostedDate": "2026-08-13T14:15:14", "AssetName": "Lynngate Park Baseball Diamond Drinking Fountain", "Reason": "None", "Comments": "None", "Status": "1" }, "geometry": { "type": "MultiPoint", "coordinates": [ [ -79.29997238, 43.77676353 ] ] } },
{ "type": "Feature", "properties": { "_id": 24, "ASSET_ID": 2561, "LOCATION": "Thomson Memorial Park", "ALTERNATIVE_NAME": "Thomson Memorial Park South Washroom Drinking Fountain", "TYPE": "Drinking Fountain", "ACCESSIBLE_FEATURES": "None", "HOURS": "None", "LOCATION_DETAILS": "Located outside the south washroom building of the park.", "URL": "https://www.toronto.ca/explore-enjoy/parks-recreation/places-spaces/parks-and-recreation-facilities/location/?id=543", "ADDRESS": "1005 Brimley Rd  ", "PostedDate": "2026-08-13T14:13:44", "AssetName": "Thomson Memorial Park South Washroom Drinking Fountain", "Reason": "None", "Comments": "None", "Status": "1" }, "geometry": { "type": "MultiPoint", "coordinates": [ [ -79.25530317, 43.7576313 ] ] } },
{ "type": "Feature", "properties": { "_id": 25, "ASSET_ID": 2695, "LOCATION": "Charlottetown Park", "ALTERNATIVE_NAME": "Charlottetown Park Drinking Fountain", "TYPE": "Drinking Fountain", "ACCESSIBLE_FEATURES": "None", "HOURS": "None", "LOCATION_DETAILS": "Located along the pathway southeast of the tennis courts.", "URL": "https://www.toronto.ca/explore-enjoy/parks-recreation/places-spaces/parks-and-recreation-facilities/location/?id=540", "ADDRESS": "5450 Lawrence Ave  E ", "PostedDate": "2026-08-13T14:13:23", "AssetName": "Charlottetown Park Drinking Fountain", "Reason": "None", "Comments": "None", "Status": "1" }, "geometry": { "type": "MultiPoint", "coordinates": [ [ -79.14000589, 43.78066773 ] ] } },
{ "type": "Feature", "properties": { "_id": 26, "ASSET_ID": 102099, "LOCATION": "Charlottetown Park", "ALTERNATIVE_NAME": "Charlottetown Park Bottle Filling Station", "TYPE": "Bottle Filling Station", "ACCESSIBLE_FEATURES": "None", "HOURS": "None", "LOCATION_DETAILS": "Located on the north side of the playground.", "URL": "https://www.toronto.ca/explore-enjoy/parks-recreation/places-spaces/parks-and-recreation-facilities/location/?id=540", "ADDRESS": "65 Charlottetown Blvd  ", "PostedDate": "2026-08-13T14:13:11", "AssetName": "Charlottetown Park Bottle Filling Station", "Reason": "None", "Comments": "None", "Status": "1" }, "geometry": { "type": "MultiPoint", "coordinates": [ [ -79.14002659, 43.78117231 ] ] } },
{ "type": "Feature", "properties": { "_id": 27, "ASSET_ID": 103365, "LOCATION": "Adams Park", "ALTERNATIVE_NAME": "Adams Park Splash Pad Bottle Filling Station", "TYPE": "Bottle Filling Station", "ACCESSIBLE_FEATURES": "None", "HOURS": "None", "LOCATION_DETAILS": "Located west of the splash pad along the pathway.", "URL": "https://www.toronto.ca/explore-enjoy/parks-recreation/places-spaces/parks-and-recreation-facilities/location/?id=522", "ADDRESS": "2 Rozell Rd", "PostedDate": "2026-08-13T14:11:45", "AssetName": "Adams Park Splash Pad Bottle Filling Station", "Reason": "None", "Comments": "None", "Status": "1" }, "geometry": { "type": "MultiPoint", "coordinates": [ [ -79.14658632, 43.79225316 ] ] } },
{ "type": "Feature", "properties": { "_id": 28, "ASSET_ID": 2117, "LOCATION": "Mondeo Park", "ALTERNATIVE_NAME": "Mondeo Park Drinking Fountain", "TYPE": "Drinking Fountain", "ACCESSIBLE_FEATURES": "None", "HOURS": "None", "LOCATION_DETAILS": "Located along the pathway, northwest of the playground.", "URL": "https://www.toronto.ca/explore-enjoy/parks-recreation/places-spaces/parks-and-recreation-facilities/location/?id=447", "ADDRESS": "80 Mondeo Dr  ", "PostedDate": "2026-08-13T14:11:30", "AssetName": "Mondeo Park Drinking Fountain", "Reason": "None", "Comments": "None", "Status": "1" }, "geometry": { "type": "MultiPoint", "coordinates": [ [ -79.28917452, 43.76634952 ] ] } },
{ "type": "Feature", "properties": { "_id": 29, "ASSET_ID": 102032, "LOCATION": "Guild Park and Gardens", "ALTERNATIVE_NAME": "Guild Park and Gardens Bottle Filling Station", "TYPE": "Bottle Filling Station", "ACCESSIBLE_FEATURES": "None", "HOURS": "None", "LOCATION_DETAILS": "Located on the grassy area south of the festival stage.", "URL": "https://www.toronto.ca/explore-enjoy/parks-recreation/places-spaces/parks-and-recreation-facilities/location/?id=406", "ADDRESS": "201 Guildwood Pkwy  ", "PostedDate": "2026-08-13T14:11:08", "AssetName": "Guild Park and Gardens Bottle Filling Station", "Reason": "None", "Comments": "None", "Status": "1" }, "geometry": { "type": "MultiPoint", "coordinates": [ [ -79.19219134, 43.74633145 ] ] } },
{ "type": "Feature", "properties": { "_id": 30, "ASSET_ID": 2625, "LOCATION": "Silverview Park", "ALTERNATIVE_NAME": "Silverview Park Baseball Diamond Drinking Fountain", "TYPE": "Drinking Fountain", "ACCESSIBLE_FEATURES": "None", "HOURS": "None", "LOCATION_DETAILS": "Located northwest of the baseball diamond.", "URL": "https://www.toronto.ca/explore-enjoy/parks-recreation/places-spaces/parks-and-recreation-facilities/location/?id=757", "ADDRESS": "23 Silverview Dr  ", "PostedDate": "2026-08-13T11:18:24", "AssetName": "Silverview Park Baseball Diamond Drinking Fountain", "Reason": "None", "Comments": "None", "Status": "1" }, "geometry": { "type": "MultiPoint", "coordinates": [ [ -79.41162854, 43.78548623 ] ] } },
{ "type": "Feature", "properties": { "_id": 31, "ASSET_ID": 13255, "LOCATION": "Debell Lane Parkette", "ALTERNATIVE_NAME": "Debell Lane Parkette Drinking Fountain", "TYPE": "Drinking Fountain", "ACCESSIBLE_FEATURES": "None", "HOURS": "None", "LOCATION_DETAILS": "Located on the pathway between the sidewalk and the playground.", "URL": "https://www.toronto.ca/explore-enjoy/parks-recreation/places-spaces/parks-and-recreation-facilities/location/?id=2255", "ADDRESS": "5 Debell Lane  ", "PostedDate": "2026-08-13T06:28:21", "AssetName": "Debell Lane Parkette Drinking Fountain", "Reason": "None", "Comments": "None", "Status": "1" }, "geometry": { "type": "MultiPoint", "coordinates": [ [ -79.39719233, 43.80034524 ] ] } },
{ "type": "Feature", "properties": { "_id": 32, "ASSET_ID": 2267, "LOCATION": "High Park", "ALTERNATIVE_NAME": "High Park Drinking Fountain", "TYPE": "Drinking Fountain", "ACCESSIBLE_FEATURES": "None", "HOURS": "None", "LOCATION_DETAILS": "Located at the intersection of Bloor Street West and Parkside Drive.", "URL": "https://www.toronto.ca/explore-enjoy/parks-recreation/places-spaces/parks-and-recreation-facilities/location/?id=77", "ADDRESS": "1873 Bloor St  W ", "PostedDate": "2026-08-11T07:36:43", "AssetName": "High Park Drinking Fountain", "Reason": "None", "Comments": "None", "Status": "1" }, "geometry": { "type": "MultiPoint", "coordinates": [ [ -79.46021283, 43.65437473 ] ] } },
{ "type": "Feature", "properties": { "_id": 33, "ASSET_ID": 2253, "LOCATION": "High Park", "ALTERNATIVE_NAME": "High Park Ornamental Fountain Drinking Fountain", "TYPE": "Drinking Fountain", "ACCESSIBLE_FEATURES": "None", "HOURS": "None", "LOCATION_DETAILS": "Located across from the ornamental fountain on the east side of Colborne Lodge Drive.", "URL": "https://www.toronto.ca/explore-enjoy/parks-recreation/places-spaces/parks-and-recreation-facilities/location/?id=77", "ADDRESS": "1873 Bloor St  W ", "PostedDate": "2026-08-11T06:37:06", "AssetName": "High Park Ornamental Fountain Drinking Fountain", "Reason": "None", "Comments": "None", "Status": "1" }, "geometry": { "type": "MultiPoint", "coordinates": [ [ -79.46476004, 43.64392995 ] ] } },
{ "type": "Feature", "properties": { "_id": 34, "ASSET_ID": 13289, "LOCATION": "Oriole Park - North York", "ALTERNATIVE_NAME": "Oriole Park North York Baseball Diamond Drinking Fountain", "TYPE": "Drinking Fountain", "ACCESSIBLE_FEATURES": "None", "HOURS": "None", "LOCATION_DETAILS": "Located north of the baseball diamond.", "URL": "https://www.toronto.ca/explore-enjoy/parks-recreation/places-spaces/parks-and-recreation-facilities/location/?id=937", "ADDRESS": "2955 Don Mills Rd  ", "PostedDate": "2026-08-10T12:05:57", "AssetName": "Oriole Park North York Baseball Diamond Drinking Fountain", "Reason": "Closed for the Season", "Comments": "DUPLICATE, SAME AS ORIOLE WADDING POOL FOUNTAIN. REMOVE FROM LIVE UPDATES.", "Status": "0" }, "geometry": { "type": "MultiPoint", "coordinates": [ [ -79.35048883, 43.78120385 ] ] } },
{ "type": "Feature", "properties": { "_id": 35, "ASSET_ID": 2418, "LOCATION": "Viewmount Park", "ALTERNATIVE_NAME": "Viewmount Park Tennis Court Drinking Fountain", "TYPE": "Drinking Fountain", "ACCESSIBLE_FEATURES": "None", "HOURS": "None", "LOCATION_DETAILS": "Located west of the outdoor tennis courts along the north side of the Community Centre.", "URL": "https://www.toronto.ca/explore-enjoy/parks-recreation/places-spaces/parks-and-recreation-facilities/location/?id=772", "ADDRESS": "169 Viewmount Ave  ", "PostedDate": "2026-08-10T12:01:29", "AssetName": "Viewmount Park Tennis Court Drinking Fountain", "Reason": "None", "Comments": "None", "Status": "1" }, "geometry": { "type": "MultiPoint", "coordinates": [ [ -79.43723546, 43.70764117 ] ] } },
{ "type": "Feature", "properties": { "_id": 36, "ASSET_ID": 102017, "LOCATION": "Viewmount Park", "ALTERNATIVE_NAME": "Viewmount Park Baseball Diamond Bottle Filling Station", "TYPE": "Bottle Filling Station", "ACCESSIBLE_FEATURES": "None", "HOURS": "None", "LOCATION_DETAILS": "Located north of the baseball diamond along the pathway.", "URL": "https://www.toronto.ca/explore-enjoy/parks-recreation/places-spaces/parks-and-recreation-facilities/location/?id=772", "ADDRESS": "169 Viewmount Ave  ", "PostedDate": "2026-08-10T12:01:12", "AssetName": "Viewmount Park Baseball Diamond Bottle Filling Station", "Reason": "None", "Comments": "None", "Status": "1" }, "geometry": { "type": "MultiPoint", "coordinates": [ [ -79.43774513, 43.70715765 ] ] } },
{ "type": "Feature", "properties": { "_id": 37, "ASSET_ID": 102255, "LOCATION": "Blythwood - Sherwood Ravine", "ALTERNATIVE_NAME": "Blythwood - Sherwood Ravine Dog Fountain", "TYPE": "Dog Fountain", "ACCESSIBLE_FEATURES": "None", "HOURS": "None", "LOCATION_DETAILS": "Located on the grassy area south of the parking lot.", "URL": "https://www.toronto.ca/explore-enjoy/parks-recreation/places-spaces/parks-and-recreation-facilities/location/?id=322", "ADDRESS": "1200 Mount Pleasant Rd", "PostedDate": "2026-08-10T12:00:24", "AssetName": "Blythwood - Sherwood Ravine Dog Fountain", "Reason": "None", "Comments": "None", "Status": "1" }, "geometry": { "type": "MultiPoint", "coordinates": [ [ -79.39776262, 43.71956188 ] ] } },
{ "type": "Feature", "properties": { "_id": 38, "ASSET_ID": 102213, "LOCATION": "Scarborough Village Park", "ALTERNATIVE_NAME": "Scarborough Village Park Baseball Diamond Drinking Fountain", "TYPE": "Drinking Fountain", "ACCESSIBLE_FEATURES": "None", "HOURS": "None", "LOCATION_DETAILS": "Located north of the baseball diamond, on the south side of the washroom building.", "URL": "https://www.toronto.ca/explore-enjoy/parks-recreation/places-spaces/parks-and-recreation-facilities/location/?id=746", "ADDRESS": "23 Gatesview Ave  ", "PostedDate": "2026-08-07T08:41:21", "AssetName": "Scarborough Village Park Baseball Diamond Drinking Fountain", "Reason": "None", "Comments": "None", "Status": "1" }, "geometry": { "type": "MultiPoint", "coordinates": [ [ -79.21292665, 43.74721788 ] ] } },
{ "type": "Feature", "properties": { "_id": 39, "ASSET_ID": 2354, "LOCATION": "Dundas - Watkinson Parkette", "ALTERNATIVE_NAME": "Dundas - Watkinson Parkette Drinking Fountain", "TYPE": "Drinking Fountain", "ACCESSIBLE_FEATURES": "None", "HOURS": "None", "LOCATION_DETAILS": "Located next to the playground.", "URL": "https://www.toronto.ca/explore-enjoy/parks-recreation/places-spaces/parks-and-recreation-facilities/location/?id=2277", "ADDRESS": "2742 Dundas St  W ", "PostedDate": "2026-07-26T22:15:19", "AssetName": "Dundas - Watkinson Parkette Drinking Fountain", "Reason": "Maintenance/Repairs", "Comments": "Temporarily offline pending repairs.", "Status": "0" }, "geometry": { "type": "MultiPoint", "coordinates": [ [ -79.46060936, 43.66533384 ] ] } },
{ "type": "Feature", "properties": { "_id": 40, "ASSET_ID": 102026, "LOCATION": "Rennie Park", "ALTERNATIVE_NAME": "Rennie Park Tennis Court Bottle Filling Station", "TYPE": "Bottle Filling Station", "ACCESSIBLE_FEATURES": "None", "HOURS": "None", "LOCATION_DETAILS": "Located southwest of the tennis courts along the pathway.", "URL": "https://www.toronto.ca/explore-enjoy/parks-recreation/places-spaces/parks-and-recreation-facilities/location/?id=181", "ADDRESS": "1 Rennie Terr  ", "PostedDate": "2026-07-24T17:35:17", "AssetName": "Rennie Park Tennis Court Bottle Filling Station", "Reason": "Maintenance/Repairs", "Comments": "None", "Status": "0" }, "geometry": { "type": "MultiPoint", "coordinates": [ [ -79.47374913, 43.64448157 ] ] } },
{ "type": "Feature", "properties": { "_id": 41, "ASSET_ID": 102055, "LOCATION": "Phil Givens Park", "ALTERNATIVE_NAME": "Phil Givens Park Playground Bottle Filling Station", "TYPE": "Bottle Filling Station", "ACCESSIBLE_FEATURES": "None", "HOURS": "None", "LOCATION_DETAILS": "Located south of the playground along the pathway.", "URL": "https://www.toronto.ca/explore-enjoy/parks-recreation/places-spaces/parks-and-recreation-facilities/location/?id=448", "ADDRESS": "99 Caribou Rd  ", "PostedDate": "2026-07-23T09:12:12", "AssetName": "Phil Givens Park Playground Bottle Filling Station", "Reason": "None", "Comments": "None", "Status": "1" }, "geometry": { "type": "MultiPoint", "coordinates": [ [ -79.42079424, 43.71889638 ] ] } },
{ "type": "Feature", "properties": { "_id": 42, "ASSET_ID": 2464, "LOCATION": "Bluffer's Park", "ALTERNATIVE_NAME": "Bluffer's Park East Pavillion Drinking Fountain", "TYPE": "Drinking Fountain", "ACCESSIBLE_FEATURES": "None", "HOURS": "None", "LOCATION_DETAILS": "Located on the south east side of the east washroom.", "URL": "https://www.toronto.ca/explore-enjoy/parks-recreation/places-spaces/parks-and-recreation-facilities/location/?id=2", "ADDRESS": "1 Brimley Rd  S ", "PostedDate": "2026-07-13T12:51:49", "AssetName": "Bluffer's Park East Pavillion Drinking Fountain", "Reason": "None", "Comments": "None", "Status": "1" }, "geometry": { "type": "MultiPoint", "coordinates": [ [ -79.22733585, 43.71301999 ] ] } },
{ "type": "Feature", "properties": { "_id": 43, "ASSET_ID": 2468, "LOCATION": "Bill Hancox Park", "ALTERNATIVE_NAME": "Bill Hancox Park Drinking Fountain", "TYPE": "Drinking Fountain", "ACCESSIBLE_FEATURES": "None", "HOURS": "None", "LOCATION_DETAILS": "Located on the north side of the pathway between the playground and sports fields.", "URL": "https://www.toronto.ca/explore-enjoy/parks-recreation/places-spaces/parks-and-recreation-facilities/location/?id=958", "ADDRESS": "101 Bridgeport Dr  E ", "PostedDate": "2026-07-02T14:36:02", "AssetName": "Bill Hancox Park Drinking Fountain", "Reason": "None", "Comments": "None", "Status": "1" }, "geometry": { "type": "MultiPoint", "coordinates": [ [ -79.13977173, 43.77738184 ] ] } },
{ "type": "Feature", "properties": { "_id": 44, "ASSET_ID": 2509, "LOCATION": "Albert Crosland Park", "ALTERNATIVE_NAME": "Albert Crosland Park Drinking Fountain", "TYPE": "Drinking Fountain", "ACCESSIBLE_FEATURES": "None", "HOURS": "None", "LOCATION_DETAILS": "Located on the pathway south of the wading pool and playground.", "URL": "https://www.toronto.ca/explore-enjoy/parks-recreation/places-spaces/parks-and-recreation-facilities/location/?id=359", "ADDRESS": "15 Saunders Ave  ", "PostedDate": "2026-07-01T11:22:36", "AssetName": "Albert Crosland Park Drinking Fountain", "Reason": "Maintenance/Repairs", "Comments": "None", "Status": "0" }, "geometry": { "type": "MultiPoint", "coordinates": [ [ -79.43957604, 43.64063292 ] ] } },
{ "type": "Feature", "properties": { "_id": 45, "ASSET_ID": 2353, "LOCATION": "Wallace C. Swanek Park", "ALTERNATIVE_NAME": "Wallace C. Swanek Park Playground Drinking Fountain", "TYPE": "Drinking Fountain", "ACCESSIBLE_FEATURES": "None", "HOURS": "None", "LOCATION_DETAILS": "Located north of the playground along the pathway. ", "URL": "https://www.toronto.ca/explore-enjoy/parks-recreation/places-spaces/parks-and-recreation-facilities/location/?id=610", "ADDRESS": "241 Gary Dr  ", "PostedDate": "2026-06-30T11:12:22", "AssetName": "Wallace C. Swanek Park Playground Drinking Fountain", "Reason": "Planned Closure", "Comments": "Toronto Water Repairs around the Park ", "Status": "0" }, "geometry": { "type": "MultiPoint", "coordinates": [ [ -79.5226819, 43.70869823 ] ] } },
{ "type": "Feature", "properties": { "_id": 46, "ASSET_ID": 102035, "LOCATION": "Fairmount Park", "ALTERNATIVE_NAME": "Fairmount Park Drinking Water Station", "TYPE": "Bottle Filling Station, Drinking Fountain", "ACCESSIBLE_FEATURES": "None", "HOURS": "None", "LOCATION_DETAILS": "Located on the pathway south of the wading pool.", "URL": "https://www.toronto.ca/explore-enjoy/parks-recreation/places-spaces/parks-and-recreation-facilities/location/?id=127", "ADDRESS": "1725 Gerrard St  E ", "PostedDate": "2026-06-30T06:10:29", "AssetName": "Fairmount Park Drinking Water Station", "Reason": "None", "Comments": "None", "Status": "1" }, "geometry": { "type": "MultiPoint", "coordinates": [ [ -79.31580255, 43.67522619 ] ] } },
{ "type": "Feature", "properties": { "_id": 47, "ASSET_ID": 2324, "LOCATION": "Fairmount Park", "ALTERNATIVE_NAME": "Fairmount Park Drinking Water Station", "TYPE": "Bottle Filling Station, Drinking Fountain", "ACCESSIBLE_FEATURES": "None", "HOURS": "None", "LOCATION_DETAILS": "Located on the pathway outside the front entrance to the Community Centre.", "URL": "https://www.toronto.ca/explore-enjoy/parks-recreation/places-spaces/parks-and-recreation-facilities/location/?id=127", "ADDRESS": "1725 Gerrard St  E ", "PostedDate": "2026-06-30T06:10:16", "AssetName": "Fairmount Park Drinking Water Station", "Reason": "None", "Comments": "None", "Status": "1" }, "geometry": { "type": "MultiPoint", "coordinates": [ [ -79.31537574, 43.67661715 ] ] } },
{ "type": "Feature", "properties": { "_id": 48, "ASSET_ID": 2472, "LOCATION": "Beresford Park", "ALTERNATIVE_NAME": "Beresford Park Wading Pool Drinking Fountain", "TYPE": "Drinking Fountain", "ACCESSIBLE_FEATURES": "None", "HOURS": "None", "LOCATION_DETAILS": "Located on the west side of the wading pool. ", "URL": "https://www.toronto.ca/explore-enjoy/parks-recreation/places-spaces/parks-and-recreation-facilities/location/?id=290", "ADDRESS": "400 Beresford Ave  ", "PostedDate": "2026-06-29T08:24:41", "AssetName": "Beresford Park Wading Pool Drinking Fountain", "Reason": "None", "Comments": "None", "Status": "1" }, "geometry": { "type": "MultiPoint", "coordinates": [ [ -79.47937265, 43.65608067 ] ] } },
{ "type": "Feature", "properties": { "_id": 49, "ASSET_ID": 102092, "LOCATION": "Sir Casimir Gzowski Park", "ALTERNATIVE_NAME": "Sir Casimir Gzowski Park Drinking Water Station", "TYPE": "Bottle Filling Station, Drinking Fountain", "ACCESSIBLE_FEATURES": "None", "HOURS": "None", "LOCATION_DETAILS": "Located on the west end of the park on the north side of Sunnyside Boardwalk.", "URL": "https://www.toronto.ca/explore-enjoy/parks-recreation/places-spaces/parks-and-recreation-facilities/location/?id=71", "ADDRESS": "2001 Lake Shore Blvd  W ", "PostedDate": "2026-06-29T08:24:14", "AssetName": "Sir Casimir Gzowski Park Drinking Water Station", "Reason": "None", "Comments": "None", "Status": "1" }, "geometry": { "type": "MultiPoint", "coordinates": [ [ -79.46872901, 43.63379879 ] ] } },
{ "type": "Feature", "properties": { "_id": 50, "ASSET_ID": 2621, "LOCATION": "Sir Casimir Gzowski Park", "ALTERNATIVE_NAME": "Sir Casimir Gzowski Park Wading Pool Drinking Fountain", "TYPE": "Drinking Fountain", "ACCESSIBLE_FEATURES": "None", "HOURS": "None", "LOCATION_DETAILS": "Located south of the wading pool.", "URL": "https://www.toronto.ca/explore-enjoy/parks-recreation/places-spaces/parks-and-recreation-facilities/location/?id=71", "ADDRESS": "2001 Lake Shore Blvd  W ", "PostedDate": "2026-06-29T08:24:01", "AssetName": "Sir Casimir Gzowski Park Wading Pool Drinking Fountain", "Reason": "None", "Comments": "None", "Status": "1" }, "geometry": { "type": "MultiPoint", "coordinates": [ [ -79.46506603, 43.63554031 ] ] } },
{ "type": "Feature", "properties": { "_id": 51, "ASSET_ID": 2414, "LOCATION": "Alex Duff Memorial Pool", "ALTERNATIVE_NAME": "Alex Duff Memorial Outdoor Pool Drinking Fountain", "TYPE": "Drinking Fountain", "ACCESSIBLE_FEATURES": "None", "HOURS": "View outdoor pool hours", "LOCATION_DETAILS": "Located near the entrance to the pool building.", "URL": "https://www.toronto.ca/explore-enjoy/parks-recreation/places-spaces/parks-and-recreation-facilities/location/?id=196", "ADDRESS": "779 Crawford St", "PostedDate": "2026-06-26T10:54:55", "AssetName": "Alex Duff Memorial Outdoor Pool Drinking Fountain", "Reason": "None", "Comments": "None", "Status": "1" }, "geometry": { "type": "MultiPoint", "coordinates": [ [ -79.42203435, 43.66505971 ] ] } },
{ "type": "Feature", "properties": { "_id": 52, "ASSET_ID": 13302, "LOCATION": "Wanless Park", "ALTERNATIVE_NAME": "Wanless Park Wading Pool Drinking Water Station", "TYPE": "Drinking Fountain, Dog Fountain", "ACCESSIBLE_FEATURES": "None", "HOURS": "None", "LOCATION_DETAILS": "Located east of the wading pool.", "URL": "https://www.toronto.ca/explore-enjoy/parks-recreation/places-spaces/parks-and-recreation-facilities/location/?id=265", "ADDRESS": "250 Wanless Ave  ", "PostedDate": "2026-06-23T12:57:26", "AssetName": "Wanless Park Wading Pool Drinking Water Station", "Reason": "None", "Comments": "None", "Status": "1" }, "geometry": { "type": "MultiPoint", "coordinates": [ [ -79.39200307, 43.72919935 ] ] } },
{ "type": "Feature", "properties": { "_id": 53, "ASSET_ID": 102161, "LOCATION": "Edwards Gardens", "ALTERNATIVE_NAME": "Edwards Gardens Drinking Fountain", "TYPE": "Drinking Fountain", "ACCESSIBLE_FEATURES": "None", "HOURS": "None", "LOCATION_DETAILS": "Located on the grassy area northwest of the shade structure.", "URL": "https://www.toronto.ca/explore-enjoy/parks-recreation/places-spaces/parks-and-recreation-facilities/location/?id=473", "ADDRESS": "755 Lawrence Ave  E ", "PostedDate": "2026-06-23T09:01:50", "AssetName": "Edwards Gardens Drinking Fountain", "Reason": "None", "Comments": "None", "Status": "1" }, "geometry": { "type": "MultiPoint", "coordinates": [ [ -79.36120575, 43.73257633 ] ] } },
{ "type": "Feature", "properties": { "_id": 54, "ASSET_ID": 102141, "LOCATION": "Allenbury Park", "ALTERNATIVE_NAME": "Allenbury Park Drinking Water Station", "TYPE": "Bottle Filling Station, Drinking Fountain", "ACCESSIBLE_FEATURES": "None", "HOURS": "None", "LOCATION_DETAILS": "Located south of the playground.", "URL": "https://www.toronto.ca/explore-enjoy/parks-recreation/places-spaces/parks-and-recreation-facilities/location/?id=3742", "ADDRESS": "160  Fairview Mall Dr   ", "PostedDate": "2026-06-23T09:01:19", "AssetName": "Allenbury Park Drinking Water Station", "Reason": "None", "Comments": "None", "Status": "1" }, "geometry": { "type": "MultiPoint", "coordinates": [ [ -79.34344745, 43.7800737 ] ] } },
{ "type": "Feature", "properties": { "_id": 55, "ASSET_ID": 103284, "LOCATION": "Bridlewood Park", "ALTERNATIVE_NAME": "Bridlewood Park Tennis Court Drinking Fountain", "TYPE": "Drinking Fountain", "ACCESSIBLE_FEATURES": "None", "HOURS": "None", "LOCATION_DETAILS": "Located east of the outdoor tennis courts.", "URL": "https://www.toronto.ca/explore-enjoy/parks-recreation/places-spaces/parks-and-recreation-facilities/location/?id=578", "ADDRESS": "445 Huntingwood Dr", "PostedDate": "2026-06-19T13:11:38", "AssetName": "Bridlewood Park Tennis Court Drinking Fountain", "Reason": "None", "Comments": "None", "Status": "1" }, "geometry": { "type": "MultiPoint", "coordinates": [ [ -79.31618151, 43.78320872 ] ] } },
{ "type": "Feature", "properties": { "_id": 56, "ASSET_ID": 102184, "LOCATION": "North Bendale Park", "ALTERNATIVE_NAME": "North Bendale Park Tennis Court Drinking Fountain", "TYPE": "Drinking Fountain", "ACCESSIBLE_FEATURES": "None", "HOURS": "None", "LOCATION_DETAILS": "Located west of the tennis courts.", "URL": "https://www.toronto.ca/explore-enjoy/parks-recreation/places-spaces/parks-and-recreation-facilities/location/?id=726", "ADDRESS": "40 Erinlea Cres  ", "PostedDate": "2026-06-19T12:52:17", "AssetName": "North Bendale Park Tennis Court Drinking Fountain", "Reason": "None", "Comments": "None", "Status": "1" }, "geometry": { "type": "MultiPoint", "coordinates": [ [ -79.24627296, 43.76991423 ] ] } },
{ "type": "Feature", "properties": { "_id": 57, "ASSET_ID": 102203, "LOCATION": "Rosedale Ravine Lands", "ALTERNATIVE_NAME": "Rosedale Ravine Lands Drinking Fountain", "TYPE": "Drinking Fountain", "ACCESSIBLE_FEATURES": "None", "HOURS": "None", "LOCATION_DETAILS": "Located in the park at the northwest corner of Park Road and Rosedale Valley Road.", "URL": "https://www.toronto.ca/explore-enjoy/parks-recreation/places-spaces/parks-and-recreation-facilities/location/?id=530", "ADDRESS": "450 Bloor St  E ", "PostedDate": "2026-06-19T09:56:06", "AssetName": "Rosedale Ravine Lands Drinking Fountain", "Reason": "None", "Comments": "None", "Status": "1" }, "geometry": { "type": "MultiPoint", "coordinates": [ [ -79.38404808, 43.6737218 ] ] } },
{ "type": "Feature", "properties": { "_id": 58, "ASSET_ID": 2448, "LOCATION": "Budd Sugarman Park", "ALTERNATIVE_NAME": "Budd Sugarman Park Drinking Fountain", "TYPE": "Drinking Fountain", "ACCESSIBLE_FEATURES": "None", "HOURS": "None", "LOCATION_DETAILS": "Located on a pathway just beside Yonge Street.", "URL": "https://www.toronto.ca/explore-enjoy/parks-recreation/places-spaces/parks-and-recreation-facilities/location/?id=2698", "ADDRESS": "955 Yonge St  ", "PostedDate": "2026-06-19T09:54:46", "AssetName": "Budd Sugarman Park Drinking Fountain", "Reason": "None", "Comments": "None", "Status": "1" }, "geometry": { "type": "MultiPoint", "coordinates": [ [ -79.38890792, 43.67595054 ] ] } },
{ "type": "Feature", "properties": { "_id": 59, "ASSET_ID": 849310, "LOCATION": "Holmes Park", "ALTERNATIVE_NAME": "Holmes Park Drinking Water Station", "TYPE": "Bottle Filling Station, Drinking Fountain", "ACCESSIBLE_FEATURES": "None", "HOURS": "None", "LOCATION_DETAILS": "Located North of the playground and shade structure.", "URL": "https://www.toronto.ca/explore-enjoy/parks-recreation/places-spaces/parks-and-recreation-facilities/location/?id=3815", "ADDRESS": "25 Holmes Ave", "PostedDate": "2026-06-17T11:46:31", "AssetName": "Holmes Park Drinking Water Station", "Reason": "None", "Comments": "None", "Status": "1" }, "geometry": { "type": "MultiPoint", "coordinates": [ [ -79.41343458, 43.77796389 ] ] } },
{ "type": "Feature", "properties": { "_id": 60, "ASSET_ID": 18746, "LOCATION": "Toronto Islands - Olympic Island", "ALTERNATIVE_NAME": "Toronto Islands - Olympic Island Picnic Site 18 Drinking Fountain", "TYPE": "Drinking Fountain", "ACCESSIBLE_FEATURES": "None", "HOURS": "None", "LOCATION_DETAILS": "Located on the south side of the pathway south of Picnic Site #18.", "URL": "https://www.toronto.ca/explore-enjoy/parks-recreation/places-spaces/parks-and-recreation-facilities/location/?id=2543", "ADDRESS": "9 Queens Quay  W ", "PostedDate": "2026-06-17T07:42:23", "AssetName": "Toronto Islands - Olympic Island Picnic Site 18 Drinking Fountain", "Reason": "None", "Comments": "None", "Status": "1" }, "geometry": { "type": "MultiPoint", "coordinates": [ [ -79.37524652, 43.62285869 ] ] } },
{ "type": "Feature", "properties": { "_id": 61, "ASSET_ID": 18784, "LOCATION": "Toronto Islands - Centre Island", "ALTERNATIVE_NAME": "Toronto Islands - Centre Island South Pier Snack Bar Drinking Fountain", "TYPE": "Drinking Fountain", "ACCESSIBLE_FEATURES": "None", "HOURS": "None", "LOCATION_DETAILS": "Located west of the Centre Island Park Pier Snack Bar/Bike Rental building.", "URL": "https://www.toronto.ca/explore-enjoy/parks-recreation/places-spaces/parks-and-recreation-facilities/location/?id=2725", "ADDRESS": "9 Queens Quay  W ", "PostedDate": "2026-06-17T07:41:21", "AssetName": "Toronto Islands - Centre Island South Pier Snack Bar Drinking Fountain", "Reason": "Maintenance/Repairs", "Comments": "None", "Status": "0" }, "geometry": { "type": "MultiPoint", "coordinates": [ [ -79.37229205, 43.61687673 ] ] } },
{ "type": "Feature", "properties": { "_id": 62, "ASSET_ID": 989550, "LOCATION": "50 Queens Quay East Park", "ALTERNATIVE_NAME": "50 Queens Quay East Park Drinking Water Station", "TYPE": "Bottle Filling Station, Drinking Fountain, Dog Fountain", "ACCESSIBLE_FEATURES": "None", "HOURS": "None", "LOCATION_DETAILS": "On the east side of the  pathway intersection between the off-leash area and the pickleball courts", "URL": "https://www.toronto.ca/explore-enjoy/parks-recreation/places-spaces/parks-and-recreation-facilities/location/?id=3868", "ADDRESS": "50 Queens Quay East Park", "PostedDate": "2026-06-16T13:56:11", "AssetName": "50 Queens Quay East Park Drinking Water Station", "Reason": "None", "Comments": "None", "Status": "1" }, "geometry": { "type": "MultiPoint", "coordinates": [ [ -79.37198553, 43.64324782 ] ] } },
{ "type": "Feature", "properties": { "_id": 63, "ASSET_ID": 988792, "LOCATION": "Lee Centre Park", "ALTERNATIVE_NAME": "Lee Centre Park Drinking Water Source", "TYPE": "Bottle Filling Station, Dog Fountain", "ACCESSIBLE_FEATURES": "None", "HOURS": "None", "LOCATION_DETAILS": "Located along the path on the west end of the park.", "URL": "https://www.toronto.ca/explore-enjoy/parks-recreation/places-spaces/parks-and-recreation-facilities/location/?id=1849", "ADDRESS": "112\tCorporate Dr", "PostedDate": "2026-06-16T13:56:11", "AssetName": "Lee Centre Park Drinking Water Source", "Reason": "None", "Comments": "None", "Status": "1" }, "geometry": { "type": "MultiPoint", "coordinates": [ [ -79.24630797, 43.7810652 ] ] } },
{ "type": "Feature", "properties": { "_id": 64, "ASSET_ID": 971861, "LOCATION": "Alderwood Memorial Park", "ALTERNATIVE_NAME": "Alderwood Memorial Park Drinking Water Station", "TYPE": "Bottle Filling Station, Drinking Fountain", "ACCESSIBLE_FEATURES": "None", "HOURS": "None", "LOCATION_DETAILS": "Located beside the south end of the playground.", "URL": "https://www.toronto.ca/explore-enjoy/parks-recreation/places-spaces/parks-and-recreation-facilities/location/?id=2046", "ADDRESS": "215 Sheldon Ave.", "PostedDate": "2026-06-16T13:56:11", "AssetName": "Alderwood Memorial Park Drinking Water Station", "Reason": "None", "Comments": "None", "Status": "1" }, "geometry": { "type": "MultiPoint", "coordinates": [ [ -79.5442604, 43.6055101 ] ] } },
{ "type": "Feature", "properties": { "_id": 65, "ASSET_ID": 2451, "LOCATION": "Bruce Mackey Park", "ALTERNATIVE_NAME": "Bruce Mackey Park Drinking Fountain", "TYPE": "Drinking Fountain", "ACCESSIBLE_FEATURES": "None", "HOURS": "None", "LOCATION_DETAILS": "Located on the grassy area at the corner of Wardell and De Grassi Streets.", "URL": "https://www.toronto.ca/explore-enjoy/parks-recreation/places-spaces/parks-and-recreation-facilities/location/?id=266", "ADDRESS": "55 Wardell St  ", "PostedDate": "2026-06-16T10:07:27", "AssetName": "Bruce Mackey Park Drinking Fountain", "Reason": "None", "Comments": "None", "Status": "1" }, "geometry": { "type": "MultiPoint", "coordinates": [ [ -79.34622278, 43.66110885 ] ] } },
{ "type": "Feature", "properties": { "_id": 66, "ASSET_ID": 989054, "LOCATION": "Biidaasige Park", "ALTERNATIVE_NAME": "Biidaasige Park North Riverside Drinking Water Station", "TYPE": "Bottle Filling Station, Drinking Fountain", "ACCESSIBLE_FEATURES": "None", "HOURS": "None", "LOCATION_DETAILS": "Located on the riverside path south of the play area.", "URL": "https://www.toronto.ca/explore-enjoy/parks-recreation/places-spaces/beaches-gardens-attractions/biidaasige-park/", "ADDRESS": "51 Commissioners St", "PostedDate": "2026-06-16T10:07:00", "AssetName": "Biidaasige Park North Riverside Drinking Water Station", "Reason": "None", "Comments": "None", "Status": "1" }, "geometry": { "type": "MultiPoint", "coordinates": [ [ -79.3506387, 43.64526794 ] ] } },
{ "type": "Feature", "properties": { "_id": 67, "ASSET_ID": 102029, "LOCATION": "Six Points Park", "ALTERNATIVE_NAME": "Six Points Park Playground Bottle Filling Station", "TYPE": "Bottle Filling Station", "ACCESSIBLE_FEATURES": "None", "HOURS": "None", "LOCATION_DETAILS": "Located southeast of the playground along the pathway.", "URL": "https://www.toronto.ca/explore-enjoy/parks-recreation/places-spaces/parks-and-recreation-facilities/location/?id=2020", "ADDRESS": "10 Viking Lane  ", "PostedDate": "2026-06-16T08:32:41", "AssetName": "Six Points Park Playground Bottle Filling Station", "Reason": "None", "Comments": "None", "Status": "1" }, "geometry": { "type": "MultiPoint", "coordinates": [ [ -79.53569797, 43.63961613 ] ] } },
{ "type": "Feature", "properties": { "_id": 68, "ASSET_ID": 74866, "LOCATION": "Humberline Park", "ALTERNATIVE_NAME": "Humberline Park Bottle Filling Station", "TYPE": "Bottle Filling Station", "ACCESSIBLE_FEATURES": "None", "HOURS": "None", "LOCATION_DETAILS": "Located on the outside of the washroom building next to the playground.", "URL": "https://www.toronto.ca/explore-enjoy/parks-recreation/places-spaces/parks-and-recreation-facilities/location/?id=1508", "ADDRESS": "32 Humberline Dr  ", "PostedDate": "2026-06-16T08:32:33", "AssetName": "Humberline Park Bottle Filling Station", "Reason": "None", "Comments": "None", "Status": "1" }, "geometry": { "type": "MultiPoint", "coordinates": [ [ -79.61575271, 43.73153574 ] ] } },
{ "type": "Feature", "properties": { "_id": 69, "ASSET_ID": 2317, "LOCATION": "Flagstaff Park", "ALTERNATIVE_NAME": "Flagstaff Park Drinking Fountain", "TYPE": "Drinking Fountain", "ACCESSIBLE_FEATURES": "None", "HOURS": "None", "LOCATION_DETAILS": "Located on the grassy area west of the parking lot. ", "URL": "https://www.toronto.ca/explore-enjoy/parks-recreation/places-spaces/parks-and-recreation-facilities/location/?id=963", "ADDRESS": "42 Mercury Rd  ", "PostedDate": "2026-06-16T08:31:59", "AssetName": "Flagstaff Park Drinking Fountain", "Reason": "None", "Comments": "None", "Status": "1" }, "geometry": { "type": "MultiPoint", "coordinates": [ [ -79.59162828, 43.72072636 ] ] } },
{ "type": "Feature", "properties": { "_id": 70, "ASSET_ID": 102196, "LOCATION": "West Humber Parkland", "ALTERNATIVE_NAME": "West Humber Parkland Playground Drinking Fountain", "TYPE": "Drinking Fountain", "ACCESSIBLE_FEATURES": "None", "HOURS": "None", "LOCATION_DETAILS": "Located west of the playground along the pathway.", "URL": "https://www.toronto.ca/explore-enjoy/parks-recreation/places-spaces/parks-and-recreation-facilities/location/?id=953", "ADDRESS": "451 Albion Rd  ", "PostedDate": "2026-06-16T08:31:51", "AssetName": "West Humber Parkland Playground Drinking Fountain", "Reason": "None", "Comments": "None", "Status": "1" }, "geometry": { "type": "MultiPoint", "coordinates": [ [ -79.58136364, 43.72808759 ] ] } },
{ "type": "Feature", "properties": { "_id": 71, "ASSET_ID": 102027, "LOCATION": "Cloverdale Park", "ALTERNATIVE_NAME": "Cloverdale Park Fitness Area Bottle Filling Station", "TYPE": "Bottle Filling Station", "ACCESSIBLE_FEATURES": "None", "HOURS": "None", "LOCATION_DETAILS": "Located on the pathway at the south end of the outdoor fitness equipment area. ", "URL": "https://www.toronto.ca/explore-enjoy/parks-recreation/places-spaces/parks-and-recreation-facilities/location/?id=935", "ADDRESS": "85 Shaver Ave  S ", "PostedDate": "2026-06-16T08:31:36", "AssetName": "Cloverdale Park Fitness Area Bottle Filling Station", "Reason": "None", "Comments": "None", "Status": "1" }, "geometry": { "type": "MultiPoint", "coordinates": [ [ -79.54503687, 43.63359393 ] ] } },
{ "type": "Feature", "properties": { "_id": 72, "ASSET_ID": 102281, "LOCATION": "Rotary Peace Park", "ALTERNATIVE_NAME": "Rotary Peace Park Outdoor Pool Drinking Fountain", "TYPE": "Drinking Fountain", "ACCESSIBLE_FEATURES": "None", "HOURS": "View outdoor pool hours", "LOCATION_DETAILS": "Located in the outdoor pool building.", "URL": "https://www.toronto.ca/explore-enjoy/parks-recreation/places-spaces/parks-and-recreation-facilities/location/?id=867", "ADDRESS": "25 Eleventh St  ", "PostedDate": "2026-06-16T08:31:27", "AssetName": "Rotary Peace Park Outdoor Pool Drinking Fountain", "Reason": "None", "Comments": "None", "Status": "1" }, "geometry": { "type": "MultiPoint", "coordinates": [ [ -79.5075273, 43.59517943 ] ] } },
{ "type": "Feature", "properties": { "_id": 73, "ASSET_ID": 102192, "LOCATION": "Rexdale Park", "ALTERNATIVE_NAME": "Rexdale Park Splash Pad Drinking Fountain", "TYPE": "Drinking Fountain", "ACCESSIBLE_FEATURES": "None", "HOURS": "None", "LOCATION_DETAILS": "Located west of the splash pad along the pathway.", "URL": "https://www.toronto.ca/explore-enjoy/parks-recreation/places-spaces/parks-and-recreation-facilities/location/?id=862", "ADDRESS": "6 Drumheller Rd  ", "PostedDate": "2026-06-16T08:31:19", "AssetName": "Rexdale Park Splash Pad Drinking Fountain", "Reason": "None", "Comments": "None", "Status": "1" }, "geometry": { "type": "MultiPoint", "coordinates": [ [ -79.56587583, 43.72430546 ] ] } },
{ "type": "Feature", "properties": { "_id": 74, "ASSET_ID": 80208, "LOCATION": "Ourland Park", "ALTERNATIVE_NAME": "Ourland Park Outdoor Pool Bottle Filling Station", "TYPE": "Bottle Filling Station", "ACCESSIBLE_FEATURES": "None", "HOURS": "View outdoor pool hours", "LOCATION_DETAILS": "Located at the outdoor pool.", "URL": "https://www.toronto.ca/explore-enjoy/parks-recreation/places-spaces/parks-and-recreation-facilities/location/?id=857", "ADDRESS": "18 Ourland Ave  ", "PostedDate": "2026-06-16T08:31:08", "AssetName": "Ourland Park Outdoor Pool Bottle Filling Station", "Reason": "None", "Comments": "None", "Status": "1" }, "geometry": { "type": "MultiPoint", "coordinates": [ [ -79.50859839, 43.61643984 ] ] } },
{ "type": "Feature", "properties": { "_id": 75, "ASSET_ID": 102156, "LOCATION": "Norseman Heights Park", "ALTERNATIVE_NAME": "Norseman Heights Park Baseball Diamond Bottle Filling Station", "TYPE": "Bottle Filling Station", "ACCESSIBLE_FEATURES": "None", "HOURS": "None", "LOCATION_DETAILS": "Located east of the northeast baseball diamond along Chartwell Road.", "URL": "https://www.toronto.ca/explore-enjoy/parks-recreation/places-spaces/parks-and-recreation-facilities/location/?id=856", "ADDRESS": "100 Chartwell Rd  ", "PostedDate": "2026-06-16T08:30:59", "AssetName": "Norseman Heights Park Baseball Diamond Bottle Filling Station", "Reason": "None", "Comments": "None", "Status": "1" }, "geometry": { "type": "MultiPoint", "coordinates": [ [ -79.51484459, 43.63363418 ] ] } },
{ "type": "Feature", "properties": { "_id": 76, "ASSET_ID": 102079, "LOCATION": "Humbertown Park", "ALTERNATIVE_NAME": "Humbertown Park Bottle Filling Station", "TYPE": "Bottle Filling Station", "ACCESSIBLE_FEATURES": "None", "HOURS": "None", "LOCATION_DETAILS": "Located next to the playground.", "URL": "https://www.toronto.ca/explore-enjoy/parks-recreation/places-spaces/parks-and-recreation-facilities/location/?id=845", "ADDRESS": "7 Wimbleton Rd  ", "PostedDate": "2026-06-16T08:30:48", "AssetName": "Humbertown Park Bottle Filling Station", "Reason": "None", "Comments": "None", "Status": "1" }, "geometry": { "type": "MultiPoint", "coordinates": [ [ -79.52049846, 43.65766258 ] ] } },
{ "type": "Feature", "properties": { "_id": 77, "ASSET_ID": 2366, "LOCATION": "Denison Park", "ALTERNATIVE_NAME": "Denison Park Drinking Fountain", "TYPE": "Drinking Fountain", "ACCESSIBLE_FEATURES": "None", "HOURS": "None", "LOCATION_DETAILS": "Located on the pathway between the playground and the outdoor fitness equipment area.", "URL": "https://www.toronto.ca/explore-enjoy/parks-recreation/places-spaces/parks-and-recreation-facilities/location/?id=830", "ADDRESS": "108 Denison Rd  W ", "PostedDate": "2026-06-16T08:30:38", "AssetName": "Denison Park Drinking Fountain", "Reason": "None", "Comments": "None", "Status": "1" }, "geometry": { "type": "MultiPoint", "coordinates": [ [ -79.51153891, 43.69403468 ] ] } },
{ "type": "Feature", "properties": { "_id": 78, "ASSET_ID": 78696, "LOCATION": "Dixon Park", "ALTERNATIVE_NAME": "Dixon Park Bottle Filling Station", "TYPE": "Bottle Filling Station", "ACCESSIBLE_FEATURES": "None", "HOURS": "None", "LOCATION_DETAILS": "Located on the outside of the washroom building.", "URL": "https://www.toronto.ca/explore-enjoy/parks-recreation/places-spaces/parks-and-recreation-facilities/location/?id=811", "ADDRESS": "350 Dixon Rd  ", "PostedDate": "2026-06-16T08:30:17", "AssetName": "Dixon Park Bottle Filling Station", "Reason": "None", "Comments": "None", "Status": "1" }, "geometry": { "type": "MultiPoint", "coordinates": [ [ -79.55520883, 43.69647474 ] ] } },
{ "type": "Feature", "properties": { "_id": 79, "ASSET_ID": 102251, "LOCATION": "North Park", "ALTERNATIVE_NAME": "North Park Tennis Court Drinking Fountain", "TYPE": "Drinking Fountain", "ACCESSIBLE_FEATURES": "None", "HOURS": "None", "LOCATION_DETAILS": "Located north of the tennis courts.", "URL": "https://www.toronto.ca/explore-enjoy/parks-recreation/places-spaces/parks-and-recreation-facilities/location/?id=700", "ADDRESS": "587 Rustic Rd  ", "PostedDate": "2026-06-16T08:30:05", "AssetName": "North Park Tennis Court Drinking Fountain", "Reason": "Closed for the Season", "Comments": "Capital Project ", "Status": "0" }, "geometry": { "type": "MultiPoint", "coordinates": [ [ -79.4717254, 43.71848146 ] ] } },
{ "type": "Feature", "properties": { "_id": 80, "ASSET_ID": 2616, "LOCATION": "Smythe Park", "ALTERNATIVE_NAME": "Smythe Park Outdoor Pool Drinking Fountain", "TYPE": "Drinking Fountain", "ACCESSIBLE_FEATURES": "None", "HOURS": "View outdoor pool hours", "LOCATION_DETAILS": "Located south of the outdoor pool building.", "URL": "https://www.toronto.ca/explore-enjoy/parks-recreation/places-spaces/parks-and-recreation-facilities/location/?id=504", "ADDRESS": "61 Black Creek Blvd  ", "PostedDate": "2026-06-16T08:29:43", "AssetName": "Smythe Park Outdoor Pool Drinking Fountain", "Reason": "None", "Comments": "None", "Status": "1" }, "geometry": { "type": "MultiPoint", "coordinates": [ [ -79.49745529, 43.67457851 ] ] } },
{ "type": "Feature", "properties": { "_id": 81, "ASSET_ID": 2207, "LOCATION": "Keelesdale Park", "ALTERNATIVE_NAME": "Keelesdale Park Drinking Fountain", "TYPE": "Drinking Fountain", "ACCESSIBLE_FEATURES": "None", "HOURS": "None", "LOCATION_DETAILS": "Located west of the arena entrance.", "URL": "https://www.toronto.ca/explore-enjoy/parks-recreation/places-spaces/parks-and-recreation-facilities/location/?id=497", "ADDRESS": "95 Black Creek Dr  ", "PostedDate": "2026-06-16T08:21:56", "AssetName": "Keelesdale Park Drinking Fountain", "Reason": "None", "Comments": "None", "Status": "1" }, "geometry": { "type": "MultiPoint", "coordinates": [ [ -79.47917835, 43.68783896 ] ] } },
{ "type": "Feature", "properties": { "_id": 82, "ASSET_ID": 102190, "LOCATION": "Eglinton Flats", "ALTERNATIVE_NAME": "Eglinton Flats Southeast Sports Pavilion Drinking Fountain", "TYPE": "Drinking Fountain", "ACCESSIBLE_FEATURES": "None", "HOURS": "None", "LOCATION_DETAILS": "Located at the southeast sports pavillion.", "URL": "https://www.toronto.ca/explore-enjoy/parks-recreation/places-spaces/parks-and-recreation-facilities/location/?id=9", "ADDRESS": "101 Emmett Ave  ", "PostedDate": "2026-06-16T08:21:41", "AssetName": "Eglinton Flats Southeast Sports Pavilion Drinking Fountain", "Reason": "None", "Comments": "None", "Status": "1" }, "geometry": { "type": "MultiPoint", "coordinates": [ [ -79.49460481, 43.68423329 ] ] } },
{ "type": "Feature", "properties": { "_id": 83, "ASSET_ID": 2336, "LOCATION": "Eglinton Flats", "ALTERNATIVE_NAME": "Eglinton Flats Northwest Sports Pavillion Drinking Fountain", "TYPE": "Drinking Fountain", "ACCESSIBLE_FEATURES": "None", "HOURS": "None", "LOCATION_DETAILS": "Located on the grassy area at the east end of the pathway leading from the northwest sports pavilion.", "URL": "https://www.toronto.ca/explore-enjoy/parks-recreation/places-spaces/parks-and-recreation-facilities/location/?id=9", "ADDRESS": "101 Emmett Ave  ", "PostedDate": "2026-06-16T08:21:32", "AssetName": "Eglinton Flats Northwest Sports Pavillion Drinking Fountain", "Reason": "None", "Comments": "None", "Status": "1" }, "geometry": { "type": "MultiPoint", "coordinates": [ [ -79.50221405, 43.68582477 ] ] } },
{ "type": "Feature", "properties": { "_id": 84, "ASSET_ID": 2219, "LOCATION": "James Gardens", "ALTERNATIVE_NAME": "James Gardens Drinking Fountain", "TYPE": "Drinking Fountain", "ACCESSIBLE_FEATURES": "None", "HOURS": "None", "LOCATION_DETAILS": "Located on the west side of parking lot.", "URL": "https://www.toronto.ca/explore-enjoy/parks-recreation/places-spaces/parks-and-recreation-facilities/location/?id=3", "ADDRESS": "99 Edenbridge Dr  ", "PostedDate": "2026-06-16T08:21:24", "AssetName": "James Gardens Drinking Fountain", "Reason": "None", "Comments": "None", "Status": "1" }, "geometry": { "type": "MultiPoint", "coordinates": [ [ -79.51454792, 43.67140802 ] ] } },
{ "type": "Feature", "properties": { "_id": 85, "ASSET_ID": 102084, "LOCATION": "James Gardens", "ALTERNATIVE_NAME": "James Gardens Bottle Filling Station", "TYPE": "Bottle Filling Station", "ACCESSIBLE_FEATURES": "None", "HOURS": "None", "LOCATION_DETAILS": "Located on the washroom building, west of the parking lot.", "URL": "https://www.toronto.ca/explore-enjoy/parks-recreation/places-spaces/parks-and-recreation-facilities/location/?id=3", "ADDRESS": "99 Edenbridge Dr  ", "PostedDate": "2026-06-16T08:21:15", "AssetName": "James Gardens Bottle Filling Station", "Reason": "None", "Comments": "None", "Status": "1" }, "geometry": { "type": "MultiPoint", "coordinates": [ [ -79.51474334, 43.6715503 ] ] } },
{ "type": "Feature", "properties": { "_id": 86, "ASSET_ID": 74923, "LOCATION": "North Kipling Park", "ALTERNATIVE_NAME": "North Kipling Park Bottle Filling Station", "TYPE": "Bottle Filling Station", "ACCESSIBLE_FEATURES": "None", "HOURS": "None", "LOCATION_DETAILS": "Located outside of North Kipling Community Centre, close to the parking lot.", "URL": "https://www.toronto.ca/explore-enjoy/parks-recreation/places-spaces/parks-and-recreation-facilities/location/?id=1000", "ADDRESS": "2729 Kipling Ave  ", "PostedDate": "2026-06-15T13:27:30", "AssetName": "North Kipling Park Bottle Filling Station", "Reason": "Technical Issue", "Comments": "None", "Status": "0" }, "geometry": { "type": "MultiPoint", "coordinates": [ [ -79.58469684, 43.75171561 ] ] } },
{ "type": "Feature", "properties": { "_id": 87, "ASSET_ID": 2640, "LOCATION": "Scarboro Crescent Park", "ALTERNATIVE_NAME": "Scarboro Crescent Park Splash Pad Drinking Fountain", "TYPE": "Drinking Fountain", "ACCESSIBLE_FEATURES": "None", "HOURS": "None", "LOCATION_DETAILS": "Located north of the splash pad.", "URL": "https://www.toronto.ca/explore-enjoy/parks-recreation/places-spaces/parks-and-recreation-facilities/location/?id=1748", "ADDRESS": "61 Undercliff Dr  ", "PostedDate": "2026-06-15T10:50:32", "AssetName": "Scarboro Crescent Park Splash Pad Drinking Fountain", "Reason": "None", "Comments": "None", "Status": "1" }, "geometry": { "type": "MultiPoint", "coordinates": [ [ -79.24199339, 43.70520347 ] ] } },
{ "type": "Feature", "properties": { "_id": 88, "ASSET_ID": 75043, "LOCATION": "Rowntree Mills Park", "ALTERNATIVE_NAME": "Rowntree Mills Bottle Filling Station", "TYPE": "Bottle Filling Station", "ACCESSIBLE_FEATURES": "None", "HOURS": "9 a.m. to 10 p.m.", "LOCATION_DETAILS": "Located in the fieldhouse/washroom building.", "URL": "https://www.toronto.ca/explore-enjoy/parks-recreation/places-spaces/parks-and-recreation-facilities/location/?id=22", "ADDRESS": "155 Rowntree Mill Rd  ", "PostedDate": "2026-06-15T08:42:42", "AssetName": "Rowntree Mills Bottle Filling Station", "Reason": "None", "Comments": "None", "Status": "1" }, "geometry": { "type": "MultiPoint", "coordinates": [ [ -79.57796485, 43.75214566 ] ] } },
{ "type": "Feature", "properties": { "_id": 89, "ASSET_ID": 121932, "LOCATION": "Toronto Islands - Toronto Island Park", "ALTERNATIVE_NAME": "Toronto Islands - Toronto Island Park Water Tap", "TYPE": "Water Tap", "ACCESSIBLE_FEATURES": "None", "HOURS": "None", "LOCATION_DETAILS": "Located on the east side of the island on the north side of Avenue of the Islands pathway.", "URL": "https://www.toronto.ca/explore-enjoy/parks-recreation/places-spaces/parks-and-recreation-facilities/location/?id=2024", "ADDRESS": "9 Queens Quay  W", "PostedDate": "2026-06-14T12:06:51", "AssetName": "Toronto Islands - Toronto Island Park Water Tap", "Reason": "None", "Comments": "None", "Status": "1" }, "geometry": { "type": "MultiPoint", "coordinates": [ [ -79.37554984, 43.62061227 ] ] } },
{ "type": "Feature", "properties": { "_id": 90, "ASSET_ID": 121931, "LOCATION": "Toronto Islands - Olympic Island", "ALTERNATIVE_NAME": "Toronto Islands - Olympic Island Picnic Site 18 Water Tap", "TYPE": "Water Tap", "ACCESSIBLE_FEATURES": "None", "HOURS": "None", "LOCATION_DETAILS": "Located south of Picnic Site #18 Drinking Fountain.", "URL": "https://www.toronto.ca/explore-enjoy/parks-recreation/places-spaces/parks-and-recreation-facilities/location/?id=2543", "ADDRESS": "9 Queens Quay  W", "PostedDate": "2026-06-14T12:04:26", "AssetName": "Toronto Islands - Olympic Island Picnic Site 18 Water Tap", "Reason": "None", "Comments": "None", "Status": "1" }, "geometry": { "type": "MultiPoint", "coordinates": [ [ -79.37525398, 43.62258729 ] ] } },
{ "type": "Feature", "properties": { "_id": 91, "ASSET_ID": 18786, "LOCATION": "Toronto Islands - Centre Island", "ALTERNATIVE_NAME": "Toronto Islands - Centre Island West Fountain Drinking Fountain", "TYPE": "Drinking Fountain", "ACCESSIBLE_FEATURES": "None", "HOURS": "None", "LOCATION_DETAILS": "Located north of the west end ornamental fountains by the Pier.", "URL": "https://www.toronto.ca/explore-enjoy/parks-recreation/places-spaces/parks-and-recreation-facilities/location/?id=2725", "ADDRESS": "9 Queens Quay  W ", "PostedDate": "2026-06-14T11:57:49", "AssetName": "Toronto Islands - Centre Island West Fountain Drinking Fountain", "Reason": "None", "Comments": "None", "Status": "1" }, "geometry": { "type": "MultiPoint", "coordinates": [ [ -79.3732163, 43.61745654 ] ] } },
{ "type": "Feature", "properties": { "_id": 92, "ASSET_ID": 18789, "LOCATION": "Toronto Islands - Centre Island", "ALTERNATIVE_NAME": "Toronto Islands - Centre Island Picnic Site 30 Drinking Fountain", "TYPE": "Drinking Fountain", "ACCESSIBLE_FEATURES": "None", "HOURS": "None", "LOCATION_DETAILS": "Located on the south side of Picnic Site #30, southwest of the playground and splash pad.", "URL": "https://www.toronto.ca/explore-enjoy/parks-recreation/places-spaces/parks-and-recreation-facilities/location/?id=2725", "ADDRESS": "9 Queens Quay  W ", "PostedDate": "2026-06-14T11:56:44", "AssetName": "Toronto Islands - Centre Island Picnic Site 30 Drinking Fountain", "Reason": "None", "Comments": "None", "Status": "1" }, "geometry": { "type": "MultiPoint", "coordinates": [ [ -79.37470459, 43.61599478 ] ] } },
{ "type": "Feature", "properties": { "_id": 93, "ASSET_ID": 2538, "LOCATION": "Toronto Islands - Centre Island", "ALTERNATIVE_NAME": "Toronto Islands - Centre Island Maze Hedge Drinking Fountain", "TYPE": "Drinking Fountain", "ACCESSIBLE_FEATURES": "None", "HOURS": "None", "LOCATION_DETAILS": "Located west of the maze hedge, southeast corner of the snack/concession building.", "URL": "https://www.toronto.ca/explore-enjoy/parks-recreation/places-spaces/parks-and-recreation-facilities/location/?id=2725", "ADDRESS": "9 Queens Quay  W ", "PostedDate": "2026-06-14T11:55:20", "AssetName": "Toronto Islands - Centre Island Maze Hedge Drinking Fountain", "Reason": "None", "Comments": "None", "Status": "1" }, "geometry": { "type": "MultiPoint", "coordinates": [ [ -79.37547567, 43.61748763 ] ] } },
{ "type": "Feature", "properties": { "_id": 94, "ASSET_ID": 18747, "LOCATION": "Toronto Islands - Olympic Island", "ALTERNATIVE_NAME": "Toronto Islands - Olympic Island Lagoon Theatre Drinking Fountain", "TYPE": "Drinking Fountain", "ACCESSIBLE_FEATURES": "None", "HOURS": "None", "LOCATION_DETAILS": "Located northwest of the Olympic Island Park Lagoon Theatre on the north side of the pathway.", "URL": "https://www.toronto.ca/explore-enjoy/parks-recreation/places-spaces/parks-and-recreation-facilities/location/?id=2543", "ADDRESS": "9 Queens Quay  W ", "PostedDate": "2026-06-14T11:53:26", "AssetName": "Toronto Islands - Olympic Island Lagoon Theatre Drinking Fountain", "Reason": "None", "Comments": "None", "Status": "1" }, "geometry": { "type": "MultiPoint", "coordinates": [ [ -79.37657372, 43.62241575 ] ] } },
{ "type": "Feature", "properties": { "_id": 95, "ASSET_ID": 102137, "LOCATION": "Toronto Islands - Centre Island", "ALTERNATIVE_NAME": "Toronto Islands - Centre Island North Pier Snack Bar Drinking Water Station", "TYPE": "Bottle Filling Station, Drinking Fountain", "ACCESSIBLE_FEATURES": "None", "HOURS": "None", "LOCATION_DETAILS": "Located outside west of the Centre Island Park Pier Snack bar/Bike Rental building on the north side of the grassy area.", "URL": "https://www.toronto.ca/explore-enjoy/parks-recreation/places-spaces/parks-and-recreation-facilities/location/?id=2725", "ADDRESS": "9 Queens Quay  W ", "PostedDate": "2026-06-14T11:52:57", "AssetName": "Toronto Islands - Centre Island North Pier Snack Bar Drinking Water Station", "Reason": "None", "Comments": "None", "Status": "1" }, "geometry": { "type": "MultiPoint", "coordinates": [ [ -79.37236128, 43.61695598 ] ] } },
{ "type": "Feature", "properties": { "_id": 96, "ASSET_ID": 18783, "LOCATION": "Toronto Islands - Centre Island", "ALTERNATIVE_NAME": "Toronto Islands - Centre Island East Fountain Drinking Fountain", "TYPE": "Drinking Fountain", "ACCESSIBLE_FEATURES": "None", "HOURS": "None", "LOCATION_DETAILS": "Located north of the east end ornamental fountains by the Pier. ", "URL": "https://www.toronto.ca/explore-enjoy/parks-recreation/places-spaces/parks-and-recreation-facilities/location/?id=2725", "ADDRESS": "9 Queens Quay  W ", "PostedDate": "2026-06-14T11:51:36", "AssetName": "Toronto Islands - Centre Island East Fountain Drinking Fountain", "Reason": "None", "Comments": "None", "Status": "1" }, "geometry": { "type": "MultiPoint", "coordinates": [ [ -79.37265206, 43.61773014 ] ] } },
{ "type": "Feature", "properties": { "_id": 97, "ASSET_ID": 18787, "LOCATION": "Toronto Islands - Centre Island", "ALTERNATIVE_NAME": "Toronto Islands - Centre Island Drinking Fountain", "TYPE": "Drinking Fountain", "ACCESSIBLE_FEATURES": "None", "HOURS": "None", "LOCATION_DETAILS": "Located at the northwest corner of the washroom building.", "URL": "https://www.toronto.ca/explore-enjoy/parks-recreation/places-spaces/parks-and-recreation-facilities/location/?id=2725", "ADDRESS": "9 Queens Quay  W ", "PostedDate": "2026-06-14T11:48:57", "AssetName": "Toronto Islands - Centre Island Drinking Fountain", "Reason": "None", "Comments": "None", "Status": "1" }, "geometry": { "type": "MultiPoint", "coordinates": [ [ -79.37610853, 43.61774668 ] ] } },
{ "type": "Feature", "properties": { "_id": 98, "ASSET_ID": 18782, "LOCATION": "Toronto Islands - Centre Island", "ALTERNATIVE_NAME": "Toronto Islands - Centre Island Boathouse Drinking Fountain", "TYPE": "Drinking Fountain", "ACCESSIBLE_FEATURES": "None", "HOURS": "None", "LOCATION_DETAILS": "Located southwest of the boathouse on the south side of the pathway.", "URL": "https://www.toronto.ca/explore-enjoy/parks-recreation/places-spaces/parks-and-recreation-facilities/location/?id=2725", "ADDRESS": "9 Queens Quay  W ", "PostedDate": "2026-06-14T11:48:08", "AssetName": "Toronto Islands - Centre Island Boathouse Drinking Fountain", "Reason": "None", "Comments": "None", "Status": "1" }, "geometry": { "type": "MultiPoint", "coordinates": [ [ -79.37189327, 43.61823316 ] ] } },
{ "type": "Feature", "properties": { "_id": 99, "ASSET_ID": 2534, "LOCATION": "Toronto Islands - Centre Island", "ALTERNATIVE_NAME": "Toronto Islands - Centre Island Disc Golf Drinking Fountain", "TYPE": "Drinking Fountain", "ACCESSIBLE_FEATURES": "None", "HOURS": "None", "LOCATION_DETAILS": "Located south of disc golf basket 10 and 12.", "URL": "https://www.toronto.ca/explore-enjoy/parks-recreation/places-spaces/parks-and-recreation-facilities/location/?id=2725", "ADDRESS": "9 Queens Quay  W ", "PostedDate": "2026-06-14T11:47:33", "AssetName": "Toronto Islands - Centre Island Disc Golf Drinking Fountain", "Reason": "None", "Comments": "None", "Status": "1" }, "geometry": { "type": "MultiPoint", "coordinates": [ [ -79.36799108, 43.61896401 ] ] } },
{ "type": "Feature", "properties": { "_id": 100, "ASSET_ID": 2548, "LOCATION": "Toronto Islands - Toronto Island Park", "ALTERNATIVE_NAME": "Toronto Islands -  Toronto Island Park Concession Stand Drinking Fountain", "TYPE": "Drinking Fountain", "ACCESSIBLE_FEATURES": "None", "HOURS": "None", "LOCATION_DETAILS": "Located south of the snack/concession building near the Toronto-Centre Island ferry dock.", "URL": "https://www.toronto.ca/explore-enjoy/parks-recreation/places-spaces/parks-and-recreation-facilities/location/?id=2024", "ADDRESS": "9 Queens Quay  W ", "PostedDate": "2026-06-14T11:46:47", "AssetName": "Toronto Islands -  Toronto Island Park Concession Stand Drinking Fountain", "Reason": "None", "Comments": "None", "Status": "1" }, "geometry": { "type": "MultiPoint", "coordinates": [ [ -79.37903507, 43.62203812 ] ] } },
{ "type": "Feature", "properties": { "_id": 101, "ASSET_ID": 102018, "LOCATION": "Fairhaven Park", "ALTERNATIVE_NAME": "Fairhaven Park Drinking Water Station", "TYPE": "Bottle Filling Station, Drinking Fountain, Dog Fountain", "ACCESSIBLE_FEATURES": "None", "HOURS": "None", "LOCATION_DETAILS": "Located on the north side of the pathway east of the outdoor exercise equipment.", "URL": "https://www.toronto.ca/explore-enjoy/parks-recreation/places-spaces/parks-and-recreation-facilities/location/?id=1007", "ADDRESS": "100 Golfwood Hts  ", "PostedDate": "2026-06-12T09:05:35", "AssetName": "Fairhaven Park Drinking Water Station", "Reason": "None", "Comments": "None", "Status": "1" }, "geometry": { "type": "MultiPoint", "coordinates": [ [ -79.54657778, 43.7030391 ] ] } },
{ "type": "Feature", "properties": { "_id": 102, "ASSET_ID": 13256, "LOCATION": "Driftwood Park", "ALTERNATIVE_NAME": "Driftwood Park Playground Drinking Fountain", "TYPE": "Drinking Fountain", "ACCESSIBLE_FEATURES": "None", "HOURS": "None", "LOCATION_DETAILS": "Located in the centre of the park at the south end of the playground.", "URL": "https://www.toronto.ca/explore-enjoy/parks-recreation/places-spaces/parks-and-recreation-facilities/location/?id=1457", "ADDRESS": "44 Tobermory Dr  ", "PostedDate": "2026-06-09T08:22:50", "AssetName": "Driftwood Park Playground Drinking Fountain", "Reason": "Maintenance/Repairs", "Comments": "awaiting repairs.", "Status": "2" }, "geometry": { "type": "MultiPoint", "coordinates": [ [ -79.51283203, 43.762363 ] ] } },
{ "type": "Feature", "properties": { "_id": 103, "ASSET_ID": 2493, "LOCATION": "Apted Park", "ALTERNATIVE_NAME": "Apted Park Drinking Fountain", "TYPE": "Drinking Fountain", "ACCESSIBLE_FEATURES": "None", "HOURS": "None", "LOCATION_DETAILS": "Located on the grassy area between the baseball diamond and the playground.", "URL": "https://www.toronto.ca/explore-enjoy/parks-recreation/places-spaces/parks-and-recreation-facilities/location/?id=500", "ADDRESS": "50 Apted Ave  ", "PostedDate": "2026-06-09T08:04:57", "AssetName": "Apted Park Drinking Fountain", "Reason": "None", "Comments": "None", "Status": "1" }, "geometry": { "type": "MultiPoint", "coordinates": [ [ -79.57721948, 43.75535721 ] ] } },
{ "type": "Feature", "properties": { "_id": 104, "ASSET_ID": 102047, "LOCATION": "Vine Avenue Playground", "ALTERNATIVE_NAME": "Vine Avenue Playground Bottle Filling Station", "TYPE": "Bottle Filling Station", "ACCESSIBLE_FEATURES": "None", "HOURS": "None", "LOCATION_DETAILS": "Located on the southeast corner of the park, south of the playground.", "URL": "https://www.toronto.ca/explore-enjoy/parks-recreation/places-spaces/parks-and-recreation-facilities/location/?id=257", "ADDRESS": "200 Vine Ave  ", "PostedDate": "2026-06-09T07:56:55", "AssetName": "Vine Avenue Playground Bottle Filling Station", "Reason": "None", "Comments": "None", "Status": "1" }, "geometry": { "type": "MultiPoint", "coordinates": [ [ -79.47011374, 43.66673369 ] ] } },
{ "type": "Feature", "properties": { "_id": 105, "ASSET_ID": 75027, "LOCATION": "Wadsworth Park", "ALTERNATIVE_NAME": "Wadsworth Park Playground Drinking Water Station", "TYPE": "Bottle Filling Station, Drinking Fountain", "ACCESSIBLE_FEATURES": "None", "HOURS": "None", "LOCATION_DETAILS": "Located south of the playground.", "URL": "https://www.toronto.ca/explore-enjoy/parks-recreation/places-spaces/parks-and-recreation-facilities/location/?id=259", "ADDRESS": "120 Connolly St  ", "PostedDate": "2026-06-09T07:55:12", "AssetName": "Wadsworth Park Playground Drinking Water Station", "Reason": "Closed for the Season", "Comments": "Drinking fountain is constantly being filled with sand, cant stay open more then a day without being clogged. ", "Status": "0" }, "geometry": { "type": "MultiPoint", "coordinates": [ [ -79.457165, 43.67214293 ] ] } },
{ "type": "Feature", "properties": { "_id": 106, "ASSET_ID": 2355, "LOCATION": "Wadsworth Park", "ALTERNATIVE_NAME": "Wadsworth Park Wading Pool Drinking Fountain", "TYPE": "Drinking Fountain", "ACCESSIBLE_FEATURES": "None", "HOURS": "None", "LOCATION_DETAILS": "Located in the northeast corner of the wading pool.", "URL": "https://www.toronto.ca/explore-enjoy/parks-recreation/places-spaces/parks-and-recreation-facilities/location/?id=259", "ADDRESS": "120 Connolly St  ", "PostedDate": "2026-06-09T07:54:01", "AssetName": "Wadsworth Park Wading Pool Drinking Fountain", "Reason": "None", "Comments": "None", "Status": "1" }, "geometry": { "type": "MultiPoint", "coordinates": [ [ -79.4569021, 43.6724746 ] ] } },
{ "type": "Feature", "properties": { "_id": 107, "ASSET_ID": 102239, "LOCATION": "Runnymede Park", "ALTERNATIVE_NAME": "Runnymede Park Wading Pool Drinking Fountain", "TYPE": "Drinking Fountain", "ACCESSIBLE_FEATURES": "None", "HOURS": "None", "LOCATION_DETAILS": "Located north of the wading pool.", "URL": "https://www.toronto.ca/explore-enjoy/parks-recreation/places-spaces/parks-and-recreation-facilities/location/?id=235", "ADDRESS": "221 Ryding Ave  ", "PostedDate": "2026-06-09T07:53:51", "AssetName": "Runnymede Park Wading Pool Drinking Fountain", "Reason": "None", "Comments": "None", "Status": "1" }, "geometry": { "type": "MultiPoint", "coordinates": [ [ -79.47723848, 43.66908968 ] ] } },
{ "type": "Feature", "properties": { "_id": 108, "ASSET_ID": 2717, "LOCATION": "Oakcrest Parkette", "ALTERNATIVE_NAME": "Oakcrest Parkette Wading Pool Drinking Fountain", "TYPE": "Drinking Fountain", "ACCESSIBLE_FEATURES": "None", "HOURS": "None", "LOCATION_DETAILS": "Located next to the wading pool.", "URL": "https://www.toronto.ca/explore-enjoy/parks-recreation/places-spaces/parks-and-recreation-facilities/location/?id=236", "ADDRESS": "30 Oakcrest Ave  ", "PostedDate": "2026-06-04T08:11:58", "AssetName": "Oakcrest Parkette Wading Pool Drinking Fountain", "Reason": "None", "Comments": "None", "Status": "1" }, "geometry": { "type": "MultiPoint", "coordinates": [ [ -79.31127448, 43.68351223 ] ] } },
{ "type": "Feature", "properties": { "_id": 109, "ASSET_ID": 77374, "LOCATION": "Linkwood Lane Park", "ALTERNATIVE_NAME": "Linkwood Lane Park Bottle Filling Station", "TYPE": "Bottle Filling Station", "ACCESSIBLE_FEATURES": "None", "HOURS": "None", "LOCATION_DETAILS": "Located next to the playground.", "URL": "https://www.toronto.ca/explore-enjoy/parks-recreation/places-spaces/parks-and-recreation-facilities/location/?id=2443", "ADDRESS": "10 Linkwood Lane  ", "PostedDate": "2026-06-02T06:55:07", "AssetName": "Linkwood Lane Park Bottle Filling Station", "Reason": "None", "Comments": "None", "Status": "1" }, "geometry": { "type": "MultiPoint", "coordinates": [ [ -79.32449882, 43.71583938 ] ] } },
{ "type": "Feature", "properties": { "_id": 110, "ASSET_ID": 102042, "LOCATION": "Irving W. Chapley Park", "ALTERNATIVE_NAME": "Irving W. Chapley Park Drinking Water Station", "TYPE": "Bottle Filling Station, Drinking Fountain, Dog Fountain", "ACCESSIBLE_FEATURES": "None", "HOURS": "None", "LOCATION_DETAILS": "Located next to the parking lot, south of the baseball diamond.", "URL": "https://www.toronto.ca/explore-enjoy/parks-recreation/places-spaces/parks-and-recreation-facilities/location/?id=665", "ADDRESS": "205 Wilmington Ave  ", "PostedDate": "2026-06-01T13:37:48", "AssetName": "Irving W. Chapley Park Drinking Water Station", "Reason": "None", "Comments": "None", "Status": "1" }, "geometry": { "type": "MultiPoint", "coordinates": [ [ -79.45577818, 43.76191241 ] ] } },
{ "type": "Feature", "properties": { "_id": 111, "ASSET_ID": 2421, "LOCATION": "Chater Court Park", "ALTERNATIVE_NAME": "Chater Court Park Drinking Fountain", "TYPE": "Drinking Fountain", "ACCESSIBLE_FEATURES": "None", "HOURS": "None", "LOCATION_DETAILS": "Located on the pathway between Englemount Avenue and the playground.", "URL": "https://www.toronto.ca/explore-enjoy/parks-recreation/places-spaces/parks-and-recreation-facilities/location/?id=2207", "ADDRESS": "1 Chater Crt  ", "PostedDate": "2026-05-29T14:19:24", "AssetName": "Chater Court Park Drinking Fountain", "Reason": "None", "Comments": "None", "Status": "1" }, "geometry": { "type": "MultiPoint", "coordinates": [ [ -79.43670526, 43.71418817 ] ] } },
{ "type": "Feature", "properties": { "_id": 112, "ASSET_ID": 102149, "LOCATION": "Sandown Park", "ALTERNATIVE_NAME": "Sandown Park Splash Pad Bottle Filling Station", "TYPE": "Bottle Filling Station", "ACCESSIBLE_FEATURES": "None", "HOURS": "None", "LOCATION_DETAILS": "Located north of the splash pad along the pathway.", "URL": "https://www.toronto.ca/explore-enjoy/parks-recreation/places-spaces/parks-and-recreation-facilities/location/?id=741", "ADDRESS": "50 Natal Ave  ", "PostedDate": "2026-05-29T12:00:54", "AssetName": "Sandown Park Splash Pad Bottle Filling Station", "Reason": "None", "Comments": "None", "Status": "1" }, "geometry": { "type": "MultiPoint", "coordinates": [ [ -79.25343496, 43.7095329 ] ] } },
{ "type": "Feature", "properties": { "_id": 113, "ASSET_ID": 13277, "LOCATION": "Hullmar Park", "ALTERNATIVE_NAME": "Hullmar Park Drinking Fountain", "TYPE": "Drinking Fountain", "ACCESSIBLE_FEATURES": "None", "HOURS": "None", "LOCATION_DETAILS": "Located on the south side of the north pathway, north of the baseball diamond.", "URL": "https://www.toronto.ca/explore-enjoy/parks-recreation/places-spaces/parks-and-recreation-facilities/location/?id=663", "ADDRESS": "97 Hullmar Dr  ", "PostedDate": "2026-05-29T07:01:02", "AssetName": "Hullmar Park Drinking Fountain", "Reason": "None", "Comments": "None", "Status": "1" }, "geometry": { "type": "MultiPoint", "coordinates": [ [ -79.52583766, 43.76521343 ] ] } },
{ "type": "Feature", "properties": { "_id": 114, "ASSET_ID": 2290, "LOCATION": "Grandravine Park", "ALTERNATIVE_NAME": "Grandravine Park Drinking Fountain", "TYPE": "Drinking Fountain", "ACCESSIBLE_FEATURES": "None", "HOURS": "None", "LOCATION_DETAILS": "Loacted on the grassy area south of the baseball diamond.", "URL": "https://www.toronto.ca/explore-enjoy/parks-recreation/places-spaces/parks-and-recreation-facilities/location/?id=648", "ADDRESS": "23 Grandravine Dr  ", "PostedDate": "2026-05-29T06:59:13", "AssetName": "Grandravine Park Drinking Fountain", "Reason": "None", "Comments": "None", "Status": "1" }, "geometry": { "type": "MultiPoint", "coordinates": [ [ -79.49188984, 43.75114411 ] ] } },
{ "type": "Feature", "properties": { "_id": 115, "ASSET_ID": 102108, "LOCATION": "Sonya's Park", "ALTERNATIVE_NAME": "Sonya's Park Bottle Filling Station", "TYPE": "Bottle Filling Station", "ACCESSIBLE_FEATURES": "None", "HOURS": "None", "LOCATION_DETAILS": "Located along the pathway at the north end of the park.", "URL": "https://www.toronto.ca/explore-enjoy/parks-recreation/places-spaces/parks-and-recreation-facilities/location/?id=158", "ADDRESS": "63 Oxford St  ", "PostedDate": "2026-05-28T13:02:54", "AssetName": "Sonya's Park Bottle Filling Station", "Reason": "Closed for the Season", "Comments": "Park Closed", "Status": "0" }, "geometry": { "type": "MultiPoint", "coordinates": [ [ -79.40204848, 43.65604023 ] ] } },
{ "type": "Feature", "properties": { "_id": 116, "ASSET_ID": 2735, "LOCATION": "Moss Park", "ALTERNATIVE_NAME": "Moss Park Drinking Water Station", "TYPE": "Drinking Fountain, Dog Fountain", "ACCESSIBLE_FEATURES": "None", "HOURS": "None", "LOCATION_DETAILS": "Located between the tennis courts and the baseball diamond.", "URL": "https://www.toronto.ca/explore-enjoy/parks-recreation/places-spaces/parks-and-recreation-facilities/location/?id=177", "ADDRESS": "150 Sherbourne St  ", "PostedDate": "2026-05-28T13:00:14", "AssetName": "Moss Park Drinking Water Station", "Reason": "None", "Comments": "None", "Status": "1" }, "geometry": { "type": "MultiPoint", "coordinates": [ [ -79.37189907, 43.65521135 ] ] } },
{ "type": "Feature", "properties": { "_id": 117, "ASSET_ID": 78265, "LOCATION": "Monarch Park", "ALTERNATIVE_NAME": "Monarch Park Wading Pool Drinking Fountain", "TYPE": "Drinking Fountain", "ACCESSIBLE_FEATURES": "None", "HOURS": "View outdoor pool hours", "LOCATION_DETAILS": "Located on the pool deck west of the wading pool.", "URL": "https://www.toronto.ca/explore-enjoy/parks-recreation/places-spaces/parks-and-recreation-facilities/location/?id=145", "ADDRESS": "115 Felstead Ave  ", "PostedDate": "2026-05-28T12:58:55", "AssetName": "Monarch Park Wading Pool Drinking Fountain", "Reason": "None", "Comments": "None", "Status": "1" }, "geometry": { "type": "MultiPoint", "coordinates": [ [ -79.32620204, 43.67772284 ] ] } },
{ "type": "Feature", "properties": { "_id": 118, "ASSET_ID": 102085, "LOCATION": "Monarch Park", "ALTERNATIVE_NAME": "Monarch Park Outdoor Rink Bottle Filling Station", "TYPE": "Bottle Filling Station", "ACCESSIBLE_FEATURES": "None", "HOURS": "View facility hours", "LOCATION_DETAILS": "Located outside the outdoor pool/rink building close to the outdoor ice rink.", "URL": "https://www.toronto.ca/explore-enjoy/parks-recreation/places-spaces/parks-and-recreation-facilities/location/?id=145", "ADDRESS": "115 Felstead Ave  ", "PostedDate": "2026-05-28T12:58:48", "AssetName": "Monarch Park Outdoor Rink Bottle Filling Station", "Reason": "None", "Comments": "None", "Status": "1" }, "geometry": { "type": "MultiPoint", "coordinates": [ [ -79.32539894, 43.67732088 ] ] } },
{ "type": "Feature", "properties": { "_id": 119, "ASSET_ID": 102222, "LOCATION": "Monarch Park", "ALTERNATIVE_NAME": "Monarch Park Outdoor Pool West Drinking Fountain", "TYPE": "Drinking Fountain", "ACCESSIBLE_FEATURES": "None", "HOURS": "View outdoor pool hours", "LOCATION_DETAILS": "Located on the southwest side of the outdoor pool deck along the outdoor pool building.", "URL": "https://www.toronto.ca/explore-enjoy/parks-recreation/places-spaces/parks-and-recreation-facilities/location/?id=145", "ADDRESS": "115 Felstead Ave  ", "PostedDate": "2026-05-28T12:58:35", "AssetName": "Monarch Park Outdoor Pool West Drinking Fountain", "Reason": "None", "Comments": "None", "Status": "1" }, "geometry": { "type": "MultiPoint", "coordinates": [ [ -79.32592776, 43.67739661 ] ] } },
{ "type": "Feature", "properties": { "_id": 120, "ASSET_ID": 102223, "LOCATION": "Monarch Park", "ALTERNATIVE_NAME": "Monarch Park Outdoor Pool East Drinking Fountain", "TYPE": "Drinking Fountain", "ACCESSIBLE_FEATURES": "None", "HOURS": "View outdoor pool hours", "LOCATION_DETAILS": "Located on the southeast side of the outdoor pool deck along the outdoor pool building.", "URL": "https://www.toronto.ca/explore-enjoy/parks-recreation/places-spaces/parks-and-recreation-facilities/location/?id=145", "ADDRESS": "115 Felstead Ave  ", "PostedDate": "2026-05-28T12:58:26", "AssetName": "Monarch Park Outdoor Pool East Drinking Fountain", "Reason": "None", "Comments": "None", "Status": "1" }, "geometry": { "type": "MultiPoint", "coordinates": [ [ -79.32548892, 43.67749347 ] ] } },
{ "type": "Feature", "properties": { "_id": 121, "ASSET_ID": 77834, "LOCATION": "Monarch Park", "ALTERNATIVE_NAME": "Monarch Park Felstead Avenue Bottle Filling Station", "TYPE": "Bottle Filling Station", "ACCESSIBLE_FEATURES": "None", "HOURS": "None", "LOCATION_DETAILS": "Located along the sidewalk at the north end of the park along Felstead Avenue.", "URL": "https://www.toronto.ca/explore-enjoy/parks-recreation/places-spaces/parks-and-recreation-facilities/location/?id=145", "ADDRESS": "115 Felstead Ave  ", "PostedDate": "2026-05-28T12:58:19", "AssetName": "Monarch Park Felstead Avenue Bottle Filling Station", "Reason": "None", "Comments": "None", "Status": "1" }, "geometry": { "type": "MultiPoint", "coordinates": [ [ -79.32647416, 43.67883851 ] ] } },
{ "type": "Feature", "properties": { "_id": 122, "ASSET_ID": 102224, "LOCATION": "Monarch Park", "ALTERNATIVE_NAME": "Monarch Park Dog Off-Leash Area Drinking Water Station", "TYPE": "Drinking Fountain, Dog Fountain", "ACCESSIBLE_FEATURES": "None", "HOURS": "None", "LOCATION_DETAILS": "Located west of the dog off-leash area next to the outdoor pool/rink building.", "URL": "https://www.toronto.ca/explore-enjoy/parks-recreation/places-spaces/parks-and-recreation-facilities/location/?id=145", "ADDRESS": "115 Felstead Ave  ", "PostedDate": "2026-05-28T12:58:11", "AssetName": "Monarch Park Dog Off-Leash Area Drinking Water Station", "Reason": "None", "Comments": "None", "Status": "1" }, "geometry": { "type": "MultiPoint", "coordinates": [ [ -79.32529702, 43.67738703 ] ] } },
{ "type": "Feature", "properties": { "_id": 123, "ASSET_ID": 2129, "LOCATION": "McGill Parkette", "ALTERNATIVE_NAME": "McGill Parkette Drinking Fountain", "TYPE": "Drinking Fountain", "ACCESSIBLE_FEATURES": "None", "HOURS": "None", "LOCATION_DETAILS": "Located at the entrance to the parkette, along the sidewalk.", "URL": "https://www.toronto.ca/explore-enjoy/parks-recreation/places-spaces/parks-and-recreation-facilities/location/?id=62", "ADDRESS": "9 Mcgill St  ", "PostedDate": "2026-05-28T12:56:30", "AssetName": "McGill Parkette Drinking Fountain", "Reason": "Maintenance/Repairs", "Comments": "Curb Stop Repairs", "Status": "0" }, "geometry": { "type": "MultiPoint", "coordinates": [ [ -79.38169865, 43.65998152 ] ] } },
{ "type": "Feature", "properties": { "_id": 124, "ASSET_ID": 2291, "LOCATION": "Graham Park", "ALTERNATIVE_NAME": "Graham Park Drinking Fountain", "TYPE": "Drinking Fountain", "ACCESSIBLE_FEATURES": "None", "HOURS": "None", "LOCATION_DETAILS": "Located next to the pathway west of the playground.", "URL": "https://www.toronto.ca/explore-enjoy/parks-recreation/places-spaces/parks-and-recreation-facilities/location/?id=1950", "ADDRESS": "11 Atlas Ave  ", "PostedDate": "2026-05-28T12:54:49", "AssetName": "Graham Park Drinking Fountain", "Reason": "Maintenance/Repairs", "Comments": "DF repairs ongoing", "Status": "0" }, "geometry": { "type": "MultiPoint", "coordinates": [ [ -79.4303217, 43.68145716 ] ] } },
{ "type": "Feature", "properties": { "_id": 125, "ASSET_ID": 1002267, "LOCATION": "Gerrard - Carlaw Traffic Island", "ALTERNATIVE_NAME": "Gerrard - Carlaw Traffic Island Drinking Water Station", "TYPE": "Drinking Fountain, Dog Fountain", "ACCESSIBLE_FEATURES": "None", "HOURS": "None", "LOCATION_DETAILS": "Located at the corner of Gerrard Street East and Carlaw Avenue, next to the off-leash area near Boston Ave..", "URL": "https://www.toronto.ca/explore-enjoy/parks-recreation/places-spaces/parks-and-recreation-facilities/location/?id=50", "ADDRESS": "855 Gerrard St  E ", "PostedDate": "2026-05-28T12:53:48", "AssetName": "Gerrard - Carlaw Parkette Drinking Water Station", "Reason": "Under Construction", "Comments": "None", "Status": "0" }, "geometry": { "type": "MultiPoint", "coordinates": [ [ -79.34176913, 43.66761817 ] ] } },
{ "type": "Feature", "properties": { "_id": 126, "ASSET_ID": 2385, "LOCATION": "Courthouse Square Park", "ALTERNATIVE_NAME": "Courthouse Square Park Drinking Fountain", "TYPE": "Drinking Fountain", "ACCESSIBLE_FEATURES": "None", "HOURS": "None", "LOCATION_DETAILS": "Located on the pathway in the centre of the park.", "URL": "https://www.toronto.ca/explore-enjoy/parks-recreation/places-spaces/parks-and-recreation-facilities/location/?id=232", "ADDRESS": "10 Court St  ", "PostedDate": "2026-05-28T12:51:46", "AssetName": "Courthouse Square Park Drinking Fountain", "Reason": "Maintenance/Repairs", "Comments": "Service area under repair", "Status": "0" }, "geometry": { "type": "MultiPoint", "coordinates": [ [ -79.37535674, 43.65046784 ] ] } },
{ "type": "Feature", "properties": { "_id": 127, "ASSET_ID": 2402, "LOCATION": "Cloud Gardens", "ALTERNATIVE_NAME": "Cloud Gardens Bottle Filling Station", "TYPE": "Bottle Filling Station", "ACCESSIBLE_FEATURES": "None", "HOURS": "None", "LOCATION_DETAILS": "Located on the pathway near Richmond Street.", "URL": "https://www.toronto.ca/explore-enjoy/parks-recreation/places-spaces/parks-and-recreation-facilities/location/?id=368", "ADDRESS": "14 Temperance St  ", "PostedDate": "2026-05-28T12:48:02", "AssetName": "Cloud Gardens Bottle Filling Station", "Reason": "None", "Comments": "None", "Status": "1" }, "geometry": { "type": "MultiPoint", "coordinates": [ [ -79.37991913, 43.6513202 ] ] } },
{ "type": "Feature", "properties": { "_id": 128, "ASSET_ID": 2423, "LOCATION": "Charlotte Maher Park", "ALTERNATIVE_NAME": "Charlotte Maher Park Drinking Fountain", "TYPE": "Drinking Fountain", "ACCESSIBLE_FEATURES": "None", "HOURS": "None", "LOCATION_DETAILS": "Located on the pathway through the park close to Roehampton Avenue..", "URL": "https://www.toronto.ca/explore-enjoy/parks-recreation/places-spaces/parks-and-recreation-facilities/location/?id=207", "ADDRESS": "550 Roehampton Ave  ", "PostedDate": "2026-05-28T12:47:38", "AssetName": "Charlotte Maher Park Drinking Fountain", "Reason": "None", "Comments": "None", "Status": "1" }, "geometry": { "type": "MultiPoint", "coordinates": [ [ -79.38059164, 43.71162014 ] ] } },
{ "type": "Feature", "properties": { "_id": 129, "ASSET_ID": 2479, "LOCATION": "Beaty Avenue Parkette", "ALTERNATIVE_NAME": "Beaty Avenue Parkette Drinking Water Station", "TYPE": "Bottle Filling Station, Drinking Fountain", "ACCESSIBLE_FEATURES": "None", "HOURS": "None", "LOCATION_DETAILS": "Located on the grassy area near the playground.", "URL": "https://www.toronto.ca/explore-enjoy/parks-recreation/places-spaces/parks-and-recreation-facilities/location/?id=231", "ADDRESS": "66 Beaty Ave  ", "PostedDate": "2026-05-28T12:44:18", "AssetName": "Beaty Avenue Parkette Drinking Water Station", "Reason": "Maintenance/Repairs", "Comments": "Curb Stop Issue", "Status": "0" }, "geometry": { "type": "MultiPoint", "coordinates": [ [ -79.44088641, 43.63847954 ] ] } },
{ "type": "Feature", "properties": { "_id": 130, "ASSET_ID": 80185, "LOCATION": "Sunnybrook Park", "ALTERNATIVE_NAME": "Sunnybrook Park Dog Off-Leash Area Dog Fountain", "TYPE": "Dog Fountain", "ACCESSIBLE_FEATURES": "None", "HOURS": "None", "LOCATION_DETAILS": "Located in the center of the dog off-leash area.", "URL": "https://www.toronto.ca/explore-enjoy/parks-recreation/places-spaces/parks-and-recreation-facilities/location/?id=28", "ADDRESS": "1132 Leslie St  ", "PostedDate": "2026-05-28T12:16:06", "AssetName": "Sunnybrook Park Dog Off-Leash Area Dog Fountain", "Reason": "None", "Comments": "None", "Status": "1" }, "geometry": { "type": "MultiPoint", "coordinates": [ [ -79.36555598, 43.72207086 ] ] } },
{ "type": "Feature", "properties": { "_id": 131, "ASSET_ID": 103208, "LOCATION": "Sandover Park", "ALTERNATIVE_NAME": "Sandover Park Drinking Fountain", "TYPE": "Drinking Fountain", "ACCESSIBLE_FEATURES": "None", "HOURS": "None", "LOCATION_DETAILS": "Located east of the playground along the pathway.", "URL": "https://www.toronto.ca/explore-enjoy/parks-recreation/places-spaces/parks-and-recreation-facilities/location/?id=2584", "ADDRESS": "10 Sandover Dr", "PostedDate": "2026-05-28T12:05:11", "AssetName": "Sandover Park Drinking Fountain", "Reason": "None", "Comments": "None", "Status": "1" }, "geometry": { "type": "MultiPoint", "coordinates": [ [ -79.33434741, 43.7609969 ] ] } },
{ "type": "Feature", "properties": { "_id": 132, "ASSET_ID": 989056, "LOCATION": "Biidaasige Park", "ALTERNATIVE_NAME": "Biidaasige Park East Picnic Terrace Drinking Water Station", "TYPE": "Bottle Filling Station, Drinking Fountain, Dog Fountain", "ACCESSIBLE_FEATURES": "None", "HOURS": "None", "LOCATION_DETAILS": "Located at the west end of the picnic terrace.", "URL": "https://www.toronto.ca/explore-enjoy/parks-recreation/places-spaces/beaches-gardens-attractions/biidaasige-park/", "ADDRESS": "51 Commissioners St", "PostedDate": "2026-05-28T11:51:16", "AssetName": "Biidaasige Park East Picnic Terrace Drinking Water Station", "Reason": "Maintenance/Repairs", "Comments": "Curb Stop Repair", "Status": "0" }, "geometry": { "type": "MultiPoint", "coordinates": [ [ -79.34716255, 43.64681289 ] ] } },
{ "type": "Feature", "properties": { "_id": 133, "ASSET_ID": 989056, "LOCATION": "Biidaasige Park", "ALTERNATIVE_NAME": "Biidaasige Park South River Lawn Drinking Water Station", "TYPE": "Bottle Filling Station, Drinking Fountain", "ACCESSIBLE_FEATURES": "None", "HOURS": "None", "LOCATION_DETAILS": "None", "URL": "https://www.toronto.ca/explore-enjoy/parks-recreation/places-spaces/beaches-gardens-attractions/biidaasige-park/", "ADDRESS": "51 Commissioners St", "PostedDate": "2026-05-28T11:51:16", "AssetName": "Biidaasige Park East Picnic Terrace Drinking Water Station", "Reason": "Maintenance/Repairs", "Comments": "Curb Stop Repair", "Status": "0" }, "geometry": { "type": "MultiPoint", "coordinates": [ [ -79.34818984, 43.64498456 ] ] } },
{ "type": "Feature", "properties": { "_id": 134, "ASSET_ID": 989016, "LOCATION": "Biidaasige Park", "ALTERNATIVE_NAME": "Biidaasige Park East Dog Off-Leash Area Drinking Water Station", "TYPE": "Bottle Filling Station, Drinking Fountain, Dog Fountain", "ACCESSIBLE_FEATURES": "None", "HOURS": "None", "LOCATION_DETAILS": "Located in the east dog off-leash area.", "URL": "https://www.toronto.ca/explore-enjoy/parks-recreation/places-spaces/beaches-gardens-attractions/biidaasige-park/", "ADDRESS": "51 Commissioners St", "PostedDate": "2026-05-28T11:48:43", "AssetName": "Biidaasige Park East Dog Off-Leash Area Drinking Water Station", "Reason": "None", "Comments": "None", "Status": "1" }, "geometry": { "type": "MultiPoint", "coordinates": [ [ -79.34963823, 43.6460443 ] ] } },
{ "type": "Feature", "properties": { "_id": 135, "ASSET_ID": 989055, "LOCATION": "Biidaasige Park", "ALTERNATIVE_NAME": "Biidaasige Park Reaching Racoon Drinking Water Station", "TYPE": "Bottle Filling Station, Drinking Fountain", "ACCESSIBLE_FEATURES": "None", "HOURS": "None", "LOCATION_DETAILS": "Located on the pathway north of the Reaching Racoon", "URL": "https://www.toronto.ca/explore-enjoy/parks-recreation/places-spaces/beaches-gardens-attractions/biidaasige-park/", "ADDRESS": "51 Commissioners St", "PostedDate": "2026-05-28T11:47:01", "AssetName": "Biidaasige Park Reaching Racoon Drinking Water Station", "Reason": "None", "Comments": "None", "Status": "1" }, "geometry": { "type": "MultiPoint", "coordinates": [ [ -79.34886307, 43.64655669 ] ] } },
{ "type": "Feature", "properties": { "_id": 136, "ASSET_ID": 989015, "LOCATION": "Biidaasige Park", "ALTERNATIVE_NAME": "Biidaasige Park West Dog Off-Leash Area Drinking Water Station", "TYPE": "Bottle Filling Station, Drinking Fountain, Dog Fountain", "ACCESSIBLE_FEATURES": "None", "HOURS": "None", "LOCATION_DETAILS": "Located in the west dog off-leash area.", "URL": "https://www.toronto.ca/explore-enjoy/parks-recreation/places-spaces/beaches-gardens-attractions/biidaasige-park/", "ADDRESS": "51 Commissioners St", "PostedDate": "2026-05-28T11:46:28", "AssetName": "Biidaasige Park West Dog Off-Leash Area Drinking Water Station", "Reason": "None", "Comments": "None", "Status": "1" }, "geometry": { "type": "MultiPoint", "coordinates": [ [ -79.35186983, 43.64521359 ] ] } },
{ "type": "Feature", "properties": { "_id": 137, "ASSET_ID": 989053, "LOCATION": "Biidaasige Park", "ALTERNATIVE_NAME": "Biidaasige Park Badlands Drinking Water Station", "TYPE": "Bottle Filling Station, Drinking Fountain", "ACCESSIBLE_FEATURES": "None", "HOURS": "None", "LOCATION_DETAILS": "Located at the west entrance to the Badlands play area.", "URL": "https://www.toronto.ca/explore-enjoy/parks-recreation/places-spaces/beaches-gardens-attractions/biidaasige-park/", "ADDRESS": "51 Commissioners St", "PostedDate": "2026-05-28T11:45:34", "AssetName": "Biidaasige Park Badlands Drinking Water Station", "Reason": "None", "Comments": "None", "Status": "1" }, "geometry": { "type": "MultiPoint", "coordinates": [ [ -79.35056963, 43.64534654 ] ] } },
{ "type": "Feature", "properties": { "_id": 138, "ASSET_ID": 2327, "LOCATION": "ETOBICOKE VALLEY PARK", "ALTERNATIVE_NAME": "Etobicoke Valley Park Baseball Diamond Drinking Fountain", "TYPE": "Drinking Fountain", "ACCESSIBLE_FEATURES": "None", "HOURS": "None", "LOCATION_DETAILS": "Located at the north end of the park near the washroom building.", "URL": "https://www.toronto.ca/explore-enjoy/parks-recreation/places-spaces/parks-and-recreation-facilities/location/?id=842", "ADDRESS": "90 Lothian Ave  ", "PostedDate": "2026-05-28T07:31:08", "AssetName": "Etobicoke Valley Park Baseball Diamond Drinking Fountain", "Reason": "None", "Comments": "None", "Status": "1" }, "geometry": { "type": "MultiPoint", "coordinates": [ [ -79.55691669, 43.60429087 ] ] } },
{ "type": "Feature", "properties": { "_id": 139, "ASSET_ID": 18683, "LOCATION": "Jean Augustine Park", "ALTERNATIVE_NAME": "Jean Augustine Park Drinking Fountain", "TYPE": "Drinking Fountain", "ACCESSIBLE_FEATURES": "None", "HOURS": "None", "LOCATION_DETAILS": "Located in the centre of the park, west of the pathway intersection.", "URL": "https://www.toronto.ca/explore-enjoy/parks-recreation/places-spaces/parks-and-recreation-facilities/location/?id=2077", "ADDRESS": "2115 Lake Shore Blvd  W ", "PostedDate": "2026-05-28T07:26:27", "AssetName": "Jean Augustine Park Drinking Fountain", "Reason": "None", "Comments": "None", "Status": "1" }, "geometry": { "type": "MultiPoint", "coordinates": [ [ -79.477683, 43.6282224 ] ] } },
{ "type": "Feature", "properties": { "_id": 140, "ASSET_ID": 77116, "LOCATION": "Prince of Wales Park", "ALTERNATIVE_NAME": "Prince of Wales Splash Pad Drinking Fountain ", "TYPE": "Drinking Fountain", "ACCESSIBLE_FEATURES": "None", "HOURS": "None", "LOCATION_DETAILS": "Located next to the splash pad.", "URL": "https://www.toronto.ca/explore-enjoy/parks-recreation/places-spaces/parks-and-recreation-facilities/location/?id=924", "ADDRESS": "1 Third St  ", "PostedDate": "2026-05-28T07:26:05", "AssetName": "Prince of Wales Splash Pad Drinking Fountain ", "Reason": "None", "Comments": "None", "Status": "1" }, "geometry": { "type": "MultiPoint", "coordinates": [ [ -79.49903786, 43.59998746 ] ] } },
{ "type": "Feature", "properties": { "_id": 141, "ASSET_ID": 2697, "LOCATION": "Plunkett Park", "ALTERNATIVE_NAME": "Plunkett Park Playground Drinking Fountain", "TYPE": "Drinking Fountain", "ACCESSIBLE_FEATURES": "None", "HOURS": "None", "LOCATION_DETAILS": "Located south of the playground.", "URL": "https://www.toronto.ca/explore-enjoy/parks-recreation/places-spaces/parks-and-recreation-facilities/location/?id=734", "ADDRESS": "188 Plunkett Rd  ", "PostedDate": "2026-05-27T11:18:45", "AssetName": "Plunkett Park Playground Drinking Fountain", "Reason": "None", "Comments": "None", "Status": "1" }, "geometry": { "type": "MultiPoint", "coordinates": [ [ -79.57132801, 43.76265696 ] ] } },
{ "type": "Feature", "properties": { "_id": 142, "ASSET_ID": 102015, "LOCATION": "Major Abbas Ali Park", "ALTERNATIVE_NAME": "Major Abbas Ali Park Bottle Filling Station", "TYPE": "Bottle Filling Station", "ACCESSIBLE_FEATURES": "None", "HOURS": "None", "LOCATION_DETAILS": "Located east of the tennis courts along the pathway.", "URL": "https://www.toronto.ca/explore-enjoy/parks-recreation/places-spaces/parks-and-recreation-facilities/location/?id=708", "ADDRESS": "180 Mclevin Ave  ", "PostedDate": "2026-05-26T13:55:06", "AssetName": "Major Abbas Ali Park Bottle Filling Station", "Reason": "None", "Comments": "None", "Status": "1" }, "geometry": { "type": "MultiPoint", "coordinates": [ [ -79.23124211, 43.80372229 ] ] } },
{ "type": "Feature", "properties": { "_id": 143, "ASSET_ID": 102219, "LOCATION": "Malvern Park", "ALTERNATIVE_NAME": "Malvern Park Baseball Diamond Drinking Fountain", "TYPE": "Drinking Fountain", "ACCESSIBLE_FEATURES": "None", "HOURS": "None", "LOCATION_DETAILS": "Located east of the baseball diamond along the parking lot.", "URL": "https://www.toronto.ca/explore-enjoy/parks-recreation/places-spaces/parks-and-recreation-facilities/location/?id=2593", "ADDRESS": "36 Sewells Rd  ", "PostedDate": "2026-05-26T13:54:26", "AssetName": "Malvern Park Baseball Diamond Drinking Fountain", "Reason": "None", "Comments": "None", "Status": "1" }, "geometry": { "type": "MultiPoint", "coordinates": [ [ -79.21674378, 43.80986275 ] ] } },
{ "type": "Feature", "properties": { "_id": 144, "ASSET_ID": 18696, "LOCATION": "BOTANY HILL PARK", "ALTERNATIVE_NAME": "Botany Hill Park Drinking Fountain", "TYPE": "Drinking Fountain", "ACCESSIBLE_FEATURES": "None", "HOURS": "None", "LOCATION_DETAILS": "Located on the pathway south of the tennis court entrance.", "URL": "https://www.toronto.ca/explore-enjoy/parks-recreation/places-spaces/parks-and-recreation-facilities/location/?id=560", "ADDRESS": "277 Orton Park Rd", "PostedDate": "2026-05-26T13:51:55", "AssetName": "Botany Hill Park Drinking Fountain", "Reason": "None", "Comments": "None", "Status": "1" }, "geometry": { "type": "MultiPoint", "coordinates": [ [ -79.21088982, 43.77759771 ] ] } },
{ "type": "Feature", "properties": { "_id": 145, "ASSET_ID": 41113, "LOCATION": "Thomson Memorial Park", "ALTERNATIVE_NAME": "Thomson Memorial Park North Washroom Bottle Filling Station", "TYPE": "Bottle Filling Station", "ACCESSIBLE_FEATURES": "None", "HOURS": "None", "LOCATION_DETAILS": "Located outside the north washroom building of the park. ", "URL": "https://www.toronto.ca/explore-enjoy/parks-recreation/places-spaces/parks-and-recreation-facilities/location/?id=543", "ADDRESS": "1005 Brimley Rd  ", "PostedDate": "2026-05-26T13:48:58", "AssetName": "Thomson Memorial Park North Washroom Bottle Filling Station", "Reason": "None", "Comments": "None", "Status": "1" }, "geometry": { "type": "MultiPoint", "coordinates": [ [ -79.25506818, 43.759043 ] ] } },
{ "type": "Feature", "properties": { "_id": 146, "ASSET_ID": 102275, "LOCATION": "Warden Woods Park", "ALTERNATIVE_NAME": "Warden Woods Park Dog Off-Leash Area Dog Fountain", "TYPE": "Dog Fountain", "ACCESSIBLE_FEATURES": "None", "HOURS": "None", "LOCATION_DETAILS": "Located inside the dog off-leash area.", "URL": "https://www.toronto.ca/explore-enjoy/parks-recreation/places-spaces/parks-and-recreation-facilities/location/?id=441", "ADDRESS": "125 Pharmacy Ave  ", "PostedDate": "2026-05-26T13:37:09", "AssetName": "Warden Woods Park Dog Off-Leash Area Dog Fountain", "Reason": "None", "Comments": "None", "Status": "1" }, "geometry": { "type": "MultiPoint", "coordinates": [ [ -79.28431525, 43.6982269 ] ] } },
{ "type": "Feature", "properties": { "_id": 147, "ASSET_ID": 102279, "LOCATION": "Terraview Park", "ALTERNATIVE_NAME": "Terraview Park Playground Drinking Fountain", "TYPE": "Drinking Fountain", "ACCESSIBLE_FEATURES": "None", "HOURS": "None", "LOCATION_DETAILS": "Located south of the playground on the east side of the pathway.", "URL": "https://www.toronto.ca/explore-enjoy/parks-recreation/places-spaces/parks-and-recreation-facilities/location/?id=626", "ADDRESS": "1625 Pharmacy Ave  ", "PostedDate": "2026-05-26T13:36:20", "AssetName": "Terraview Park Playground Drinking Fountain", "Reason": "None", "Comments": "None", "Status": "1" }, "geometry": { "type": "MultiPoint", "coordinates": [ [ -79.3112358, 43.76599334 ] ] } },
{ "type": "Feature", "properties": { "_id": 148, "ASSET_ID": 2195, "LOCATION": "L'Amoreaux North Park", "ALTERNATIVE_NAME": "L'Amoreaux North Park Baseball Diamond Drinking Fountain", "TYPE": "Drinking Fountain", "ACCESSIBLE_FEATURES": "None", "HOURS": "None", "LOCATION_DETAILS": "Located to the east of the baseball diamond.", "URL": "https://www.toronto.ca/explore-enjoy/parks-recreation/places-spaces/parks-and-recreation-facilities/location/?id=2472", "ADDRESS": "1900 Mcnicoll Ave  ", "PostedDate": "2026-05-26T13:35:24", "AssetName": "L'Amoreaux North Park Baseball Diamond Drinking Fountain", "Reason": "None", "Comments": "None", "Status": "1" }, "geometry": { "type": "MultiPoint", "coordinates": [ [ -79.30435287, 43.81368175 ] ] } },
{ "type": "Feature", "properties": { "_id": 149, "ASSET_ID": 102138, "LOCATION": "Madelaine Park", "ALTERNATIVE_NAME": "Madelaine Park Bottle Filling Station", "TYPE": "Bottle Filling Station", "ACCESSIBLE_FEATURES": "None", "HOURS": "None", "LOCATION_DETAILS": "Located next to the outdoor fitness equipment, south of the playground.", "URL": "https://www.toronto.ca/explore-enjoy/parks-recreation/places-spaces/parks-and-recreation-facilities/location/?id=978", "ADDRESS": "20 Madelaine Ave  ", "PostedDate": "2026-05-26T13:34:31", "AssetName": "Madelaine Park Bottle Filling Station", "Reason": "None", "Comments": "None", "Status": "1" }, "geometry": { "type": "MultiPoint", "coordinates": [ [ -79.28538918, 43.69262737 ] ] } },
{ "type": "Feature", "properties": { "_id": 150, "ASSET_ID": 2638, "LOCATION": "Scarden Park", "ALTERNATIVE_NAME": "Scarden Park Playground Drinking Fountain", "TYPE": "Drinking Fountain", "ACCESSIBLE_FEATURES": "None", "HOURS": "None", "LOCATION_DETAILS": "Located west of the playground along Warden Avenue.", "URL": "https://www.toronto.ca/explore-enjoy/parks-recreation/places-spaces/parks-and-recreation-facilities/location/?id=794", "ADDRESS": "1649 Warden Ave  ", "PostedDate": "2026-05-26T13:34:00", "AssetName": "Scarden Park Playground Drinking Fountain", "Reason": "None", "Comments": "None", "Status": "1" }, "geometry": { "type": "MultiPoint", "coordinates": [ [ -79.30556955, 43.77452585 ] ] } },
{ "type": "Feature", "properties": { "_id": 151, "ASSET_ID": 102153, "LOCATION": "GECo Park", "ALTERNATIVE_NAME": "GECo Park Bottle Filling Station", "TYPE": "Bottle Filling Station", "ACCESSIBLE_FEATURES": "None", "HOURS": "None", "LOCATION_DETAILS": "Located at the west end of the playground.", "URL": "https://www.toronto.ca/explore-enjoy/parks-recreation/places-spaces/parks-and-recreation-facilities/location/?id=3671", "ADDRESS": "100 Cleanside Rd   ", "PostedDate": "2026-05-26T13:33:05", "AssetName": "GECo Park Bottle Filling Station", "Reason": "None", "Comments": "None", "Status": "1" }, "geometry": { "type": "MultiPoint", "coordinates": [ [ -79.27934048, 43.71808272 ] ] } },
{ "type": "Feature", "properties": { "_id": 152, "ASSET_ID": 2136, "LOCATION": "Maryvale Park", "ALTERNATIVE_NAME": "Maryvale Park Tennis Court Drinking Fountain", "TYPE": "Drinking Fountain", "ACCESSIBLE_FEATURES": "None", "HOURS": "None", "LOCATION_DETAILS": "Located at the entrance to the tennis courts.", "URL": "https://www.toronto.ca/explore-enjoy/parks-recreation/places-spaces/parks-and-recreation-facilities/location/?id=704", "ADDRESS": "5 Trestleside Grv  ", "PostedDate": "2026-05-26T11:47:41", "AssetName": "Maryvale Park Tennis Court Drinking Fountain", "Reason": "None", "Comments": "None", "Status": "1" }, "geometry": { "type": "MultiPoint", "coordinates": [ [ -79.30621612, 43.75386222 ] ] } },
{ "type": "Feature", "properties": { "_id": 153, "ASSET_ID": 78214, "LOCATION": "Lochleven Park", "ALTERNATIVE_NAME": "Lochleven Park Playground Drinking Fountain", "TYPE": "Drinking Fountain", "ACCESSIBLE_FEATURES": "None", "HOURS": "None", "LOCATION_DETAILS": "Located south of the playground.", "URL": "https://www.toronto.ca/explore-enjoy/parks-recreation/places-spaces/parks-and-recreation-facilities/location/?id=614", "ADDRESS": "50 Lochleven Dr  ", "PostedDate": "2026-05-26T11:21:00", "AssetName": "Lochleven Park Playground Drinking Fountain", "Reason": "None", "Comments": "None", "Status": "1" }, "geometry": { "type": "MultiPoint", "coordinates": [ [ -79.22134148, 43.73936922 ] ] } },
{ "type": "Feature", "properties": { "_id": 154, "ASSET_ID": 95210, "LOCATION": "Joshua Glover Park", "ALTERNATIVE_NAME": "Joshua Glover Park Drinking Water Station", "TYPE": "Bottle Filling Station, Drinking Fountain, Dog Fountain", "ACCESSIBLE_FEATURES": "None", "HOURS": "None", "LOCATION_DETAILS": "On the pathway next to playground.", "URL": "https://www.toronto.ca/explore-enjoy/parks-recreation/places-spaces/parks-and-recreation-facilities/location/?id=3730", "ADDRESS": "25 Ackley Hts", "PostedDate": "2026-05-26T09:09:10", "AssetName": "Joshua Glover Park Drinking Water Station", "Reason": "None", "Comments": "None", "Status": "1" }, "geometry": { "type": "MultiPoint", "coordinates": [ [ -79.51308131, 43.66062041 ] ] } },
{ "type": "Feature", "properties": { "_id": 155, "ASSET_ID": 102250, "LOCATION": "QUEEN'S GREENBELT", "ALTERNATIVE_NAME": "Queen's Greenbelt Drinking Fountain", "TYPE": "Drinking Fountain", "ACCESSIBLE_FEATURES": "None", "HOURS": "None", "LOCATION_DETAILS": "Located at the entrance of the park off of Queen's Drive.", "URL": "https://www.toronto.ca/explore-enjoy/parks-recreation/places-spaces/parks-and-recreation-facilities/location/?id=736", "ADDRESS": "600 Queen's Dr", "PostedDate": "2026-05-26T08:46:18", "AssetName": "Queen's Greenbelt Drinking Fountain", "Reason": "None", "Comments": "None", "Status": "1" }, "geometry": { "type": "MultiPoint", "coordinates": [ [ -79.48729947, 43.7114162 ] ] } },
{ "type": "Feature", "properties": { "_id": 156, "ASSET_ID": 102172, "LOCATION": "Primrose Avenue Parkette", "ALTERNATIVE_NAME": "Primrose Avenue Parkette Wading Pool Drinking Fountain", "TYPE": "Drinking Fountain", "ACCESSIBLE_FEATURES": "None", "HOURS": "None", "LOCATION_DETAILS": "Located east of the wading pool.", "URL": "https://www.toronto.ca/explore-enjoy/parks-recreation/places-spaces/parks-and-recreation-facilities/location/?id=315", "ADDRESS": "120 Primrose Ave  ", "PostedDate": "2026-05-26T08:42:27", "AssetName": "Primrose Avenue Parkette Wading Pool Drinking Fountain", "Reason": "None", "Comments": "None", "Status": "1" }, "geometry": { "type": "MultiPoint", "coordinates": [ [ -79.44608421, 43.67154667 ] ] } },
{ "type": "Feature", "properties": { "_id": 157, "ASSET_ID": 2286, "LOCATION": "Gulliver Park", "ALTERNATIVE_NAME": "Gulliver Park Drinking Fountain", "TYPE": "Drinking Fountain", "ACCESSIBLE_FEATURES": "None", "HOURS": "None", "LOCATION_DETAILS": "Located north of the baseball diamond.", "URL": "https://www.toronto.ca/explore-enjoy/parks-recreation/places-spaces/parks-and-recreation-facilities/location/?id=1466", "ADDRESS": "59 Hearst Cir  ", "PostedDate": "2026-05-26T08:36:04", "AssetName": "Gulliver Park Drinking Fountain", "Reason": "None", "Comments": "None", "Status": "1" }, "geometry": { "type": "MultiPoint", "coordinates": [ [ -79.47950169, 43.69865135 ] ] } },
{ "type": "Feature", "properties": { "_id": 158, "ASSET_ID": 102101, "LOCATION": "Woolner Park", "ALTERNATIVE_NAME": "Woolner Park Basketball Court Drinking Water Station", "TYPE": "Bottle Filling Station, Drinking Fountain", "ACCESSIBLE_FEATURES": "None", "HOURS": "None", "LOCATION_DETAILS": "Located along  the pathway southeast of the basketball courts.", "URL": "https://www.toronto.ca/explore-enjoy/parks-recreation/places-spaces/parks-and-recreation-facilities/location/?id=1448", "ADDRESS": "735 Jane St  ", "PostedDate": "2026-05-26T08:34:31", "AssetName": "Woolner Park Basketball Court Drinking Water Station", "Reason": "None", "Comments": "None", "Status": "1" }, "geometry": { "type": "MultiPoint", "coordinates": [ [ -79.49267374, 43.67098338 ] ] } },
{ "type": "Feature", "properties": { "_id": 159, "ASSET_ID": 13253, "LOCATION": "Cummer Park", "ALTERNATIVE_NAME": "Cummer Park Baseball Diamond Drinking Fountain", "TYPE": "Drinking Fountain", "ACCESSIBLE_FEATURES": "None", "HOURS": "None", "LOCATION_DETAILS": "Located on the pathway between the baseball diamond and the Community Centre.", "URL": "https://www.toronto.ca/explore-enjoy/parks-recreation/places-spaces/parks-and-recreation-facilities/location/?id=941", "ADDRESS": "823 Cummer Ave  ", "PostedDate": "2026-05-26T08:04:47", "AssetName": "Cummer Park Baseball Diamond Drinking Fountain", "Reason": "None", "Comments": "None", "Status": "1" }, "geometry": { "type": "MultiPoint", "coordinates": [ [ -79.37219417, 43.79953786 ] ] } },
{ "type": "Feature", "properties": { "_id": 160, "ASSET_ID": 989133, "LOCATION": "Parkway Forest Park", "ALTERNATIVE_NAME": "Parkway Forest Park South Playground Bottle Filling Station", "TYPE": "Bottle Filling Station", "ACCESSIBLE_FEATURES": "None", "HOURS": "None", "LOCATION_DETAILS": "Located on the pathway near the south playground.", "URL": "https://www.toronto.ca/explore-enjoy/parks-recreation/places-spaces/parks-and-recreation-facilities/location/?id=718", "ADDRESS": "80 Parkway Forest Dr", "PostedDate": "2026-05-26T08:04:28", "AssetName": "Parkway Forest Park South Playground Bottle Filling Station", "Reason": "None", "Comments": "None", "Status": "1" }, "geometry": { "type": "MultiPoint", "coordinates": [ [ -79.34208916, 43.76982287 ] ] } },
{ "type": "Feature", "properties": { "_id": 161, "ASSET_ID": 989134, "LOCATION": "Parkway Forest Park", "ALTERNATIVE_NAME": "Parkway Forest Park Off-leash Area Bottle Filling Station", "TYPE": "Bottle Filling Station", "ACCESSIBLE_FEATURES": "None", "HOURS": "None", "LOCATION_DETAILS": "Located outside the entrance to the off-leash area.", "URL": "https://www.toronto.ca/explore-enjoy/parks-recreation/places-spaces/parks-and-recreation-facilities/location/?id=718", "ADDRESS": "80 Parkway Forest Dr", "PostedDate": "2026-05-26T08:04:15", "AssetName": "Parkway Forest Park Off-leash Area Bottle Filling Station", "Reason": "None", "Comments": "None", "Status": "1" }, "geometry": { "type": "MultiPoint", "coordinates": [ [ -79.34295424, 43.77013078 ] ] } },
{ "type": "Feature", "properties": { "_id": 162, "ASSET_ID": 2733, "LOCATION": "Muirhead Park", "ALTERNATIVE_NAME": "Muirhead Park Drinking Fountain", "TYPE": "Drinking Fountain", "ACCESSIBLE_FEATURES": "None", "HOURS": "None", "LOCATION_DETAILS": "Located south of the playground, west along the pathway.", "URL": "https://www.toronto.ca/explore-enjoy/parks-recreation/places-spaces/parks-and-recreation-facilities/location/?id=696", "ADDRESS": "65 Muirhead Rd  ", "PostedDate": "2026-05-26T08:04:00", "AssetName": "Muirhead Park Drinking Fountain", "Reason": "None", "Comments": "None", "Status": "1" }, "geometry": { "type": "MultiPoint", "coordinates": [ [ -79.33731003, 43.77979001 ] ] } },
{ "type": "Feature", "properties": { "_id": 163, "ASSET_ID": 2653, "LOCATION": "Rowena Park", "ALTERNATIVE_NAME": "Rowena Park Playground Drinking Fountain", "TYPE": "Drinking Fountain", "ACCESSIBLE_FEATURES": "None", "HOURS": "None", "LOCATION_DETAILS": "Located north of the playground.", "URL": "https://www.toronto.ca/explore-enjoy/parks-recreation/places-spaces/parks-and-recreation-facilities/location/?id=2574", "ADDRESS": "75 Rowena Dr  ", "PostedDate": "2026-05-26T08:03:45", "AssetName": "Rowena Park Playground Drinking Fountain", "Reason": "None", "Comments": "None", "Status": "1" }, "geometry": { "type": "MultiPoint", "coordinates": [ [ -79.31594968, 43.75043289 ] ] } },
{ "type": "Feature", "properties": { "_id": 164, "ASSET_ID": 102095, "LOCATION": "Leonard Linton Park", "ALTERNATIVE_NAME": "Leonard Linton Park Bottle Filling Station", "TYPE": "Bottle Filling Station", "ACCESSIBLE_FEATURES": "None", "HOURS": "None", "LOCATION_DETAILS": "Located between the playground and the basketball court along the pathway.", "URL": "https://www.toronto.ca/explore-enjoy/parks-recreation/places-spaces/parks-and-recreation-facilities/location/?id=1501", "ADDRESS": "60 Research Rd  ", "PostedDate": "2026-05-26T08:03:32", "AssetName": "Leonard Linton Park Bottle Filling Station", "Reason": "None", "Comments": "None", "Status": "1" }, "geometry": { "type": "MultiPoint", "coordinates": [ [ -79.35425326, 43.7134119 ] ] } },
{ "type": "Feature", "properties": { "_id": 165, "ASSET_ID": 18663, "LOCATION": "Bellbury Park", "ALTERNATIVE_NAME": "Bellbury Park Drinking Fountain", "TYPE": "Drinking Fountain", "ACCESSIBLE_FEATURES": "None", "HOURS": "None", "LOCATION_DETAILS": "Located on the pathway next to the playground.", "URL": "https://www.toronto.ca/explore-enjoy/parks-recreation/places-spaces/parks-and-recreation-facilities/location/?id=518", "ADDRESS": "55 Van Horne Ave  ", "PostedDate": "2026-05-26T08:03:21", "AssetName": "Bellbury Park Drinking Fountain", "Reason": "None", "Comments": "None", "Status": "1" }, "geometry": { "type": "MultiPoint", "coordinates": [ [ -79.36166704, 43.78420458 ] ] } },
{ "type": "Feature", "properties": { "_id": 166, "ASSET_ID": 13275, "LOCATION": "Hendon Park", "ALTERNATIVE_NAME": "Hendon Park Drinking Fountain", "TYPE": "Drinking Fountain", "ACCESSIBLE_FEATURES": "None", "HOURS": "None", "LOCATION_DETAILS": "Located on the west side of the pathway south of the washroom building.", "URL": "https://www.toronto.ca/explore-enjoy/parks-recreation/places-spaces/parks-and-recreation-facilities/location/?id=659", "ADDRESS": "50 Hendon Ave  ", "PostedDate": "2026-05-26T08:03:09", "AssetName": "Hendon Park Drinking Fountain", "Reason": "None", "Comments": "None", "Status": "1" }, "geometry": { "type": "MultiPoint", "coordinates": [ [ -79.4212094, 43.78093956 ] ] } },
{ "type": "Feature", "properties": { "_id": 167, "ASSET_ID": 13271, "LOCATION": "Goulding Park", "ALTERNATIVE_NAME": "Goulding Park Patricia Avenue Drinking Fountain", "TYPE": "Drinking Fountain", "ACCESSIBLE_FEATURES": "None", "HOURS": "None", "LOCATION_DETAILS": "Located on the west side of the pathway, 30 metres north of Patricia Avenue.", "URL": "https://www.toronto.ca/explore-enjoy/parks-recreation/places-spaces/parks-and-recreation-facilities/location/?id=644", "ADDRESS": "80 Patricia Ave  ", "PostedDate": "2026-05-26T08:02:53", "AssetName": "Goulding Park Patricia Avenue Drinking Fountain", "Reason": "None", "Comments": "None", "Status": "1" }, "geometry": { "type": "MultiPoint", "coordinates": [ [ -79.42230287, 43.7896545 ] ] } },
{ "type": "Feature", "properties": { "_id": 168, "ASSET_ID": 13273, "LOCATION": "Goulding Park", "ALTERNATIVE_NAME": "Goulding Park Bocce Court Drinking Fountain", "TYPE": "Drinking Fountain", "ACCESSIBLE_FEATURES": "None", "HOURS": "None", "LOCATION_DETAILS": "Located on the pathway on the west side of the bocce courts.", "URL": "https://www.toronto.ca/explore-enjoy/parks-recreation/places-spaces/parks-and-recreation-facilities/location/?id=644", "ADDRESS": "80 Patricia Ave  ", "PostedDate": "2026-05-26T08:02:39", "AssetName": "Goulding Park Bocce Court Drinking Fountain", "Reason": "None", "Comments": "None", "Status": "1" }, "geometry": { "type": "MultiPoint", "coordinates": [ [ -79.42252622, 43.79157401 ] ] } },
{ "type": "Feature", "properties": { "_id": 169, "ASSET_ID": 970508, "LOCATION": "Bridlewood Park", "ALTERNATIVE_NAME": "Bridlewood Park Fieldhouse Drinking Water Station", "TYPE": "Bottle Filling Station, Drinking Fountain", "ACCESSIBLE_FEATURES": "None", "HOURS": "None", "LOCATION_DETAILS": "Located on the wall at the west corner of the washroom building.", "URL": "https://www.toronto.ca/explore-enjoy/parks-recreation/places-spaces/parks-and-recreation-facilities/location/?id=578", "ADDRESS": "None", "PostedDate": "2026-05-25T11:55:29", "AssetName": "Bridlewood Park Fieldhouse Drinking Water Station", "Reason": "None", "Comments": "None", "Status": "1" }, "geometry": { "type": "MultiPoint", "coordinates": [ [ -79.31582934, 43.78328511 ] ] } },
{ "type": "Feature", "properties": { "_id": 170, "ASSET_ID": 102264, "LOCATION": "Goldhawk Park", "ALTERNATIVE_NAME": "Goldhawk Park Drinking Water Station", "TYPE": "Drinking Fountain, Dog Fountain", "ACCESSIBLE_FEATURES": "None", "HOURS": "None", "LOCATION_DETAILS": "Located on the pathway north of the playground and west of the baseball diamond.", "URL": "https://www.toronto.ca/explore-enjoy/parks-recreation/places-spaces/parks-and-recreation-facilities/location/?id=1461", "ADDRESS": "250 Goldhawk Trl  ", "PostedDate": "2026-05-25T11:37:49", "AssetName": "Goldhawk Park Drinking Water Station", "Reason": "None", "Comments": "None", "Status": "1" }, "geometry": { "type": "MultiPoint", "coordinates": [ [ -79.28090282, 43.82445735 ] ] } },
{ "type": "Feature", "properties": { "_id": 171, "ASSET_ID": 102272, "LOCATION": "Thomson Memorial Park", "ALTERNATIVE_NAME": "Thomson Memorial Park North Dog Off-Leash Area Drinking Water Station", "TYPE": "Drinking Fountain, Dog Fountain", "ACCESSIBLE_FEATURES": "None", "HOURS": "None", "LOCATION_DETAILS": "Located inside the dog off-leash area southeast of the shade structure.", "URL": "https://www.toronto.ca/explore-enjoy/parks-recreation/places-spaces/parks-and-recreation-facilities/location/?id=543", "ADDRESS": "1005 Brimley Rd  ", "PostedDate": "2026-05-25T11:31:59", "AssetName": "Thomson Memorial Park North Dog Off-Leash Area Drinking Water Station", "Reason": "None", "Comments": "None", "Status": "1" }, "geometry": { "type": "MultiPoint", "coordinates": [ [ -79.25349924, 43.75651778 ] ] } },
{ "type": "Feature", "properties": { "_id": 172, "ASSET_ID": 102155, "LOCATION": "Thomson Memorial Park", "ALTERNATIVE_NAME": "Thomson Memorial Park Tennis Courts Bottle Filling Station", "TYPE": "Bottle Filling Station", "ACCESSIBLE_FEATURES": "None", "HOURS": "None", "LOCATION_DETAILS": "Located northwest of the tennis courts.", "URL": "https://www.toronto.ca/explore-enjoy/parks-recreation/places-spaces/parks-and-recreation-facilities/location/?id=543", "ADDRESS": "1005 Brimley Rd  ", "PostedDate": "2026-05-25T11:31:14", "AssetName": "Thomson Memorial Park Tennis Courts Bottle Filling Station", "Reason": "None", "Comments": "None", "Status": "1" }, "geometry": { "type": "MultiPoint", "coordinates": [ [ -79.25519706, 43.75620517 ] ] } },
{ "type": "Feature", "properties": { "_id": 173, "ASSET_ID": 102273, "LOCATION": "Thomson Memorial Park", "ALTERNATIVE_NAME": "Thomson Memorial Park South Dog Off-Leash Area Drinking Water Station", "TYPE": "Drinking Fountain, Dog Fountain", "ACCESSIBLE_FEATURES": "None", "HOURS": "None", "LOCATION_DETAILS": "Located outside the south side entrance of the dog off-leash area.", "URL": "https://www.toronto.ca/explore-enjoy/parks-recreation/places-spaces/parks-and-recreation-facilities/location/?id=543", "ADDRESS": "1005 Brimley Rd  ", "PostedDate": "2026-05-25T11:30:37", "AssetName": "Thomson Memorial Park South Dog Off-Leash Area Drinking Water Station", "Reason": "None", "Comments": "None", "Status": "1" }, "geometry": { "type": "MultiPoint", "coordinates": [ [ -79.252448, 43.75636234 ] ] } },
{ "type": "Feature", "properties": { "_id": 174, "ASSET_ID": 79036, "LOCATION": "Agincourt Park", "ALTERNATIVE_NAME": "Agincourt Park Playground Drinking Fountain", "TYPE": "Drinking Fountain", "ACCESSIBLE_FEATURES": "None", "HOURS": "None", "LOCATION_DETAILS": "Located on the pathway south of the playground.", "URL": "https://www.toronto.ca/explore-enjoy/parks-recreation/places-spaces/parks-and-recreation-facilities/location/?id=2341", "ADDRESS": "27 Glen Watford Dr  ", "PostedDate": "2026-05-25T11:23:49", "AssetName": "Agincourt Park Playground Drinking Fountain", "Reason": "None", "Comments": "None", "Status": "1" }, "geometry": { "type": "MultiPoint", "coordinates": [ [ -79.27630361, 43.788847 ] ] } },
{ "type": "Feature", "properties": { "_id": 175, "ASSET_ID": 2205, "LOCATION": "Kennedy Parkette", "ALTERNATIVE_NAME": "Kennedy Parkette Drinking Fountain", "TYPE": "Drinking Fountain", "ACCESSIBLE_FEATURES": "None", "HOURS": "None", "LOCATION_DETAILS": "Located along the east side of the pathway.", "URL": "https://www.toronto.ca/explore-enjoy/parks-recreation/places-spaces/parks-and-recreation-facilities/location/?id=2737", "ADDRESS": "2799 Kennedy Rd  ", "PostedDate": "2026-05-25T11:23:06", "AssetName": "Kennedy Parkette Drinking Fountain", "Reason": "None", "Comments": "None", "Status": "1" }, "geometry": { "type": "MultiPoint", "coordinates": [ [ -79.29586884, 43.80107904 ] ] } },
{ "type": "Feature", "properties": { "_id": 176, "ASSET_ID": 988793, "LOCATION": "6 Horton Blvd Park", "ALTERNATIVE_NAME": "6 Horton Blvd Park Drinking Water Source", "TYPE": "Bottle Filling Station, Dog Fountain", "ACCESSIBLE_FEATURES": "None", "HOURS": "None", "LOCATION_DETAILS": "Located on the path in the south west corner of the park.", "URL": "https://www.toronto.ca/explore-enjoy/parks-recreation/places-spaces/parks-and-recreation-facilities/location/?id=3854", "ADDRESS": "6 Horton Ave", "PostedDate": "2026-05-25T11:13:20", "AssetName": "6 Horton Blvd Park Drinking Water Source", "Reason": "None", "Comments": "None", "Status": "1" }, "geometry": { "type": "MultiPoint", "coordinates": [ [ -79.24631343, 43.73600167 ] ] } },
{ "type": "Feature", "properties": { "_id": 177, "ASSET_ID": 13304, "LOCATION": "Wilket Creek Park", "ALTERNATIVE_NAME": "Wilket Creek Park Drinking Fountain", "TYPE": "Drinking Fountain", "ACCESSIBLE_FEATURES": "None", "HOURS": "None", "LOCATION_DETAILS": "Located in the washroom building. ", "URL": "https://www.toronto.ca/explore-enjoy/parks-recreation/places-spaces/parks-and-recreation-facilities/location/?id=492", "ADDRESS": "1100 Leslie St  ", "PostedDate": "2026-05-25T09:17:55", "AssetName": "Wilket Creek Park Drinking Fountain", "Reason": "None", "Comments": "None", "Status": "1" }, "geometry": { "type": "MultiPoint", "coordinates": [ [ -79.35294393, 43.72139558 ] ] } },
{ "type": "Feature", "properties": { "_id": 178, "ASSET_ID": 102170, "LOCATION": "Wildwood Crescent Playground", "ALTERNATIVE_NAME": "Wildwood Crescent Playground Drinking Fountain", "TYPE": "Drinking Fountain", "ACCESSIBLE_FEATURES": "None", "HOURS": "None", "LOCATION_DETAILS": "Located north of the playground, north of the pathway.", "URL": "https://www.toronto.ca/explore-enjoy/parks-recreation/places-spaces/parks-and-recreation-facilities/location/?id=288", "ADDRESS": "110 Wildwood Cres  ", "PostedDate": "2026-05-25T08:17:20", "AssetName": "Wildwood Crescent Playground Drinking Fountain", "Reason": "None", "Comments": "None", "Status": "1" }, "geometry": { "type": "MultiPoint", "coordinates": [ [ -79.31318367, 43.68113558 ] ] } },
{ "type": "Feature", "properties": { "_id": 179, "ASSET_ID": 102169, "LOCATION": "Wildwood Crescent Playground", "ALTERNATIVE_NAME": "Wildwood Crescent Playground Dog off-Leash Area Dog Fountain", "TYPE": "Dog Fountain", "ACCESSIBLE_FEATURES": "None", "HOURS": "None", "LOCATION_DETAILS": "Located inside the dog off-leash area in the northwest corner.", "URL": "https://www.toronto.ca/explore-enjoy/parks-recreation/places-spaces/parks-and-recreation-facilities/location/?id=288", "ADDRESS": "110 Wildwood Cres  ", "PostedDate": "2026-05-25T08:17:13", "AssetName": "Wildwood Crescent Playground Dog off-Leash Area Dog Fountain", "Reason": "None", "Comments": "None", "Status": "1" }, "geometry": { "type": "MultiPoint", "coordinates": [ [ -79.31274412, 43.68133835 ] ] } },
{ "type": "Feature", "properties": { "_id": 180, "ASSET_ID": 102051, "LOCATION": "West Toronto Rail Path", "ALTERNATIVE_NAME": "West Toronto Rail Path Bottle Filling Station", "TYPE": "Bottle Filling Station", "ACCESSIBLE_FEATURES": "None", "HOURS": "None", "LOCATION_DETAILS": "Located at the corner of  Wallace Avenue and Sousa Mendes Street along the pathway.", "URL": "https://www.toronto.ca/explore-enjoy/parks-recreation/places-spaces/parks-and-recreation-facilities/location/?id=3790", "ADDRESS": "1457 Bloor St W", "PostedDate": "2026-05-25T08:16:53", "AssetName": "West Toronto Rail Path Bottle Filling Station", "Reason": "None", "Comments": "None", "Status": "1" }, "geometry": { "type": "MultiPoint", "coordinates": [ [ -79.45303626, 43.66047811 ] ] } },
{ "type": "Feature", "properties": { "_id": 181, "ASSET_ID": 2744, "LOCATION": "Underpass Park", "ALTERNATIVE_NAME": "Underpass Park Playground Drinking Fountain", "TYPE": "Drinking Fountain", "ACCESSIBLE_FEATURES": "None", "HOURS": "None", "LOCATION_DETAILS": "Located at the northeast corner of the playground.", "URL": "https://www.toronto.ca/explore-enjoy/parks-recreation/places-spaces/parks-and-recreation-facilities/location/?id=2710", "ADDRESS": "33 St. Lawrence St  ", "PostedDate": "2026-05-25T08:16:24", "AssetName": "Underpass Park Playground Drinking Fountain", "Reason": "None", "Comments": "None", "Status": "1" }, "geometry": { "type": "MultiPoint", "coordinates": [ [ -79.35514152, 43.65554128 ] ] } },
{ "type": "Feature", "properties": { "_id": 182, "ASSET_ID": 78241, "LOCATION": "Underpass Park", "ALTERNATIVE_NAME": "Underpass Park Basketball Court Drinking Water Station", "TYPE": "Drinking Fountain, Dog Fountain", "ACCESSIBLE_FEATURES": "None", "HOURS": "None", "LOCATION_DETAILS": "Located northwest of the basketball court.", "URL": "https://www.toronto.ca/explore-enjoy/parks-recreation/places-spaces/parks-and-recreation-facilities/location/?id=2710", "ADDRESS": "33 St. Lawrence St  ", "PostedDate": "2026-05-25T08:16:16", "AssetName": "Underpass Park Basketball Court Drinking Water Station", "Reason": "None", "Comments": "None", "Status": "1" }, "geometry": { "type": "MultiPoint", "coordinates": [ [ -79.35493337, 43.65582622 ] ] } },
{ "type": "Feature", "properties": { "_id": 183, "ASSET_ID": 2517, "LOCATION": "Trinity Bellwoods Park", "ALTERNATIVE_NAME": "Trinity Bellwoods Park Wading Pool Drinking Fountain", "TYPE": "Drinking Fountain", "ACCESSIBLE_FEATURES": "None", "HOURS": "None", "LOCATION_DETAILS": "Located north of the wading pool.", "URL": "https://www.toronto.ca/explore-enjoy/parks-recreation/places-spaces/parks-and-recreation-facilities/location/?id=241", "ADDRESS": "790 Queen St  W ", "PostedDate": "2026-05-25T08:15:59", "AssetName": "Trinity Bellwoods Park Wading Pool Drinking Fountain", "Reason": "None", "Comments": "None", "Status": "1" }, "geometry": { "type": "MultiPoint", "coordinates": [ [ -79.41458156, 43.64691934 ] ] } },
{ "type": "Feature", "properties": { "_id": 184, "ASSET_ID": 2516, "LOCATION": "Trinity Bellwoods Park", "ALTERNATIVE_NAME": "Trinity Bellwoods Park Queen St W Drinking Fountain", "TYPE": "Drinking Fountain", "ACCESSIBLE_FEATURES": "None", "HOURS": "None", "LOCATION_DETAILS": "Located at the Queen Street West entrance of the park.", "URL": "https://www.toronto.ca/explore-enjoy/parks-recreation/places-spaces/parks-and-recreation-facilities/location/?id=241", "ADDRESS": "790 Queen St  W ", "PostedDate": "2026-05-25T08:15:53", "AssetName": "Trinity Bellwoods Park Queen St W Drinking Fountain", "Reason": "None", "Comments": "None", "Status": "1" }, "geometry": { "type": "MultiPoint", "coordinates": [ [ -79.41335992, 43.64556794 ] ] } },
{ "type": "Feature", "properties": { "_id": 185, "ASSET_ID": 2518, "LOCATION": "Trinity Bellwoods Park", "ALTERNATIVE_NAME": "Trinity Bellwoods Park Dundas St W Drinking Fountain", "TYPE": "Drinking Fountain", "ACCESSIBLE_FEATURES": "None", "HOURS": "None", "LOCATION_DETAILS": "Located at the Dundas Street West entrance of the park.", "URL": "https://www.toronto.ca/explore-enjoy/parks-recreation/places-spaces/parks-and-recreation-facilities/location/?id=241", "ADDRESS": "790 Queen St  W ", "PostedDate": "2026-05-25T08:15:46", "AssetName": "Trinity Bellwoods Park Dundas St W Drinking Fountain", "Reason": "None", "Comments": "None", "Status": "1" }, "geometry": { "type": "MultiPoint", "coordinates": [ [ -79.41585594, 43.65021979 ] ] } },
{ "type": "Feature", "properties": { "_id": 186, "ASSET_ID": 2515, "LOCATION": "Trinity Bellwoods Park", "ALTERNATIVE_NAME": "Trinity Bellwoods Park Baseball Diamond Drinking Water Station", "TYPE": "Drinking Fountain, Dog Fountain", "ACCESSIBLE_FEATURES": "None", "HOURS": "None", "LOCATION_DETAILS": "Located along the pathway, west of the north end baseball diamond.", "URL": "https://www.toronto.ca/explore-enjoy/parks-recreation/places-spaces/parks-and-recreation-facilities/location/?id=241", "ADDRESS": "790 Queen St  W ", "PostedDate": "2026-05-25T08:15:39", "AssetName": "Trinity Bellwoods Park Baseball Diamond Drinking Water Station", "Reason": "None", "Comments": "None", "Status": "1" }, "geometry": { "type": "MultiPoint", "coordinates": [ [ -79.41515443, 43.6493571 ] ] } },
{ "type": "Feature", "properties": { "_id": 187, "ASSET_ID": 102283, "LOCATION": "Topham Park", "ALTERNATIVE_NAME": "Topham Park Wading Pool Drinking Fountain", "TYPE": "Drinking Fountain", "ACCESSIBLE_FEATURES": "None", "HOURS": "None", "LOCATION_DETAILS": "Located north of the wading pool.", "URL": "https://www.toronto.ca/explore-enjoy/parks-recreation/places-spaces/parks-and-recreation-facilities/location/?id=276", "ADDRESS": "181 Westview Blvd  ", "PostedDate": "2026-05-25T08:15:09", "AssetName": "Topham Park Wading Pool Drinking Fountain", "Reason": "None", "Comments": "None", "Status": "1" }, "geometry": { "type": "MultiPoint", "coordinates": [ [ -79.30726151, 43.71070102 ] ] } },
{ "type": "Feature", "properties": { "_id": 188, "ASSET_ID": 102033, "LOCATION": "Topham Park", "ALTERNATIVE_NAME": "Topham Park Baseball Diamond Drinking Water Station", "TYPE": "Bottle Filling Station, Drinking Fountain", "ACCESSIBLE_FEATURES": "None", "HOURS": "None", "LOCATION_DETAILS": "Located between baseball diamonds 1 and 3 on the west side of the park along Selwyn Avenue.", "URL": "https://www.toronto.ca/explore-enjoy/parks-recreation/places-spaces/parks-and-recreation-facilities/location/?id=276", "ADDRESS": "181 Westview Blvd  ", "PostedDate": "2026-05-25T08:15:02", "AssetName": "Topham Park Baseball Diamond Drinking Water Station", "Reason": "None", "Comments": "None", "Status": "1" }, "geometry": { "type": "MultiPoint", "coordinates": [ [ -79.30710901, 43.70979504 ] ] } },
{ "type": "Feature", "properties": { "_id": 189, "ASSET_ID": 77434, "LOCATION": "Thompson Street Parkette", "ALTERNATIVE_NAME": "Thompson Street Parkette Dog Off-Leash Area Dog Fountain", "TYPE": "Dog Fountain", "ACCESSIBLE_FEATURES": "None", "HOURS": "None", "LOCATION_DETAILS": "Located on the west side of the dog off-leash area.", "URL": "https://www.toronto.ca/explore-enjoy/parks-recreation/places-spaces/parks-and-recreation-facilities/location/?id=1472", "ADDRESS": "120 Broadview Ave  ", "PostedDate": "2026-05-25T08:14:46", "AssetName": "Thompson Street Parkette Dog Off-Leash Area Dog Fountain", "Reason": "None", "Comments": "None", "Status": "1" }, "geometry": { "type": "MultiPoint", "coordinates": [ [ -79.35089052, 43.65928409 ] ] } },
{ "type": "Feature", "properties": { "_id": 190, "ASSET_ID": 102039, "LOCATION": "Stan Wadlow Park", "ALTERNATIVE_NAME": "Stan Wadlow Park Clubhouse Bottle Filling Station", "TYPE": "Bottle Filling Station", "ACCESSIBLE_FEATURES": "None", "HOURS": "None", "LOCATION_DETAILS": "Located outside the clubhouse on the north side of the building.", "URL": "https://www.toronto.ca/explore-enjoy/parks-recreation/places-spaces/parks-and-recreation-facilities/location/?id=421", "ADDRESS": "888 Cosburn Ave  ", "PostedDate": "2026-05-25T08:14:20", "AssetName": "Stan Wadlow Park Clubhouse Bottle Filling Station", "Reason": "None", "Comments": "None", "Status": "1" }, "geometry": { "type": "MultiPoint", "coordinates": [ [ -79.31515581, 43.69835447 ] ] } },
{ "type": "Feature", "properties": { "_id": 191, "ASSET_ID": 2593, "LOCATION": "Stan Wadlow Park", "ALTERNATIVE_NAME": "Stan Wadlow Park Baseball Diamond Drinking Fountain", "TYPE": "Drinking Fountain", "ACCESSIBLE_FEATURES": "None", "HOURS": "None", "LOCATION_DETAILS": "Located south of the baseball diamonds.", "URL": "https://www.toronto.ca/explore-enjoy/parks-recreation/places-spaces/parks-and-recreation-facilities/location/?id=421", "ADDRESS": "888 Cosburn Ave  ", "PostedDate": "2026-05-25T08:14:05", "AssetName": "Stan Wadlow Park Baseball Diamond Drinking Fountain", "Reason": "None", "Comments": "None", "Status": "1" }, "geometry": { "type": "MultiPoint", "coordinates": [ [ -79.31413582, 43.69727967 ] ] } },
{ "type": "Feature", "properties": { "_id": 192, "ASSET_ID": 2588, "LOCATION": "Stephenson Park", "ALTERNATIVE_NAME": "Stephenson Park Wading Pool Drinking Fountain", "TYPE": "Drinking Fountain", "ACCESSIBLE_FEATURES": "None", "HOURS": "None", "LOCATION_DETAILS": "Located north of the wading pool.", "URL": "https://www.toronto.ca/explore-enjoy/parks-recreation/places-spaces/parks-and-recreation-facilities/location/?id=214", "ADDRESS": "61 Stephenson Ave  ", "PostedDate": "2026-05-25T08:13:23", "AssetName": "Stephenson Park Wading Pool Drinking Fountain", "Reason": "None", "Comments": "None", "Status": "1" }, "geometry": { "type": "MultiPoint", "coordinates": [ [ -79.30333134, 43.68641824 ] ] } },
{ "type": "Feature", "properties": { "_id": 193, "ASSET_ID": 2592, "LOCATION": "Stanley Park", "ALTERNATIVE_NAME": "Stanley Park Outdoor Pool Drinking Fountain", "TYPE": "Drinking Fountain", "ACCESSIBLE_FEATURES": "None", "HOURS": "View outdoor pool hours", "LOCATION_DETAILS": "Located on the north side of the outdoor pool deck.", "URL": "https://www.toronto.ca/explore-enjoy/parks-recreation/places-spaces/parks-and-recreation-facilities/location/?id=761", "ADDRESS": "27 Stanley Rd  ", "PostedDate": "2026-05-25T08:13:03", "AssetName": "Stanley Park Outdoor Pool Drinking Fountain", "Reason": "None", "Comments": "None", "Status": "1" }, "geometry": { "type": "MultiPoint", "coordinates": [ [ -79.51602889, 43.74229964 ] ] } },
{ "type": "Feature", "properties": { "_id": 194, "ASSET_ID": 2590, "LOCATION": "Stanley Park North - Toronto", "ALTERNATIVE_NAME": "Stanley Park North Toronto Wading Pool Drinking Fountain", "TYPE": "Drinking Fountain", "ACCESSIBLE_FEATURES": "None", "HOURS": "None", "LOCATION_DETAILS": "Located south of the wading pool. ", "URL": "https://www.toronto.ca/explore-enjoy/parks-recreation/places-spaces/parks-and-recreation-facilities/location/?id=212", "ADDRESS": "890 King St  W ", "PostedDate": "2026-05-25T08:12:51", "AssetName": "Stanley Park North Toronto Wading Pool Drinking Fountain", "Reason": "None", "Comments": "None", "Status": "1" }, "geometry": { "type": "MultiPoint", "coordinates": [ [ -79.40965365, 43.64277949 ] ] } },
{ "type": "Feature", "properties": { "_id": 195, "ASSET_ID": 2613, "LOCATION": "Sorauren Avenue Park", "ALTERNATIVE_NAME": "Sorauren Avenue Park Tennis Court Drinking Fountain", "TYPE": "Drinking Fountain", "ACCESSIBLE_FEATURES": "None", "HOURS": "None", "LOCATION_DETAILS": "Located south of the tennis courts.", "URL": "https://www.toronto.ca/explore-enjoy/parks-recreation/places-spaces/parks-and-recreation-facilities/location/?id=348", "ADDRESS": "289 Sorauren Ave  ", "PostedDate": "2026-05-25T08:12:24", "AssetName": "Sorauren Avenue Park Tennis Court Drinking Fountain", "Reason": "None", "Comments": "None", "Status": "1" }, "geometry": { "type": "MultiPoint", "coordinates": [ [ -79.44411902, 43.64884035 ] ] } },
{ "type": "Feature", "properties": { "_id": 196, "ASSET_ID": 78262, "LOCATION": "Sorauren Avenue Park", "ALTERNATIVE_NAME": "Sorauren Avenue Park Outdoor Oven Drinking Water Station", "TYPE": "Bottle Filling Station, Drinking Fountain", "ACCESSIBLE_FEATURES": "None", "HOURS": "None", "LOCATION_DETAILS": "Located south of the outdoor oven.", "URL": "https://www.toronto.ca/explore-enjoy/parks-recreation/places-spaces/parks-and-recreation-facilities/location/?id=348", "ADDRESS": "289 Sorauren Ave  ", "PostedDate": "2026-05-25T08:12:17", "AssetName": "Sorauren Avenue Park Outdoor Oven Drinking Water Station", "Reason": "None", "Comments": "None", "Status": "1" }, "geometry": { "type": "MultiPoint", "coordinates": [ [ -79.44321433, 43.64810363 ] ] } },
{ "type": "Feature", "properties": { "_id": 197, "ASSET_ID": 78263, "LOCATION": "Sorauren Avenue Park", "ALTERNATIVE_NAME": "Sorauren Avenue Park Drinking Fountain", "TYPE": "Drinking Fountain", "ACCESSIBLE_FEATURES": "None", "HOURS": "None", "LOCATION_DETAILS": "Located north of the dog off-leash area.", "URL": "https://www.toronto.ca/explore-enjoy/parks-recreation/places-spaces/parks-and-recreation-facilities/location/?id=348", "ADDRESS": "289 Sorauren Ave  ", "PostedDate": "2026-05-25T08:12:10", "AssetName": "Sorauren Avenue Park Drinking Fountain", "Reason": "None", "Comments": "None", "Status": "1" }, "geometry": { "type": "MultiPoint", "coordinates": [ [ -79.44301998, 43.6490753 ] ] } },
{ "type": "Feature", "properties": { "_id": 198, "ASSET_ID": 78264, "LOCATION": "Sorauren Avenue Park", "ALTERNATIVE_NAME": "Sorauren Avenue Park Dog Off-Leash Area Dog Fountain", "TYPE": "Dog Fountain", "ACCESSIBLE_FEATURES": "None", "HOURS": "None", "LOCATION_DETAILS": "Located inside the dog off-leash area by the north entrance.", "URL": "https://www.toronto.ca/explore-enjoy/parks-recreation/places-spaces/parks-and-recreation-facilities/location/?id=348", "ADDRESS": "289 Sorauren Ave  ", "PostedDate": "2026-05-25T08:12:03", "AssetName": "Sorauren Avenue Park Dog Off-Leash Area Dog Fountain", "Reason": "None", "Comments": "None", "Status": "1" }, "geometry": { "type": "MultiPoint", "coordinates": [ [ -79.44299497, 43.64900365 ] ] } },
{ "type": "Feature", "properties": { "_id": 199, "ASSET_ID": 2581, "LOCATION": "Louis March Park", "ALTERNATIVE_NAME": "Louis March Park Playground Drinking Fountain", "TYPE": "Drinking Fountain", "ACCESSIBLE_FEATURES": "None", "HOURS": "None", "LOCATION_DETAILS": "Located beside the playground.", "URL": "https://www.toronto.ca/explore-enjoy/parks-recreation/places-spaces/parks-and-recreation-facilities/location/?id=221", "ADDRESS": "485 Shuter St  ", "PostedDate": "2026-05-25T08:11:40", "AssetName": "Louis March Park Playground Drinking Fountain", "Reason": "None", "Comments": "None", "Status": "1" }, "geometry": { "type": "MultiPoint", "coordinates": [ [ -79.35835955, 43.65834319 ] ] } },
{ "type": "Feature", "properties": { "_id": 200, "ASSET_ID": 2643, "LOCATION": "Sally Bird Park", "ALTERNATIVE_NAME": "Sally Bird Park Fitness Area Drinking Fountain", "TYPE": "Drinking Fountain", "ACCESSIBLE_FEATURES": "None", "HOURS": "None", "LOCATION_DETAILS": "Located north of the outdoor fitness equipment area along the pathway.", "URL": "https://www.toronto.ca/explore-enjoy/parks-recreation/places-spaces/parks-and-recreation-facilities/location/?id=332", "ADDRESS": "194 Brunswick Ave  ", "PostedDate": "2026-05-25T08:11:23", "AssetName": "Sally Bird Park Fitness Area Drinking Fountain", "Reason": "None", "Comments": "None", "Status": "1" }, "geometry": { "type": "MultiPoint", "coordinates": [ [ -79.40655841, 43.66292795 ] ] } },
{ "type": "Feature", "properties": { "_id": 201, "ASSET_ID": 132558, "LOCATION": "Riverside Common Park", "ALTERNATIVE_NAME": "Riverside Common Park Drinking Water Station", "TYPE": "Bottle Filling Station, Drinking Fountain", "ACCESSIBLE_FEATURES": "None", "HOURS": "None", "LOCATION_DETAILS": "Located east of the benches along Queen Street.", "URL": "https://www.toronto.ca/explore-enjoy/parks-recreation/places-spaces/parks-and-recreation-facilities/location/?id=3728", "ADDRESS": "657 Queen St E", "PostedDate": "2026-05-25T08:11:08", "AssetName": "Riverside Common Park Drinking Water Station", "Reason": "None", "Comments": "None", "Status": "1" }, "geometry": { "type": "MultiPoint", "coordinates": [ [ -79.35163134, 43.65836601 ] ] } },
{ "type": "Feature", "properties": { "_id": 202, "ASSET_ID": 102139, "LOCATION": "Riverdale Park West", "ALTERNATIVE_NAME": "Riverdale Park West Wading Pool Drinking Water Station", "TYPE": "Bottle Filling Station, Drinking Fountain", "ACCESSIBLE_FEATURES": "None", "HOURS": "None", "LOCATION_DETAILS": "Located east of the wading pool.", "URL": "https://www.toronto.ca/explore-enjoy/parks-recreation/places-spaces/parks-and-recreation-facilities/location/?id=344", "ADDRESS": "375 Sumach St  ", "PostedDate": "2026-05-25T08:10:42", "AssetName": "Riverdale Park West Wading Pool Drinking Water Station", "Reason": "None", "Comments": "None", "Status": "1" }, "geometry": { "type": "MultiPoint", "coordinates": [ [ -79.36168205, 43.66626234 ] ] } },
{ "type": "Feature", "properties": { "_id": 203, "ASSET_ID": 2665, "LOCATION": "Riverdale Farm", "ALTERNATIVE_NAME": "Riverdale Farm  Francey Barn Drinking Fountain", "TYPE": "Drinking Fountain", "ACCESSIBLE_FEATURES": "None", "HOURS": "None", "LOCATION_DETAILS": "Located along the pathway, southeast of Riverdale Farm Francey Barn.", "URL": "https://www.toronto.ca/explore-enjoy/parks-recreation/places-spaces/parks-and-recreation-facilities/location/?id=345", "ADDRESS": "375 Sumach St  ", "PostedDate": "2026-05-25T08:10:35", "AssetName": "Riverdale Farm Francey Barn Drinking Fountain", "Reason": "None", "Comments": "None", "Status": "1" }, "geometry": { "type": "MultiPoint", "coordinates": [ [ -79.36107778, 43.66703434 ] ] } },
{ "type": "Feature", "properties": { "_id": 204, "ASSET_ID": 102142, "LOCATION": "Riverdale Park West", "ALTERNATIVE_NAME": "Riverdale Park West Baseball Diamond Drinking Water Station", "TYPE": "Bottle Filling Station, Drinking Fountain, Dog Fountain", "ACCESSIBLE_FEATURES": "None", "HOURS": "None", "LOCATION_DETAILS": "Located north of the fieldhouse at the south end of the park by the baseball diamonds.", "URL": "https://www.toronto.ca/explore-enjoy/parks-recreation/places-spaces/parks-and-recreation-facilities/location/?id=344", "ADDRESS": "375 Sumach St  ", "PostedDate": "2026-05-25T08:10:28", "AssetName": "Riverdale Park West Baseball Diamond Drinking Water Station", "Reason": "None", "Comments": "None", "Status": "1" }, "geometry": { "type": "MultiPoint", "coordinates": [ [ -79.3592552, 43.66543465 ] ] } },
{ "type": "Feature", "properties": { "_id": 205, "ASSET_ID": 2714, "LOCATION": "Ontario Street Parkette", "ALTERNATIVE_NAME": "Ontario Street Parkette Playground Drinking Fountain", "TYPE": "Drinking Fountain", "ACCESSIBLE_FEATURES": "None", "HOURS": "None", "LOCATION_DETAILS": "Located west of the playground.", "URL": "https://www.toronto.ca/explore-enjoy/parks-recreation/places-spaces/parks-and-recreation-facilities/location/?id=244", "ADDRESS": "227 Ontario St  ", "PostedDate": "2026-05-25T08:09:38", "AssetName": "Ontario Street Parkette Playground Drinking Fountain", "Reason": "None", "Comments": "None", "Status": "1" }, "geometry": { "type": "MultiPoint", "coordinates": [ [ -79.3678551, 43.65749106 ] ] } },
{ "type": "Feature", "properties": { "_id": 206, "ASSET_ID": 102024, "LOCATION": "Norwood Park", "ALTERNATIVE_NAME": "Norwood Park Wading Pool Drinking Water Station", "TYPE": "Bottle Filling Station, Drinking Fountain", "ACCESSIBLE_FEATURES": "None", "HOURS": "None", "LOCATION_DETAILS": "Located east of the wading pool.", "URL": "https://www.toronto.ca/explore-enjoy/parks-recreation/places-spaces/parks-and-recreation-facilities/location/?id=228", "ADDRESS": "16 Norwood Rd  ", "PostedDate": "2026-05-25T08:09:21", "AssetName": "Norwood Park Wading Pool Drinking Water Station", "Reason": "None", "Comments": "None", "Status": "1" }, "geometry": { "type": "MultiPoint", "coordinates": [ [ -79.30498777, 43.68211091 ] ] } },
{ "type": "Feature", "properties": { "_id": 207, "ASSET_ID": 2720, "LOCATION": "Norwood Park", "ALTERNATIVE_NAME": "Norwood Park Tennis Court Drinking Fountain", "TYPE": "Drinking Fountain", "ACCESSIBLE_FEATURES": "None", "HOURS": "None", "LOCATION_DETAILS": "Located north of the pathway, south of the tennis courts.", "URL": "https://www.toronto.ca/explore-enjoy/parks-recreation/places-spaces/parks-and-recreation-facilities/location/?id=228", "ADDRESS": "16 Norwood Rd  ", "PostedDate": "2026-05-25T08:09:15", "AssetName": "Norwood Park Tennis Court Drinking Fountain", "Reason": "None", "Comments": "None", "Status": "1" }, "geometry": { "type": "MultiPoint", "coordinates": [ [ -79.30274525, 43.68229224 ] ] } },
{ "type": "Feature", "properties": { "_id": 208, "ASSET_ID": 2163, "LOCATION": "Livingstone Park", "ALTERNATIVE_NAME": "Livingstone Park Wading Pool Drinking Fountain", "TYPE": "Drinking Fountain", "ACCESSIBLE_FEATURES": "None", "HOURS": "None", "LOCATION_DETAILS": "Located north of the wading pool.", "URL": "https://www.toronto.ca/explore-enjoy/parks-recreation/places-spaces/parks-and-recreation-facilities/location/?id=962", "ADDRESS": "21 Woodville Ave  ", "PostedDate": "2026-05-25T08:07:38", "AssetName": "Livingstone Park Wading Pool Drinking Fountain", "Reason": "None", "Comments": "None", "Status": "1" }, "geometry": { "type": "MultiPoint", "coordinates": [ [ -79.35377816, 43.6913448 ] ] } },
{ "type": "Feature", "properties": { "_id": 209, "ASSET_ID": 2270, "LOCATION": "Hideaway Park", "ALTERNATIVE_NAME": "Hideaway Park Wading Pool Drinking Fountain", "TYPE": "Drinking Fountain", "ACCESSIBLE_FEATURES": "None", "HOURS": "None", "LOCATION_DETAILS": "Located next to wading pool.", "URL": "https://www.toronto.ca/explore-enjoy/parks-recreation/places-spaces/parks-and-recreation-facilities/location/?id=75", "ADDRESS": "23 Audley Ave  ", "PostedDate": "2026-05-25T08:07:05", "AssetName": "Hideaway Park Wading Pool Drinking Fountain", "Reason": "None", "Comments": "None", "Status": "1" }, "geometry": { "type": "MultiPoint", "coordinates": [ [ -79.33775189, 43.66478491 ] ] } },
{ "type": "Feature", "properties": { "_id": 210, "ASSET_ID": 78876, "LOCATION": "Hideaway Park", "ALTERNATIVE_NAME": "Hideaway Park Dog Off-Leash Area Dog Fountain", "TYPE": "Dog Fountain", "ACCESSIBLE_FEATURES": "None", "HOURS": "None", "LOCATION_DETAILS": "Located in the southeast corner of the dog off-leash area.", "URL": "https://www.toronto.ca/explore-enjoy/parks-recreation/places-spaces/parks-and-recreation-facilities/location/?id=75", "ADDRESS": "23 Audley Ave  ", "PostedDate": "2026-05-25T08:06:58", "AssetName": "Hideaway Park Dog Off-Leash Area Dog Fountain", "Reason": "None", "Comments": "None", "Status": "1" }, "geometry": { "type": "MultiPoint", "coordinates": [ [ -79.33772892, 43.66489633 ] ] } },
{ "type": "Feature", "properties": { "_id": 211, "ASSET_ID": 2275, "LOCATION": "Healey Willan Park", "ALTERNATIVE_NAME": "Healey Willan Park Wading Pool Drinking Fountain", "TYPE": "Drinking Fountain", "ACCESSIBLE_FEATURES": "None", "HOURS": "None", "LOCATION_DETAILS": "Located next to the wading pool.", "URL": "https://www.toronto.ca/explore-enjoy/parks-recreation/places-spaces/parks-and-recreation-facilities/location/?id=291", "ADDRESS": "504 Euclid Ave  ", "PostedDate": "2026-05-25T08:06:31", "AssetName": "Healey Willan Park Wading Pool Drinking Fountain", "Reason": "None", "Comments": "None", "Status": "1" }, "geometry": { "type": "MultiPoint", "coordinates": [ [ -79.41308032, 43.65936599 ] ] } },
{ "type": "Feature", "properties": { "_id": 212, "ASSET_ID": 2127, "LOCATION": "Memorial Gardens Park", "ALTERNATIVE_NAME": "Memorial Gardens Park Drinking Fountain", "TYPE": "Drinking Fountain", "ACCESSIBLE_FEATURES": "None", "HOURS": "None", "LOCATION_DETAILS": "Located east of the East York Civic Centre in Civic Centre Square along the pathway by the parking lot.", "URL": "https://www.toronto.ca/explore-enjoy/parks-recreation/places-spaces/parks-and-recreation-facilities/location/?id=3862", "ADDRESS": "111 Alamosa Dr  ", "PostedDate": "2026-05-25T08:06:07", "AssetName": "Memorial Gardens Park Drinking Fountain", "Reason": "None", "Comments": "None", "Status": "1" }, "geometry": { "type": "MultiPoint", "coordinates": [ [ -79.32750732, 43.69099074 ] ] } },
{ "type": "Feature", "properties": { "_id": 213, "ASSET_ID": 2341, "LOCATION": "East Toronto Athletic Field", "ALTERNATIVE_NAME": "East Toronto Athletic Field Drinking Fountain", "TYPE": "Drinking Fountain", "ACCESSIBLE_FEATURES": "None", "HOURS": "None", "LOCATION_DETAILS": "Located on the south side of the wading pool. ", "URL": "https://www.toronto.ca/explore-enjoy/parks-recreation/places-spaces/parks-and-recreation-facilities/location/?id=111", "ADDRESS": "175 Main St  ", "PostedDate": "2026-05-25T08:05:48", "AssetName": "East Toronto Athletic Field Drinking Fountain", "Reason": "None", "Comments": "None", "Status": "1" }, "geometry": { "type": "MultiPoint", "coordinates": [ [ -79.29793479, 43.68479325 ] ] } },
{ "type": "Feature", "properties": { "_id": 214, "ASSET_ID": 2370, "LOCATION": "David Crombie Park", "ALTERNATIVE_NAME": "David Crombie Park Wading Pool Drinking Fountain", "TYPE": "Drinking Fountain", "ACCESSIBLE_FEATURES": "None", "HOURS": "None", "LOCATION_DETAILS": "Located on the pathway between the sidewalk and the wading pool.", "URL": "https://www.toronto.ca/explore-enjoy/parks-recreation/places-spaces/parks-and-recreation-facilities/location/?id=338", "ADDRESS": "131 The Esplanade  ", "PostedDate": "2026-05-25T08:05:24", "AssetName": "David Crombie Park Wading Pool Drinking Fountain", "Reason": "None", "Comments": "None", "Status": "1" }, "geometry": { "type": "MultiPoint", "coordinates": [ [ -79.36941106, 43.64843742 ] ] } },
{ "type": "Feature", "properties": { "_id": 215, "ASSET_ID": 2371, "LOCATION": "David Crombie Park", "ALTERNATIVE_NAME": "David Crombie Park Playground Drinking Fountain", "TYPE": "Drinking Fountain", "ACCESSIBLE_FEATURES": "None", "HOURS": "None", "LOCATION_DETAILS": "Located on the pathway east of the playground. ", "URL": "https://www.toronto.ca/explore-enjoy/parks-recreation/places-spaces/parks-and-recreation-facilities/location/?id=338", "ADDRESS": "131 The Esplanade  ", "PostedDate": "2026-05-25T08:05:18", "AssetName": "David Crombie Park Playground Drinking Fountain", "Reason": "None", "Comments": "None", "Status": "1" }, "geometry": { "type": "MultiPoint", "coordinates": [ [ -79.36475236, 43.64931058 ] ] } },
{ "type": "Feature", "properties": { "_id": 216, "ASSET_ID": 102254, "LOCATION": "David Crombie Park", "ALTERNATIVE_NAME": "David Crombie Park Basketball Court Drinking Fountain", "TYPE": "Drinking Fountain", "ACCESSIBLE_FEATURES": "None", "HOURS": "None", "LOCATION_DETAILS": "Located on the pathway southeast of the the basketball court.", "URL": "https://www.toronto.ca/explore-enjoy/parks-recreation/places-spaces/parks-and-recreation-facilities/location/?id=338", "ADDRESS": "131 The Esplanade  ", "PostedDate": "2026-05-25T08:05:12", "AssetName": "David Crombie Park Basketball Court Drinking Fountain", "Reason": "None", "Comments": "None", "Status": "1" }, "geometry": { "type": "MultiPoint", "coordinates": [ [ -79.36394505, 43.64946717 ] ] } },
{ "type": "Feature", "properties": { "_id": 217, "ASSET_ID": 97105, "LOCATION": "David A. Balfour Park", "ALTERNATIVE_NAME": "David A. Balfour Park Washroom Drinking Water Station", "TYPE": "Bottle Filling Station, Drinking Fountain, Dog Fountain", "ACCESSIBLE_FEATURES": "None", "HOURS": "None", "LOCATION_DETAILS": "Located outside the washroom building north of the playground.", "URL": "https://www.toronto.ca/explore-enjoy/parks-recreation/places-spaces/parks-and-recreation-facilities/location/?id=143", "ADDRESS": "75 Rosehill Ave", "PostedDate": "2026-05-25T08:05:00", "AssetName": "David A. Balfour Park Washroom Drinking Water Station", "Reason": "None", "Comments": "None", "Status": "1" }, "geometry": { "type": "MultiPoint", "coordinates": [ [ -79.38764917, 43.68682396 ] ] } },
{ "type": "Feature", "properties": { "_id": 218, "ASSET_ID": 102245, "LOCATION": "David A. Balfour Park", "ALTERNATIVE_NAME": "David A. Balfour Park Drinking Fountain", "TYPE": "Drinking Fountain", "ACCESSIBLE_FEATURES": "None", "HOURS": "None", "LOCATION_DETAILS": "Located near the entrance to the trail off Mathersfield Drive.", "URL": "https://www.toronto.ca/explore-enjoy/parks-recreation/places-spaces/parks-and-recreation-facilities/location/?id=143", "ADDRESS": "75 Rosehill Ave  ", "PostedDate": "2026-05-25T08:04:43", "AssetName": "David A. Balfour Park Drinking Fountain", "Reason": "None", "Comments": "None", "Status": "1" }, "geometry": { "type": "MultiPoint", "coordinates": [ [ -79.38569955, 43.68321428 ] ] } },
{ "type": "Feature", "properties": { "_id": 219, "ASSET_ID": 102218, "LOCATION": "Cosburn Park", "ALTERNATIVE_NAME": "Cosburn Park Tennis Court Drinking Fountain", "TYPE": "Drinking Fountain", "ACCESSIBLE_FEATURES": "None", "HOURS": "None", "LOCATION_DETAILS": "Located at the west end of the tennis club building.", "URL": "https://www.toronto.ca/explore-enjoy/parks-recreation/places-spaces/parks-and-recreation-facilities/location/?id=2568", "ADDRESS": "115 Roosevelt Rd  ", "PostedDate": "2026-05-25T08:04:21", "AssetName": "Cosburn Park Tennis Court Drinking Fountain", "Reason": "None", "Comments": "None", "Status": "1" }, "geometry": { "type": "MultiPoint", "coordinates": [ [ -79.3306219, 43.69296473 ] ] } },
{ "type": "Feature", "properties": { "_id": 220, "ASSET_ID": 2467, "LOCATION": "Bill Johnston Park", "ALTERNATIVE_NAME": "Bill Johnston Park East Drinking Water Station", "TYPE": "Drinking Fountain, Dog Fountain", "ACCESSIBLE_FEATURES": "None", "HOURS": "None", "LOCATION_DETAILS": "Located in the east seating area next to Western Battery Road.", "URL": "https://www.toronto.ca/explore-enjoy/parks-recreation/places-spaces/parks-and-recreation-facilities/location/?id=1901", "ADDRESS": "65 Western Battery Rd  ", "PostedDate": "2026-05-25T08:03:53", "AssetName": "Bill Johnston Park East Drinking Water Station", "Reason": "None", "Comments": "None", "Status": "1" }, "geometry": { "type": "MultiPoint", "coordinates": [ [ -79.41312015, 43.64003636 ] ] } },
{ "type": "Feature", "properties": { "_id": 221, "ASSET_ID": 102246, "LOCATION": "Bill Johnston Park", "ALTERNATIVE_NAME": "Bill Johnston Park Dog Off-Leash Area Drinking Water Station", "TYPE": "Drinking Fountain, Dog Fountain", "ACCESSIBLE_FEATURES": "None", "HOURS": "None", "LOCATION_DETAILS": "Located in the dog off-leash area near the east entrance gate.", "URL": "https://www.toronto.ca/explore-enjoy/parks-recreation/places-spaces/parks-and-recreation-facilities/location/?id=1901", "ADDRESS": "65 Western Battery Rd  ", "PostedDate": "2026-05-25T08:03:45", "AssetName": "Bill Johnston Park Dog Off-Leash Area Drinking Water Station", "Reason": "None", "Comments": "None", "Status": "1" }, "geometry": { "type": "MultiPoint", "coordinates": [ [ -79.4147179, 43.64014033 ] ] } },
{ "type": "Feature", "properties": { "_id": 222, "ASSET_ID": 2441, "LOCATION": "Carlton Park", "ALTERNATIVE_NAME": "Carlton Park Wading Pool Drinking Fountain", "TYPE": "Drinking Fountain", "ACCESSIBLE_FEATURES": "None", "HOURS": "None", "LOCATION_DETAILS": "Located on the east side of the wading pool.", "URL": "https://www.toronto.ca/explore-enjoy/parks-recreation/places-spaces/parks-and-recreation-facilities/location/?id=147", "ADDRESS": "20 Edith Ave  ", "PostedDate": "2026-05-25T08:02:56", "AssetName": "Carlton Park Wading Pool Drinking Fountain", "Reason": "None", "Comments": "None", "Status": "1" }, "geometry": { "type": "MultiPoint", "coordinates": [ [ -79.45492713, 43.66658724 ] ] } },
{ "type": "Feature", "properties": { "_id": 223, "ASSET_ID": 79176, "LOCATION": "Carlton Park", "ALTERNATIVE_NAME": "Carlton Park Playground Drinking Water Station", "TYPE": "Drinking Fountain, Dog Fountain", "ACCESSIBLE_FEATURES": "None", "HOURS": "None", "LOCATION_DETAILS": "Located on the pathway between the playground, the fire pit and the basketball court. ", "URL": "https://www.toronto.ca/explore-enjoy/parks-recreation/places-spaces/parks-and-recreation-facilities/location/?id=147", "ADDRESS": "20 Edith Ave  ", "PostedDate": "2026-05-25T08:02:50", "AssetName": "Carlton Park Playground Drinking Water Station", "Reason": "None", "Comments": "None", "Status": "1" }, "geometry": { "type": "MultiPoint", "coordinates": [ [ -79.4556855, 43.66658372 ] ] } },
{ "type": "Feature", "properties": { "_id": 224, "ASSET_ID": 102054, "LOCATION": "Cawthra Playground", "ALTERNATIVE_NAME": "Cawthra Playground Bottle Filling Station", "TYPE": "Bottle Filling Station", "ACCESSIBLE_FEATURES": "None", "HOURS": "None", "LOCATION_DETAILS": "Located on the pathway between Albany Avenue and the playground.", "URL": "https://www.toronto.ca/explore-enjoy/parks-recreation/places-spaces/parks-and-recreation-facilities/location/?id=161", "ADDRESS": "355 Albany Ave  ", "PostedDate": "2026-05-25T08:02:18", "AssetName": "Cawthra Playground Bottle Filling Station", "Reason": "None", "Comments": "None", "Status": "1" }, "geometry": { "type": "MultiPoint", "coordinates": [ [ -79.41411964, 43.67582491 ] ] } },
{ "type": "Feature", "properties": { "_id": 225, "ASSET_ID": 102178, "LOCATION": "Maplehurst Park", "ALTERNATIVE_NAME": "Maplehurst Park Playground Drinking Fountain", "TYPE": "Drinking Fountain", "ACCESSIBLE_FEATURES": "None", "HOURS": "None", "LOCATION_DETAILS": "Located southeast of the playground.", "URL": "https://www.toronto.ca/explore-enjoy/parks-recreation/places-spaces/parks-and-recreation-facilities/location/?id=2355", "ADDRESS": "296 Maplehurst Ave  ", "PostedDate": "2026-05-25T07:50:07", "AssetName": "Maplehurst Park Playground Drinking Fountain", "Reason": "None", "Comments": "THIS IS NOT A DRINKING FOUNTAIN, IT'S A WATER FEATURE FOR THE SANDBOX. REMOVE FROM LIVE.", "Status": "2" }, "geometry": { "type": "MultiPoint", "coordinates": [ [ -79.39790686, 43.76578073 ] ] } },
{ "type": "Feature", "properties": { "_id": 226, "ASSET_ID": 2428, "LOCATION": "Victoria Memorial Square Park", "ALTERNATIVE_NAME": "Victoria Memorial Square Park Drinking Fountain", "TYPE": "Drinking Fountain", "ACCESSIBLE_FEATURES": "None", "HOURS": "None", "LOCATION_DETAILS": "Located on the east side of the pathway on the southwest corner of the park.", "URL": "https://www.toronto.ca/explore-enjoy/parks-recreation/places-spaces/parks-and-recreation-facilities/location/?id=255", "ADDRESS": "10 Niagara St  ", "PostedDate": "2026-05-22T14:25:09", "AssetName": "Victoria Memorial Square Park Drinking Fountain", "Reason": "None", "Comments": "None", "Status": "1" }, "geometry": { "type": "MultiPoint", "coordinates": [ [ -79.40050017, 43.64231188 ] ] } },
{ "type": "Feature", "properties": { "_id": 227, "ASSET_ID": 102088, "LOCATION": "Main Sewage Treatment Playground", "ALTERNATIVE_NAME": "Main Sewage Treatment Playground Rugby Field Bottle Filling Station", "TYPE": "Bottle Filling Station", "ACCESSIBLE_FEATURES": "None", "HOURS": "None", "LOCATION_DETAILS": "Located north of the rugby field by the west end of the parking lot.", "URL": "https://www.toronto.ca/explore-enjoy/parks-recreation/places-spaces/parks-and-recreation-facilities/location/?id=2283", "ADDRESS": "1091 Eastern Ave  ", "PostedDate": "2026-05-22T14:24:47", "AssetName": "Main Sewage Treatment Playground Rugby Field Bottle Filling Station", "Reason": "None", "Comments": "None", "Status": "1" }, "geometry": { "type": "MultiPoint", "coordinates": [ [ -79.31682671, 43.66345169 ] ] } },
{ "type": "Feature", "properties": { "_id": 228, "ASSET_ID": 102107, "LOCATION": "The Doctors' Parkette", "ALTERNATIVE_NAME": "The Doctors' Parkette Drinking Water Station", "TYPE": "Bottle Filling Station, Drinking Fountain", "ACCESSIBLE_FEATURES": "None", "HOURS": "None", "LOCATION_DETAILS": "Located on the west side of the park along Brunswick Avenue.", "URL": "https://www.toronto.ca/explore-enjoy/parks-recreation/places-spaces/parks-and-recreation-facilities/location/?id=2179", "ADDRESS": "15 Brunswick Ave  ", "PostedDate": "2026-05-22T14:24:19", "AssetName": "The Doctors' Parkette Drinking Water Station", "Reason": "None", "Comments": "None", "Status": "1" }, "geometry": { "type": "MultiPoint", "coordinates": [ [ -79.40404312, 43.65744665 ] ] } },
{ "type": "Feature", "properties": { "_id": 229, "ASSET_ID": 102244, "LOCATION": "Stanley Park South - Toronto", "ALTERNATIVE_NAME": "Stanley Park South - Toronto Tennis Court Drinking Fountain", "TYPE": "Drinking Fountain", "ACCESSIBLE_FEATURES": "None", "HOURS": "None", "LOCATION_DETAILS": "Located north of the tennis courts next to the washroom building.", "URL": "https://www.toronto.ca/explore-enjoy/parks-recreation/places-spaces/parks-and-recreation-facilities/location/?id=2750", "ADDRESS": "700 Wellington St  W ", "PostedDate": "2026-05-22T14:23:48", "AssetName": "Stanley Park South - Toronto Tennis Court Drinking Fountain", "Reason": "None", "Comments": "None", "Status": "1" }, "geometry": { "type": "MultiPoint", "coordinates": [ [ -79.40812925, 43.64185702 ] ] } },
{ "type": "Feature", "properties": { "_id": 230, "ASSET_ID": 102243, "LOCATION": "Stanley Park South - Toronto", "ALTERNATIVE_NAME": "Stanley Park South - Toronto Dog Off-Leash Area Drinking Water Station", "TYPE": "Drinking Fountain, Dog Fountain", "ACCESSIBLE_FEATURES": "None", "HOURS": "None", "LOCATION_DETAILS": "Located on the north end of the dog off-leash area.", "URL": "https://www.toronto.ca/explore-enjoy/parks-recreation/places-spaces/parks-and-recreation-facilities/location/?id=2750", "ADDRESS": "700 Wellington St  W ", "PostedDate": "2026-05-22T14:23:40", "AssetName": "Stanley Park South - Toronto Dog Off-Leash Area Drinking Water Station", "Reason": "None", "Comments": "None", "Status": "1" }, "geometry": { "type": "MultiPoint", "coordinates": [ [ -79.40922737, 43.64155503 ] ] } },
{ "type": "Feature", "properties": { "_id": 231, "ASSET_ID": 132641, "LOCATION": "St. Andrew's Playground", "ALTERNATIVE_NAME": "St. Andrew's Playground Dog Fountain", "TYPE": "Dog Fountain", "ACCESSIBLE_FEATURES": "None", "HOURS": "None", "LOCATION_DETAILS": "Located in the southwest corner of the dog off-leash area.", "URL": "https://www.toronto.ca/explore-enjoy/parks-recreation/places-spaces/parks-and-recreation-facilities/location/?id=183", "ADDRESS": "450 Adelaide St W", "PostedDate": "2026-05-22T14:23:22", "AssetName": "St. Andrew's Playground Dog Fountain", "Reason": "None", "Comments": "None", "Status": "1" }, "geometry": { "type": "MultiPoint", "coordinates": [ [ -79.39929614, 43.64618577 ] ] } },
{ "type": "Feature", "properties": { "_id": 232, "ASSET_ID": 101685, "LOCATION": "St. Andrew's Playground", "ALTERNATIVE_NAME": "St. Andrew's Playground Bottle Filling Station", "TYPE": "Bottle Filling Station", "ACCESSIBLE_FEATURES": "None", "HOURS": "None", "LOCATION_DETAILS": "Located east of the dog off-leash area along the pathway.", "URL": "https://www.toronto.ca/explore-enjoy/parks-recreation/places-spaces/parks-and-recreation-facilities/location/?id=183", "ADDRESS": "450 Adelaide St W", "PostedDate": "2026-05-22T14:23:15", "AssetName": "St. Andrew's Playground Bottle Filling Station", "Reason": "None", "Comments": "None", "Status": "1" }, "geometry": { "type": "MultiPoint", "coordinates": [ [ -79.39910061, 43.6463085 ] ] } },
{ "type": "Feature", "properties": { "_id": 233, "ASSET_ID": 102066, "LOCATION": "Sergeant Ryan Russell Parkette", "ALTERNATIVE_NAME": "Sergent Ryan Russell Parkette Drinking Water Station", "TYPE": "Bottle Filling Station, Drinking Fountain", "ACCESSIBLE_FEATURES": "None", "HOURS": "None", "LOCATION_DETAILS": "Located east of the playground.", "URL": "https://www.toronto.ca/explore-enjoy/parks-recreation/places-spaces/parks-and-recreation-facilities/location/?id=2103", "ADDRESS": "250 Avenue Rd  ", "PostedDate": "2026-05-22T14:22:55", "AssetName": "Sergent Ryan Russell Parkette Drinking Water Station", "Reason": "None", "Comments": "None", "Status": "1" }, "geometry": { "type": "MultiPoint", "coordinates": [ [ -79.39804735, 43.67749105 ] ] } },
{ "type": "Feature", "properties": { "_id": 234, "ASSET_ID": 2635, "LOCATION": "Seaton Park", "ALTERNATIVE_NAME": "Seaton Park Bottle Filling Station", "TYPE": "Bottle Filling Station", "ACCESSIBLE_FEATURES": "None", "HOURS": "None", "LOCATION_DETAILS": "Located on the east end of the park on the south side of the pathway. ", "URL": "https://www.toronto.ca/explore-enjoy/parks-recreation/places-spaces/parks-and-recreation-facilities/location/?id=388", "ADDRESS": "14 Albany Ave  ", "PostedDate": "2026-05-22T14:22:41", "AssetName": "Seaton Park Bottle Filling Station", "Reason": "None", "Comments": "None", "Status": "1" }, "geometry": { "type": "MultiPoint", "coordinates": [ [ -79.41034067, 43.66594507 ] ] } },
{ "type": "Feature", "properties": { "_id": 235, "ASSET_ID": 102163, "LOCATION": "Riverdale Park East", "ALTERNATIVE_NAME": "Riverdale Park East Outdoor Pool Drinking Fountain", "TYPE": "Drinking Fountain", "ACCESSIBLE_FEATURES": "None", "HOURS": "View outdoor pool hours", "LOCATION_DETAILS": "Located on the deck of the outdoor pool.", "URL": "https://www.toronto.ca/explore-enjoy/parks-recreation/places-spaces/parks-and-recreation-facilities/location/?id=343", "ADDRESS": "550 Broadview Ave  ", "PostedDate": "2026-05-22T14:21:58", "AssetName": "Riverdale Park East Outdoor Pool Drinking Fountain", "Reason": "None", "Comments": "None", "Status": "1" }, "geometry": { "type": "MultiPoint", "coordinates": [ [ -79.35720829, 43.6722633 ] ] } },
{ "type": "Feature", "properties": { "_id": 236, "ASSET_ID": 132560, "LOCATION": "Riverdale Park East", "ALTERNATIVE_NAME": "Riverdale Park East Fieldhouse Bottle Filling Station", "TYPE": "Bottle Filling Station", "ACCESSIBLE_FEATURES": "None", "HOURS": "None", "LOCATION_DETAILS": "Located on the outside of the Fieldhouse Washroom building at the south end of the park.", "URL": "https://www.toronto.ca/explore-enjoy/parks-recreation/places-spaces/parks-and-recreation-facilities/location/?id=343", "ADDRESS": "550 Broadview Ave", "PostedDate": "2026-05-22T14:21:48", "AssetName": "Riverdale Park East Fieldhouse Bottle Filling Station", "Reason": "None", "Comments": "None", "Status": "1" }, "geometry": { "type": "MultiPoint", "coordinates": [ [ -79.35573782, 43.66778152 ] ] } },
{ "type": "Feature", "properties": { "_id": 237, "ASSET_ID": 2668, "LOCATION": "Riverdale Park East", "ALTERNATIVE_NAME": "Riverdale Park East Clubhouse Drinking Water Station", "TYPE": "Bottle Filling Station, Drinking Fountain, Dog Fountain", "ACCESSIBLE_FEATURES": "None", "HOURS": "None", "LOCATION_DETAILS": "Located outside on the east side of St. Matthews Lawn Bowling Clubhouse.", "URL": "https://www.toronto.ca/explore-enjoy/parks-recreation/places-spaces/parks-and-recreation-facilities/location/?id=343", "ADDRESS": "550 Broadview Ave  ", "PostedDate": "2026-05-22T14:21:39", "AssetName": "Riverdale Park East Clubhouse Drinking Water Station", "Reason": "None", "Comments": "None", "Status": "1" }, "geometry": { "type": "MultiPoint", "coordinates": [ [ -79.35356656, 43.6676141 ] ] } },
{ "type": "Feature", "properties": { "_id": 238, "ASSET_ID": 102098, "LOCATION": "Riverdale Park East", "ALTERNATIVE_NAME": "Riverdale Park East Bottle Filling Station", "TYPE": "Bottle Filling Station", "ACCESSIBLE_FEATURES": "None", "HOURS": "None", "LOCATION_DETAILS": "Located along the pathway between the outdoor pool and the outdoor ice rink.", "URL": "https://www.toronto.ca/explore-enjoy/parks-recreation/places-spaces/parks-and-recreation-facilities/location/?id=343", "ADDRESS": "550 Broadview Ave  ", "PostedDate": "2026-05-22T14:21:27", "AssetName": "Riverdale Park East Bottle Filling Station", "Reason": "None", "Comments": "None", "Status": "1" }, "geometry": { "type": "MultiPoint", "coordinates": [ [ -79.35675795, 43.67242624 ] ] } },
{ "type": "Feature", "properties": { "_id": 239, "ASSET_ID": 102074, "LOCATION": "Ramsden Park", "ALTERNATIVE_NAME": "Ramsden Park Wading Pool Drinking Water Station", "TYPE": "Bottle Filling Station, Drinking Fountain", "ACCESSIBLE_FEATURES": "None", "HOURS": "None", "LOCATION_DETAILS": "Located north of the wading pool along the pathway.", "URL": "https://www.toronto.ca/explore-enjoy/parks-recreation/places-spaces/parks-and-recreation-facilities/location/?id=167", "ADDRESS": "1020 Yonge St  ", "PostedDate": "2026-05-22T14:20:42", "AssetName": "Ramsden Park Wading Pool Drinking Water Station", "Reason": "None", "Comments": "None", "Status": "1" }, "geometry": { "type": "MultiPoint", "coordinates": [ [ -79.3924134, 43.67678104 ] ] } },
{ "type": "Feature", "properties": { "_id": 240, "ASSET_ID": 102072, "LOCATION": "Ramsden Park", "ALTERNATIVE_NAME": "Ramsden Park Tennis Court Bottle Filling Station", "TYPE": "Bottle Filling Station", "ACCESSIBLE_FEATURES": "None", "HOURS": "None", "LOCATION_DETAILS": "Located south of the tennis courts outside the washroom building.", "URL": "https://www.toronto.ca/explore-enjoy/parks-recreation/places-spaces/parks-and-recreation-facilities/location/?id=167", "ADDRESS": "1020 Yonge St  ", "PostedDate": "2026-05-22T14:20:18", "AssetName": "Ramsden Park Tennis Court Bottle Filling Station", "Reason": "None", "Comments": "None", "Status": "1" }, "geometry": { "type": "MultiPoint", "coordinates": [ [ -79.39480108, 43.67618887 ] ] } },
{ "type": "Feature", "properties": { "_id": 241, "ASSET_ID": 102068, "LOCATION": "Ramsden Park", "ALTERNATIVE_NAME": "Ramsden Park Picnic Site 1 Drinking Water Station", "TYPE": "Bottle Filling Station, Drinking Fountain", "ACCESSIBLE_FEATURES": "None", "HOURS": "None", "LOCATION_DETAILS": "Located north of Picnic Site #1 along the pathway.", "URL": "https://www.toronto.ca/explore-enjoy/parks-recreation/places-spaces/parks-and-recreation-facilities/location/?id=167", "ADDRESS": "1020 Yonge St  ", "PostedDate": "2026-05-22T14:20:11", "AssetName": "Ramsden Park Picnic Site 1 Drinking Water Station", "Reason": "None", "Comments": "None", "Status": "1" }, "geometry": { "type": "MultiPoint", "coordinates": [ [ -79.38993541, 43.67662238 ] ] } },
{ "type": "Feature", "properties": { "_id": 242, "ASSET_ID": 102071, "LOCATION": "Ramsden Park", "ALTERNATIVE_NAME": "Ramsden Park Drinking Water Station", "TYPE": "Bottle Filling Station, Drinking Fountain", "ACCESSIBLE_FEATURES": "None", "HOURS": "None", "LOCATION_DETAILS": "Located at the entrance of the southwest corner of the park along the pathway.", "URL": "https://www.toronto.ca/explore-enjoy/parks-recreation/places-spaces/parks-and-recreation-facilities/location/?id=167", "ADDRESS": "1020 Yonge St  ", "PostedDate": "2026-05-22T14:20:02", "AssetName": "Ramsden Park Drinking Water Station", "Reason": "None", "Comments": "None", "Status": "1" }, "geometry": { "type": "MultiPoint", "coordinates": [ [ -79.39624905, 43.67582064 ] ] } },
{ "type": "Feature", "properties": { "_id": 243, "ASSET_ID": 102209, "LOCATION": "Ramsden Park", "ALTERNATIVE_NAME": "Ramsden Park Dog Off-Leash Area Drinking Water Station", "TYPE": "Drinking Fountain, Dog Fountain", "ACCESSIBLE_FEATURES": "None", "HOURS": "None", "LOCATION_DETAILS": "Located outside the dog off-leash area on the southeast corner.", "URL": "https://www.toronto.ca/explore-enjoy/parks-recreation/places-spaces/parks-and-recreation-facilities/location/?id=167", "ADDRESS": "1020 Yonge St  ", "PostedDate": "2026-05-22T14:19:55", "AssetName": "Ramsden Park Dog Off-Leash Area Drinking Water Station", "Reason": "None", "Comments": "None", "Status": "1" }, "geometry": { "type": "MultiPoint", "coordinates": [ [ -79.39561791, 43.67640002 ] ] } },
{ "type": "Feature", "properties": { "_id": 244, "ASSET_ID": 102070, "LOCATION": "Ramsden Park", "ALTERNATIVE_NAME": "Ramsden Park Basketball Court Drinking Water Station", "TYPE": "Bottle Filling Station, Drinking Fountain", "ACCESSIBLE_FEATURES": "None", "HOURS": "None", "LOCATION_DETAILS": "Located southeast of the basketball courts.", "URL": "https://www.toronto.ca/explore-enjoy/parks-recreation/places-spaces/parks-and-recreation-facilities/location/?id=167", "ADDRESS": "1020 Yonge St  ", "PostedDate": "2026-05-22T14:19:47", "AssetName": "Ramsden Park Basketball Court Drinking Water Station", "Reason": "None", "Comments": "None", "Status": "1" }, "geometry": { "type": "MultiPoint", "coordinates": [ [ -79.39112352, 43.67620295 ] ] } },
{ "type": "Feature", "properties": { "_id": 245, "ASSET_ID": 2690, "LOCATION": "Pricefield Road Playground", "ALTERNATIVE_NAME": "Pricefield Road Playground Drinking Water Station", "TYPE": "Drinking Fountain, Dog Fountain", "ACCESSIBLE_FEATURES": "None", "HOURS": "None", "LOCATION_DETAILS": "Located south of the playground.", "URL": "https://www.toronto.ca/explore-enjoy/parks-recreation/places-spaces/parks-and-recreation-facilities/location/?id=313", "ADDRESS": "50 Pricefield Rd  ", "PostedDate": "2026-05-22T14:19:28", "AssetName": "Pricefield Road Playground Drinking Water Station", "Reason": "None", "Comments": "None", "Status": "1" }, "geometry": { "type": "MultiPoint", "coordinates": [ [ -79.38841189, 43.6811896 ] ] } },
{ "type": "Feature", "properties": { "_id": 246, "ASSET_ID": 102167, "LOCATION": "Oriole Park - Toronto", "ALTERNATIVE_NAME": "Oriole Park - Toronto Wading Pool Drinking Fountain", "TYPE": "Drinking Fountain", "ACCESSIBLE_FEATURES": "None", "HOURS": "None", "LOCATION_DETAILS": "Located north of the wading pool.", "URL": "https://www.toronto.ca/explore-enjoy/parks-recreation/places-spaces/parks-and-recreation-facilities/location/?id=245", "ADDRESS": "201 Oriole Pkwy  ", "PostedDate": "2026-05-22T14:18:59", "AssetName": "Oriole Park - Toronto Wading Pool Drinking Fountain", "Reason": "None", "Comments": "None", "Status": "1" }, "geometry": { "type": "MultiPoint", "coordinates": [ [ -79.39880921, 43.69738506 ] ] } },
{ "type": "Feature", "properties": { "_id": 247, "ASSET_ID": 2711, "LOCATION": "Oriole Park - Toronto", "ALTERNATIVE_NAME": "Oriole Park Toronto Baseball Diamond Drinking Water Station", "TYPE": "Drinking Fountain, Dog Fountain", "ACCESSIBLE_FEATURES": "None", "HOURS": "None", "LOCATION_DETAILS": "Located north of the baseball diamond.", "URL": "https://www.toronto.ca/explore-enjoy/parks-recreation/places-spaces/parks-and-recreation-facilities/location/?id=245", "ADDRESS": "201 Oriole Pkwy  ", "PostedDate": "2026-05-22T14:18:47", "AssetName": "Oriole Park Toronto Baseball Diamond Drinking Water Station", "Reason": "None", "Comments": "None", "Status": "1" }, "geometry": { "type": "MultiPoint", "coordinates": [ [ -79.40066553, 43.69753688 ] ] } },
{ "type": "Feature", "properties": { "_id": 248, "ASSET_ID": 2712, "LOCATION": "Oriole Park - Toronto", "ALTERNATIVE_NAME": "Oriole Park Toronto Tennis Court Drinking Fountain", "TYPE": "Drinking Fountain", "ACCESSIBLE_FEATURES": "None", "HOURS": "None", "LOCATION_DETAILS": "Located near the washroom building, north of the tennis courts.", "URL": "https://www.toronto.ca/explore-enjoy/parks-recreation/places-spaces/parks-and-recreation-facilities/location/?id=245", "ADDRESS": "201 Oriole Pkwy  ", "PostedDate": "2026-05-22T14:18:38", "AssetName": "Oriole Park Toronto Tennis Court Drinking Fountain", "Reason": "None", "Comments": "None", "Status": "1" }, "geometry": { "type": "MultiPoint", "coordinates": [ [ -79.39951339, 43.69715041 ] ] } },
{ "type": "Feature", "properties": { "_id": 249, "ASSET_ID": 78685, "LOCATION": "Oriole Park - Toronto", "ALTERNATIVE_NAME": "Oriole Park Toronto Tennis Court Bottle Filling Station", "TYPE": "Bottle Filling Station", "ACCESSIBLE_FEATURES": "None", "HOURS": "None", "LOCATION_DETAILS": "Located near the washroom building, north of the tennis courts.", "URL": "https://www.toronto.ca/explore-enjoy/parks-recreation/places-spaces/parks-and-recreation-facilities/location/?id=245", "ADDRESS": "201 Oriole Pkwy  ", "PostedDate": "2026-05-22T14:18:30", "AssetName": "Oriole Park Toronto Tennis Court Bottle Filling Station", "Reason": "None", "Comments": "None", "Status": "1" }, "geometry": { "type": "MultiPoint", "coordinates": [ [ -79.39940945, 43.69720309 ] ] } },
{ "type": "Feature", "properties": { "_id": 250, "ASSET_ID": 102022, "LOCATION": "McCormick Park", "ALTERNATIVE_NAME": "McCormick Park Wading Pool Drinking Water Station", "TYPE": "Bottle Filling Station, Drinking Fountain", "ACCESSIBLE_FEATURES": "None", "HOURS": "None", "LOCATION_DETAILS": "Located southeast of the wading pool.", "URL": "https://www.toronto.ca/explore-enjoy/parks-recreation/places-spaces/parks-and-recreation-facilities/location/?id=60", "ADDRESS": "66 Sheridan Ave  ", "PostedDate": "2026-05-22T14:15:25", "AssetName": "McCormick Park Wading Pool Drinking Water Station", "Reason": "None", "Comments": "None", "Status": "1" }, "geometry": { "type": "MultiPoint", "coordinates": [ [ -79.43369763, 43.64670573 ] ] } },
{ "type": "Feature", "properties": { "_id": 251, "ASSET_ID": 2150, "LOCATION": "Maple Leaf Forever Park", "ALTERNATIVE_NAME": "Maple Leaf Forever Park Playground Drinking Water Station", "TYPE": "Drinking Fountain, Dog Fountain", "ACCESSIBLE_FEATURES": "None", "HOURS": "None", "LOCATION_DETAILS": "Located east of the playground.", "URL": "https://www.toronto.ca/explore-enjoy/parks-recreation/places-spaces/parks-and-recreation-facilities/location/?id=2420", "ADDRESS": "62 Laing St  ", "PostedDate": "2026-05-22T14:15:04", "AssetName": "Maple Leaf Forever Park Playground Drinking Water Station", "Reason": "None", "Comments": "None", "Status": "1" }, "geometry": { "type": "MultiPoint", "coordinates": [ [ -79.32772857, 43.66299501 ] ] } },
{ "type": "Feature", "properties": { "_id": 252, "ASSET_ID": 2165, "LOCATION": "Little Trinity Church Lands", "ALTERNATIVE_NAME": "Little Trinity Church Lands Playground Drinking Fountain", "TYPE": "Drinking Fountain", "ACCESSIBLE_FEATURES": "None", "HOURS": "None", "LOCATION_DETAILS": "Located in the playground.", "URL": "https://www.toronto.ca/explore-enjoy/parks-recreation/places-spaces/parks-and-recreation-facilities/location/?id=1468", "ADDRESS": "417 King St  E ", "PostedDate": "2026-05-22T14:14:48", "AssetName": "Little Trinity Church Lands Playground Drinking Fountain", "Reason": "None", "Comments": "None", "Status": "1" }, "geometry": { "type": "MultiPoint", "coordinates": [ [ -79.36203902, 43.65281958 ] ] } },
{ "type": "Feature", "properties": { "_id": 253, "ASSET_ID": 2187, "LOCATION": "Larry Sefton Park", "ALTERNATIVE_NAME": "Larry Sefton Park Drinking Fountain", "TYPE": "Drinking Fountain", "ACCESSIBLE_FEATURES": "None", "HOURS": "None", "LOCATION_DETAILS": "Located in the middle of Larry Sefton park.", "URL": "https://www.toronto.ca/explore-enjoy/parks-recreation/places-spaces/parks-and-recreation-facilities/location/?id=377", "ADDRESS": "500 Bay St  ", "PostedDate": "2026-05-22T14:14:25", "AssetName": "Larry Sefton Park Drinking Fountain", "Reason": "None", "Comments": "None", "Status": "1" }, "geometry": { "type": "MultiPoint", "coordinates": [ [ -79.38352793, 43.65441049 ] ] } },
{ "type": "Feature", "properties": { "_id": 254, "ASSET_ID": 102046, "LOCATION": "Joshua Cronkwright Parkette", "ALTERNATIVE_NAME": "Joshua Cronkwright Parkette Bottle Filling Station", "TYPE": "Bottle Filling Station", "ACCESSIBLE_FEATURES": "None", "HOURS": "None", "LOCATION_DETAILS": "Located southeast of the playground.", "URL": "https://www.toronto.ca/explore-enjoy/parks-recreation/places-spaces/parks-and-recreation-facilities/location/?id=429", "ADDRESS": "504 Dawes Rd  ", "PostedDate": "2026-05-22T14:14:07", "AssetName": "Joshua Cronkwright Parkette Bottle Filling Station", "Reason": "None", "Comments": "None", "Status": "1" }, "geometry": { "type": "MultiPoint", "coordinates": [ [ -79.29760032, 43.7035937 ] ] } },
{ "type": "Feature", "properties": { "_id": 255, "ASSET_ID": 102125, "LOCATION": "Joseph Sheard Parkette", "ALTERNATIVE_NAME": "Joseph Sheard Parkette Drinking Water Station", "TYPE": "Bottle Filling Station, Drinking Fountain", "ACCESSIBLE_FEATURES": "None", "HOURS": "None", "LOCATION_DETAILS": "Located along the west side of the pathway at the north end of the park.", "URL": "https://www.toronto.ca/explore-enjoy/parks-recreation/places-spaces/parks-and-recreation-facilities/location/?id=194", "ADDRESS": "11 Granby St  ", "PostedDate": "2026-05-22T14:13:54", "AssetName": "Joseph Sheard Parkette Drinking Water Station", "Reason": "None", "Comments": "None", "Status": "1" }, "geometry": { "type": "MultiPoint", "coordinates": [ [ -79.38191707, 43.6605572 ] ] } },
{ "type": "Feature", "properties": { "_id": 256, "ASSET_ID": 79342, "LOCATION": "Jay MacPherson Green", "ALTERNATIVE_NAME": "Jay MacPherson Green Drinking Water Station", "TYPE": "Drinking Fountain, Dog Fountain", "ACCESSIBLE_FEATURES": "None", "HOURS": "None", "LOCATION_DETAILS": "Located at northeast entrance to the park.", "URL": "https://www.toronto.ca/explore-enjoy/parks-recreation/places-spaces/parks-and-recreation-facilities/location/?id=106", "ADDRESS": "255 Avenue Rd  ", "PostedDate": "2026-05-22T14:13:37", "AssetName": "Jay MacPherson Green Drinking Water Station", "Reason": "None", "Comments": "None", "Status": "1" }, "geometry": { "type": "MultiPoint", "coordinates": [ [ -79.39719727, 43.67760611 ] ] } },
{ "type": "Feature", "properties": { "_id": 257, "ASSET_ID": 2232, "LOCATION": "HUMEWOOD PARK", "ALTERNATIVE_NAME": "Humewood Park Playground Drinking Water Station", "TYPE": "Drinking Fountain, Dog Fountain", "ACCESSIBLE_FEATURES": "None", "HOURS": "None", "LOCATION_DETAILS": "Located south of the pathway, southwest of the playground.", "URL": "https://www.toronto.ca/explore-enjoy/parks-recreation/places-spaces/parks-and-recreation-facilities/location/?id=1956", "ADDRESS": "655 Humberwood Blvd  ", "PostedDate": "2026-05-22T14:13:22", "AssetName": "Humewood Park Playground Drinking Water Station", "Reason": "None", "Comments": "None", "Status": "1" }, "geometry": { "type": "MultiPoint", "coordinates": [ [ -79.42596542, 43.68366685 ] ] } },
{ "type": "Feature", "properties": { "_id": 258, "ASSET_ID": 2293, "LOCATION": "Grace - College Parkette", "ALTERNATIVE_NAME": "Grace - College Parkette Drinking Fountain", "TYPE": "Drinking Fountain", "ACCESSIBLE_FEATURES": "None", "HOURS": "None", "LOCATION_DETAILS": "Located at the southwest corner of Grace and College Streets.", "URL": "https://www.toronto.ca/explore-enjoy/parks-recreation/places-spaces/parks-and-recreation-facilities/location/?id=68", "ADDRESS": " Grace St  ", "PostedDate": "2026-05-22T14:13:06", "AssetName": "Grace - College Parkette Drinking Fountain", "Reason": "None", "Comments": "None", "Status": "1" }, "geometry": { "type": "MultiPoint", "coordinates": [ [ -79.41563696, 43.65486119 ] ] } },
{ "type": "Feature", "properties": { "_id": 259, "ASSET_ID": 80067, "LOCATION": "Glenn Gould Park", "ALTERNATIVE_NAME": "Glenn Gould Park Bottle Filling Station", "TYPE": "Bottle Filling Station", "ACCESSIBLE_FEATURES": "None", "HOURS": "None", "LOCATION_DETAILS": "Located on the pathway near the corner of St. Clair Avenue West and Avenue Road.", "URL": "https://www.toronto.ca/explore-enjoy/parks-recreation/places-spaces/parks-and-recreation-facilities/location/?id=373", "ADDRESS": "480 Avenue Rd  ", "PostedDate": "2026-05-22T14:12:51", "AssetName": "Glenn Gould Park Bottle Filling Station", "Reason": "None", "Comments": "None", "Status": "1" }, "geometry": { "type": "MultiPoint", "coordinates": [ [ -79.40190262, 43.68669846 ] ] } },
{ "type": "Feature", "properties": { "_id": 260, "ASSET_ID": 2364, "LOCATION": "Dentonia Park", "ALTERNATIVE_NAME": "Dentonia Park Sports Fields Drinking Water Station", "TYPE": "Drinking Fountain, Dog Fountain", "ACCESSIBLE_FEATURES": "None", "HOURS": "None", "LOCATION_DETAILS": "Located on a pathway near the northwest corner of the sports field.", "URL": "https://www.toronto.ca/explore-enjoy/parks-recreation/places-spaces/parks-and-recreation-facilities/location/?id=1057", "ADDRESS": "80 Thyra Ave  ", "PostedDate": "2026-05-22T14:12:19", "AssetName": "Dentonia Park Sports Fields Drinking Water Station", "Reason": "None", "Comments": "None", "Status": "1" }, "geometry": { "type": "MultiPoint", "coordinates": [ [ -79.29271541, 43.69394101 ] ] } },
{ "type": "Feature", "properties": { "_id": 261, "ASSET_ID": 102019, "LOCATION": "Dentonia Park", "ALTERNATIVE_NAME": "Dentonia Park Basketball Court Bottle Filling Station", "TYPE": "Bottle Filling Station", "ACCESSIBLE_FEATURES": "None", "HOURS": "None", "LOCATION_DETAILS": "Located on the washroom building next to the basketball court.", "URL": "https://www.toronto.ca/explore-enjoy/parks-recreation/places-spaces/parks-and-recreation-facilities/location/?id=1057", "ADDRESS": "80 Thyra Ave  ", "PostedDate": "2026-05-22T14:12:12", "AssetName": "Dentonia Park Basketball Court Bottle Filling Station", "Reason": "None", "Comments": "None", "Status": "1" }, "geometry": { "type": "MultiPoint", "coordinates": [ [ -79.29270842, 43.69412412 ] ] } },
{ "type": "Feature", "properties": { "_id": 262, "ASSET_ID": 102036, "LOCATION": "Cudmore Creek Park", "ALTERNATIVE_NAME": "Cudmore Creek Park Bottle Filling Station", "TYPE": "Bottle Filling Station", "ACCESSIBLE_FEATURES": "None", "HOURS": "None", "LOCATION_DETAILS": "Located on the pathway east of the playground.", "URL": "https://www.toronto.ca/explore-enjoy/parks-recreation/places-spaces/parks-and-recreation-facilities/location/?id=3628", "ADDRESS": "250 Manor Rd  E ", "PostedDate": "2026-05-22T14:10:31", "AssetName": "Cudmore Creek Park Bottle Filling Station", "Reason": "None", "Comments": "None", "Status": "1" }, "geometry": { "type": "MultiPoint", "coordinates": [ [ -79.38500185, 43.70533067 ] ] } },
{ "type": "Feature", "properties": { "_id": 263, "ASSET_ID": 2382, "LOCATION": "Craigleigh Gardens", "ALTERNATIVE_NAME": "Craigleigh Gardens Drinking Water Station", "TYPE": "Drinking Fountain, Dog Fountain", "ACCESSIBLE_FEATURES": "None", "HOURS": "None", "LOCATION_DETAILS": "Located on the pathway just inside the gates from South Drive.", "URL": "https://www.toronto.ca/explore-enjoy/parks-recreation/places-spaces/parks-and-recreation-facilities/location/?id=370", "ADDRESS": "160 South Dr  ", "PostedDate": "2026-05-22T14:10:18", "AssetName": "Craigleigh Gardens Drinking Water Station", "Reason": "None", "Comments": "None", "Status": "1" }, "geometry": { "type": "MultiPoint", "coordinates": [ [ -79.3734502, 43.67732168 ] ] } },
{ "type": "Feature", "properties": { "_id": 264, "ASSET_ID": 2396, "LOCATION": "Columbus Parkette", "ALTERNATIVE_NAME": "Columbus Parkette Drinking Fountain", "TYPE": "Drinking Fountain", "ACCESSIBLE_FEATURES": "None", "HOURS": "None", "LOCATION_DETAILS": "Located on the south side of the wading pool. ", "URL": "https://www.toronto.ca/explore-enjoy/parks-recreation/places-spaces/parks-and-recreation-facilities/location/?id=226", "ADDRESS": "1985 Dundas St  W ", "PostedDate": "2026-05-22T14:09:58", "AssetName": "Columbus Parkette Drinking Fountain", "Reason": "None", "Comments": "None", "Status": "1" }, "geometry": { "type": "MultiPoint", "coordinates": [ [ -79.44598169, 43.65102611 ] ] } },
{ "type": "Feature", "properties": { "_id": 265, "ASSET_ID": 102043, "LOCATION": "Chelsea Avenue Playground", "ALTERNATIVE_NAME": "Chelsea Avenue Playground Bottle Filling Station", "TYPE": "Bottle Filling Station", "ACCESSIBLE_FEATURES": "None", "HOURS": "None", "LOCATION_DETAILS": "Located on the pathway between the wading pool and the playground.", "URL": "https://www.toronto.ca/explore-enjoy/parks-recreation/places-spaces/parks-and-recreation-facilities/location/?id=190", "ADDRESS": "103 Chelsea Ave  ", "PostedDate": "2026-05-22T14:09:40", "AssetName": "Chelsea Avenue Playground Bottle Filling Station", "Reason": "None", "Comments": "None", "Status": "1" }, "geometry": { "type": "MultiPoint", "coordinates": [ [ -79.45574148, 43.65736977 ] ] } },
{ "type": "Feature", "properties": { "_id": 266, "ASSET_ID": 2415, "LOCATION": "Chorley Park", "ALTERNATIVE_NAME": "Chorley Park Drinking Water Station", "TYPE": "Drinking Fountain, Dog Fountain", "ACCESSIBLE_FEATURES": "None", "HOURS": "None", "LOCATION_DETAILS": "Located on the grassy area 40 metres from Roxborough Drive.", "URL": "https://www.toronto.ca/explore-enjoy/parks-recreation/places-spaces/parks-and-recreation-facilities/location/?id=192", "ADDRESS": "245 Douglas Dr  ", "PostedDate": "2026-05-22T14:09:23", "AssetName": "Chorley Park Drinking Water Station", "Reason": "None", "Comments": "None", "Status": "1" }, "geometry": { "type": "MultiPoint", "coordinates": [ [ -79.37063659, 43.68520743 ] ] } },
{ "type": "Feature", "properties": { "_id": 267, "ASSET_ID": 2475, "LOCATION": "Ben Nobleman Park", "ALTERNATIVE_NAME": "Ben Nobleman Park Drinking Fountain", "TYPE": "Drinking Fountain", "ACCESSIBLE_FEATURES": "None", "HOURS": "None", "LOCATION_DETAILS": "Located on the grassy area in the southwest corner of the park.", "URL": "https://www.toronto.ca/explore-enjoy/parks-recreation/places-spaces/parks-and-recreation-facilities/location/?id=1046", "ADDRESS": "1075 Eglinton Ave  W ", "PostedDate": "2026-05-22T14:08:54", "AssetName": "Ben Nobleman Park Drinking Fountain", "Reason": "None", "Comments": "None", "Status": "1" }, "geometry": { "type": "MultiPoint", "coordinates": [ [ -79.43559542, 43.69821163 ] ] } },
{ "type": "Feature", "properties": { "_id": 268, "ASSET_ID": 102105, "LOCATION": "Asquith Green Park", "ALTERNATIVE_NAME": "Asquith Green Park Bottle Filling Station", "TYPE": "Bottle Filling Station", "ACCESSIBLE_FEATURES": "None", "HOURS": "None", "LOCATION_DETAILS": "Located on the pathway at the east entrance to the park.", "URL": "https://www.toronto.ca/explore-enjoy/parks-recreation/places-spaces/parks-and-recreation-facilities/location/?id=2519", "ADDRESS": "19 Park Rd  ", "PostedDate": "2026-05-22T14:08:38", "AssetName": "Asquith Green Park Bottle Filling Station", "Reason": "None", "Comments": "None", "Status": "1" }, "geometry": { "type": "MultiPoint", "coordinates": [ [ -79.38416858, 43.67191642 ] ] } },
{ "type": "Feature", "properties": { "_id": 269, "ASSET_ID": 2523, "LOCATION": "Ashbridges Bay Park", "ALTERNATIVE_NAME": "Ashbridges Bay Park Picnic Site 1 Drinking Water Station", "TYPE": "Drinking Fountain, Dog Fountain", "ACCESSIBLE_FEATURES": "None", "HOURS": "None", "LOCATION_DETAILS": "Located on the pathway on the west side of Picnic Site #1.", "URL": "https://www.toronto.ca/explore-enjoy/parks-recreation/places-spaces/parks-and-recreation-facilities/location/?id=1", "ADDRESS": "1561 Lake Shore Blvd  E ", "PostedDate": "2026-05-22T14:08:21", "AssetName": "Ashbridges Bay Park Picnic Site 1 Drinking Water Station", "Reason": "None", "Comments": "None", "Status": "1" }, "geometry": { "type": "MultiPoint", "coordinates": [ [ -79.3073938, 43.65826136 ] ] } },
{ "type": "Feature", "properties": { "_id": 270, "ASSET_ID": 2524, "LOCATION": "Ashbridges Bay Park", "ALTERNATIVE_NAME": "Ashbridges Bay Park Boardwalk Drinking Fountain", "TYPE": "Drinking Fountain", "ACCESSIBLE_FEATURES": "None", "HOURS": "None", "LOCATION_DETAILS": "Located on the boardwalk in front of the washrooms.", "URL": "https://www.toronto.ca/explore-enjoy/parks-recreation/places-spaces/parks-and-recreation-facilities/location/?id=1", "ADDRESS": "1561 Lake Shore Blvd  E ", "PostedDate": "2026-05-22T14:08:14", "AssetName": "Ashbridges Bay Park Boardwalk Drinking Fountain", "Reason": "None", "Comments": "None", "Status": "1" }, "geometry": { "type": "MultiPoint", "coordinates": [ [ -79.30883534, 43.65876673 ] ] } },
{ "type": "Feature", "properties": { "_id": 271, "ASSET_ID": 102012, "LOCATION": "Ashbridges Bay Park", "ALTERNATIVE_NAME": "Ashbridges Bay Park Boardwalk Bottle Filling Station", "TYPE": "Bottle Filling Station", "ACCESSIBLE_FEATURES": "None", "HOURS": "None", "LOCATION_DETAILS": "Located on the boardwalk in front of the washrooms.", "URL": "https://www.toronto.ca/explore-enjoy/parks-recreation/places-spaces/parks-and-recreation-facilities/location/?id=1", "ADDRESS": "1561 Lake Shore Blvd  E ", "PostedDate": "2026-05-22T14:08:05", "AssetName": "Ashbridges Bay Park Boardwalk Bottle Filling Station", "Reason": "None", "Comments": "None", "Status": "1" }, "geometry": { "type": "MultiPoint", "coordinates": [ [ -79.30890403, 43.65877231 ] ] } },
{ "type": "Feature", "properties": { "_id": 272, "ASSET_ID": 75145, "LOCATION": "Brookbanks Park", "ALTERNATIVE_NAME": "Brookbanks Park Playground Drinking Fountain", "TYPE": "Drinking Fountain", "ACCESSIBLE_FEATURES": "None", "HOURS": "None", "LOCATION_DETAILS": "Located on the north side of the pathway across from the playground near Valley Woods Road.", "URL": "https://www.toronto.ca/explore-enjoy/parks-recreation/places-spaces/parks-and-recreation-facilities/location/?id=2178", "ADDRESS": "75 Brookbanks Dr  ", "PostedDate": "2026-05-22T09:45:54", "AssetName": "Brookbanks Park Playground Drinking Fountain", "Reason": "None", "Comments": "None", "Status": "1" }, "geometry": { "type": "MultiPoint", "coordinates": [ [ -79.33317599, 43.75772952 ] ] } },
{ "type": "Feature", "properties": { "_id": 273, "ASSET_ID": 13297, "LOCATION": "Three Valleys Park", "ALTERNATIVE_NAME": "Three Valleys Park Playground Drinking Fountain", "TYPE": "Drinking Fountain", "ACCESSIBLE_FEATURES": "None", "HOURS": "None", "LOCATION_DETAILS": "Located southeast of the playground on the west side of the pathway.", "URL": "https://www.toronto.ca/explore-enjoy/parks-recreation/places-spaces/parks-and-recreation-facilities/location/?id=764", "ADDRESS": "82 Three Valleys Dr  ", "PostedDate": "2026-05-22T09:45:32", "AssetName": "Three Valleys Park Playground Drinking Fountain", "Reason": "None", "Comments": "None", "Status": "1" }, "geometry": { "type": "MultiPoint", "coordinates": [ [ -79.33805777, 43.74985804 ] ] } },
{ "type": "Feature", "properties": { "_id": 274, "ASSET_ID": 2278, "LOCATION": "Havenbrook Park", "ALTERNATIVE_NAME": "Havenbrook Park Drinking Fountain", "TYPE": "Drinking Fountain", "ACCESSIBLE_FEATURES": "None", "HOURS": "None", "LOCATION_DETAILS": "Located east of the pathway near Havenbrook Boulevard park entrance.", "URL": "https://www.toronto.ca/explore-enjoy/parks-recreation/places-spaces/parks-and-recreation-facilities/location/?id=654", "ADDRESS": "15 Havenbrook Blvd  ", "PostedDate": "2026-05-22T09:45:17", "AssetName": "Havenbrook Park Drinking Fountain", "Reason": "None", "Comments": "None", "Status": "1" }, "geometry": { "type": "MultiPoint", "coordinates": [ [ -79.35649118, 43.7683542 ] ] } },
{ "type": "Feature", "properties": { "_id": 275, "ASSET_ID": 2508, "LOCATION": "Albert Standing Park", "ALTERNATIVE_NAME": "Albert Standing Park Drinking Fountain", "TYPE": "Drinking Fountain", "ACCESSIBLE_FEATURES": "None", "HOURS": "None", "LOCATION_DETAILS": "Located on the pathway norht of the shade structures.", "URL": "https://www.toronto.ca/explore-enjoy/parks-recreation/places-spaces/parks-and-recreation-facilities/location/?id=945", "ADDRESS": "50 Bogert Ave  ", "PostedDate": "2026-05-22T09:45:01", "AssetName": "Albert Standing Park Drinking Fountain", "Reason": "None", "Comments": "None", "Status": "1" }, "geometry": { "type": "MultiPoint", "coordinates": [ [ -79.41303903, 43.7605197 ] ] } },
{ "type": "Feature", "properties": { "_id": 276, "ASSET_ID": 13283, "LOCATION": "Lord Seaton Park", "ALTERNATIVE_NAME": "Lord Seaton Park Playground Drinking Fountain", "TYPE": "Drinking Fountain", "ACCESSIBLE_FEATURES": "None", "HOURS": "None", "LOCATION_DETAILS": "Located next to the playground.", "URL": "https://www.toronto.ca/explore-enjoy/parks-recreation/places-spaces/parks-and-recreation-facilities/location/?id=2656", "ADDRESS": "168 Upper Canada Dr  ", "PostedDate": "2026-05-22T09:44:45", "AssetName": "Lord Seaton Park Playground Drinking Fountain", "Reason": "None", "Comments": "None", "Status": "1" }, "geometry": { "type": "MultiPoint", "coordinates": [ [ -79.39664901, 43.75972989 ] ] } },
{ "type": "Feature", "properties": { "_id": 277, "ASSET_ID": 13247, "LOCATION": "Brookdale Park", "ALTERNATIVE_NAME": "Brookdale Park Drinking Fountain", "TYPE": "Drinking Fountain", "ACCESSIBLE_FEATURES": "None", "HOURS": "None", "LOCATION_DETAILS": "Located on the pathway north of the playground. ", "URL": "https://www.toronto.ca/explore-enjoy/parks-recreation/places-spaces/parks-and-recreation-facilities/location/?id=2308", "ADDRESS": "410 Fairlawn Ave  ", "PostedDate": "2026-05-22T09:44:29", "AssetName": "Brookdale Park Drinking Fountain", "Reason": "None", "Comments": "None", "Status": "1" }, "geometry": { "type": "MultiPoint", "coordinates": [ [ -79.41812088, 43.72600721 ] ] } },
{ "type": "Feature", "properties": { "_id": 278, "ASSET_ID": 102118, "LOCATION": "Linus Park", "ALTERNATIVE_NAME": "Linus Park Soccer Field Bottle Filling Station", "TYPE": "Bottle Filling Station", "ACCESSIBLE_FEATURES": "None", "HOURS": "None", "LOCATION_DETAILS": "Located west of the soccer field along the pathway.", "URL": "https://www.toronto.ca/explore-enjoy/parks-recreation/places-spaces/parks-and-recreation-facilities/location/?id=341", "ADDRESS": "125 Seneca Hill Dr  ", "PostedDate": "2026-05-22T09:44:09", "AssetName": "Linus Park Soccer Field Bottle Filling Station", "Reason": "None", "Comments": "None", "Status": "1" }, "geometry": { "type": "MultiPoint", "coordinates": [ [ -79.35840014, 43.78838582 ] ] } },
{ "type": "Feature", "properties": { "_id": 279, "ASSET_ID": 2159, "LOCATION": "Westmount Park", "ALTERNATIVE_NAME": "Westmount Park Playground Drinking Fountain", "TYPE": "Drinking Fountain", "ACCESSIBLE_FEATURES": "None", "HOURS": "None", "LOCATION_DETAILS": "Located north of the playground along the pathway.", "URL": "https://www.toronto.ca/explore-enjoy/parks-recreation/places-spaces/parks-and-recreation-facilities/location/?id=2006", "ADDRESS": "22 Arcade Dr  ", "PostedDate": "2026-05-21T14:21:41", "AssetName": "Westmount Park Playground Drinking Fountain", "Reason": "None", "Comments": "None", "Status": "1" }, "geometry": { "type": "MultiPoint", "coordinates": [ [ -79.51841623, 43.68783344 ] ] } },
{ "type": "Feature", "properties": { "_id": 280, "ASSET_ID": 2634, "LOCATION": "Wincott Park", "ALTERNATIVE_NAME": "Wincott Park Playground Drinking Fountain", "TYPE": "Drinking Fountain", "ACCESSIBLE_FEATURES": "None", "HOURS": "None", "LOCATION_DETAILS": "Located south of the playground along the pathway.", "URL": "https://www.toronto.ca/explore-enjoy/parks-recreation/places-spaces/parks-and-recreation-facilities/location/?id=960", "ADDRESS": "86 Northcrest Rd  ", "PostedDate": "2026-05-21T14:21:34", "AssetName": "Wincott Park Playground Drinking Fountain", "Reason": "None", "Comments": "None", "Status": "1" }, "geometry": { "type": "MultiPoint", "coordinates": [ [ -79.55133053, 43.69226246 ] ] } },
{ "type": "Feature", "properties": { "_id": 281, "ASSET_ID": 2145, "LOCATION": "Maria Street Parkette", "ALTERNATIVE_NAME": "Maria Street Parkette Drinking Fountain", "TYPE": "Drinking Fountain", "ACCESSIBLE_FEATURES": "None", "HOURS": "None", "LOCATION_DETAILS": "Located at the entrance to the playground.", "URL": "https://www.toronto.ca/explore-enjoy/parks-recreation/places-spaces/parks-and-recreation-facilities/location/?id=37", "ADDRESS": "240 Maria St  ", "PostedDate": "2026-05-21T14:21:23", "AssetName": "Maria Street Parkette Drinking Fountain", "Reason": "None", "Comments": "None", "Status": "1" }, "geometry": { "type": "MultiPoint", "coordinates": [ [ -79.48054843, 43.66649655 ] ] } },
{ "type": "Feature", "properties": { "_id": 282, "ASSET_ID": 2318, "LOCATION": "Firgrove Park", "ALTERNATIVE_NAME": "Firgrove Park Playground Drinking Fountain", "TYPE": "Drinking Fountain", "ACCESSIBLE_FEATURES": "None", "HOURS": "None", "LOCATION_DETAILS": "Located on the pathway north of the playground.", "URL": "https://www.toronto.ca/explore-enjoy/parks-recreation/places-spaces/parks-and-recreation-facilities/location/?id=572", "ADDRESS": "254 Firgrove Cres  ", "PostedDate": "2026-05-21T13:14:17", "AssetName": "Firgrove Park Playground Drinking Fountain", "Reason": "None", "Comments": "None", "Status": "1" }, "geometry": { "type": "MultiPoint", "coordinates": [ [ -79.52098995, 43.75187192 ] ] } },
{ "type": "Feature", "properties": { "_id": 283, "ASSET_ID": 2295, "LOCATION": "Gord and Irene Risk Park", "ALTERNATIVE_NAME": "Gord and Irene Risk Park Playground Drinking Fountain", "TYPE": "Drinking Fountain", "ACCESSIBLE_FEATURES": "None", "HOURS": "None", "LOCATION_DETAILS": "Located on the pathway north of the playground.", "URL": "https://www.toronto.ca/explore-enjoy/parks-recreation/places-spaces/parks-and-recreation-facilities/location/?id=2318", "ADDRESS": "2650 Finch Ave  W ", "PostedDate": "2026-05-21T13:14:08", "AssetName": "Gord and Irene Risk Park Playground Drinking Fountain", "Reason": "None", "Comments": "None", "Status": "1" }, "geometry": { "type": "MultiPoint", "coordinates": [ [ -79.56756091, 43.74740254 ] ] } },
{ "type": "Feature", "properties": { "_id": 284, "ASSET_ID": 102179, "LOCATION": "Geary Avenue Parkette", "ALTERNATIVE_NAME": "Geary Avenue Parkette Playground Drinking Fountain", "TYPE": "Drinking Fountain", "ACCESSIBLE_FEATURES": "None", "HOURS": "None", "LOCATION_DETAILS": "Located east of the playground near the side walk on Geary Avenue.", "URL": "https://www.toronto.ca/explore-enjoy/parks-recreation/places-spaces/parks-and-recreation-facilities/location/?id=46", "ADDRESS": "15 Geary Ave  ", "PostedDate": "2026-05-21T13:13:43", "AssetName": "Geary Avenue Parkette Playground Drinking Fountain", "Reason": "None", "Comments": "None", "Status": "1" }, "geometry": { "type": "MultiPoint", "coordinates": [ [ -79.43031501, 43.67116834 ] ] } },
{ "type": "Feature", "properties": { "_id": 285, "ASSET_ID": 102044, "LOCATION": "Seven Oaks Park", "ALTERNATIVE_NAME": "Seven Oaks Park Bottle Filling Station", "TYPE": "Bottle Filling Station", "ACCESSIBLE_FEATURES": "None", "HOURS": "None", "LOCATION_DETAILS": "Located outside the washroom building, south of the tennis courts.", "URL": "https://www.toronto.ca/explore-enjoy/parks-recreation/places-spaces/parks-and-recreation-facilities/location/?id=590", "ADDRESS": "372 Military Trl  ", "PostedDate": "2026-05-21T12:57:16", "AssetName": "Seven Oaks Park Bottle Filling Station", "Reason": "None", "Comments": "None", "Status": "1" }, "geometry": { "type": "MultiPoint", "coordinates": [ [ -79.21000532, 43.78789525 ] ] } },
{ "type": "Feature", "properties": { "_id": 286, "ASSET_ID": 102100, "LOCATION": "Port Union Village Common Park", "ALTERNATIVE_NAME": "Port Union Village Common Park Playground Bottle Filling Station", "TYPE": "Bottle Filling Station", "ACCESSIBLE_FEATURES": "None", "HOURS": "None", "LOCATION_DETAILS": "Located north of the playground along the pathway.", "URL": "https://www.toronto.ca/explore-enjoy/parks-recreation/places-spaces/parks-and-recreation-facilities/location/?id=1094", "ADDRESS": "105 Bridgend St  ", "PostedDate": "2026-05-21T12:56:44", "AssetName": "Port Union Village Common Park Playground Bottle Filling Station", "Reason": "None", "Comments": "None", "Status": "1" }, "geometry": { "type": "MultiPoint", "coordinates": [ [ -79.13459916, 43.77628723 ] ] } },
{ "type": "Feature", "properties": { "_id": 287, "ASSET_ID": 102225, "LOCATION": "Neilson Park - Scarborough", "ALTERNATIVE_NAME": "Neilson Park - Scarborough Playground Drinking Fountain", "TYPE": "Drinking Fountain", "ACCESSIBLE_FEATURES": "None", "HOURS": "None", "LOCATION_DETAILS": "Located along the pathway between the playground and the splash pad.", "URL": "https://www.toronto.ca/explore-enjoy/parks-recreation/places-spaces/parks-and-recreation-facilities/location/?id=792", "ADDRESS": "1555 Neilson Rd  ", "PostedDate": "2026-05-21T12:56:30", "AssetName": "Neilson Park - Scarborough Playground Drinking Fountain", "Reason": "None", "Comments": "None", "Status": "1" }, "geometry": { "type": "MultiPoint", "coordinates": [ [ -79.22500051, 43.81377534 ] ] } },
{ "type": "Feature", "properties": { "_id": 288, "ASSET_ID": 103213, "LOCATION": "Neilson Park - Scarborough", "ALTERNATIVE_NAME": "Neilson Park - Scarborough Drinking Fountain", "TYPE": "Drinking Fountain", "ACCESSIBLE_FEATURES": "None", "HOURS": "None", "LOCATION_DETAILS": "Located on the outside of the washroom building.", "URL": "https://www.toronto.ca/explore-enjoy/parks-recreation/places-spaces/parks-and-recreation-facilities/location/?id=792", "ADDRESS": "1555 Neilson Rd", "PostedDate": "2026-05-21T12:56:18", "AssetName": "Neilson Park - Scarborough Drinking Fountain", "Reason": "None", "Comments": "None", "Status": "1" }, "geometry": { "type": "MultiPoint", "coordinates": [ [ -79.22448168, 43.81366054 ] ] } },
{ "type": "Feature", "properties": { "_id": 289, "ASSET_ID": 102060, "LOCATION": "Morningside Park", "ALTERNATIVE_NAME": "Morningside Park West Parking Lot Bottle Filling Station", "TYPE": "Bottle Filling Station", "ACCESSIBLE_FEATURES": "None", "HOURS": "None", "LOCATION_DETAILS": "Located in the washroom building along the pathway between Picnic Site #8 and #9.", "URL": "https://www.toronto.ca/explore-enjoy/parks-recreation/places-spaces/parks-and-recreation-facilities/location/?id=1470", "ADDRESS": "390 Morningside Ave  ", "PostedDate": "2026-05-21T12:55:50", "AssetName": "Morningside Park West Parking Lot Bottle Filling Station", "Reason": "None", "Comments": "None", "Status": "1" }, "geometry": { "type": "MultiPoint", "coordinates": [ [ -79.20176467, 43.77763263 ] ] } },
{ "type": "Feature", "properties": { "_id": 290, "ASSET_ID": 102058, "LOCATION": "Morningside Park", "ALTERNATIVE_NAME": "Morningside Park Central Picnic Site Bottle Filling Station", "TYPE": "Bottle Filling Station", "ACCESSIBLE_FEATURES": "None", "HOURS": "None", "LOCATION_DETAILS": "Located on the outside south side of the washroom building west of Picnic Site #1.", "URL": "https://www.toronto.ca/explore-enjoy/parks-recreation/places-spaces/parks-and-recreation-facilities/location/?id=1470", "ADDRESS": "390 Morningside Ave  ", "PostedDate": "2026-05-21T12:55:40", "AssetName": "Morningside Park Central Picnic Site Bottle Filling Station", "Reason": "None", "Comments": "None", "Status": "1" }, "geometry": { "type": "MultiPoint", "coordinates": [ [ -79.19717372, 43.77775631 ] ] } },
{ "type": "Feature", "properties": { "_id": 291, "ASSET_ID": 79548, "LOCATION": "Morningside Park", "ALTERNATIVE_NAME": "Morningside Park Bottle Filling Station", "TYPE": "Bottle Filling Station", "ACCESSIBLE_FEATURES": "None", "HOURS": "None", "LOCATION_DETAILS": "Located at the washroom building, west of the parking lot, east of the playground.", "URL": "https://www.toronto.ca/explore-enjoy/parks-recreation/places-spaces/parks-and-recreation-facilities/location/?id=1470", "ADDRESS": "390 Morningside Ave  ", "PostedDate": "2026-05-21T12:55:24", "AssetName": "Morningside Park Bottle Filling Station", "Reason": "None", "Comments": "None", "Status": "1" }, "geometry": { "type": "MultiPoint", "coordinates": [ [ -79.19403549, 43.77914897 ] ] } },
{ "type": "Feature", "properties": { "_id": 292, "ASSET_ID": 102231, "LOCATION": "Littles Road Park", "ALTERNATIVE_NAME": "Littles Road Park Playground Drinking Fountain", "TYPE": "Drinking Fountain", "ACCESSIBLE_FEATURES": "None", "HOURS": "None", "LOCATION_DETAILS": "Located west of the playground along the pathway.", "URL": "https://www.toronto.ca/explore-enjoy/parks-recreation/places-spaces/parks-and-recreation-facilities/location/?id=613", "ADDRESS": "30 Littles Rd  ", "PostedDate": "2026-05-21T12:55:01", "AssetName": "Littles Road Park Playground Drinking Fountain", "Reason": "None", "Comments": "None", "Status": "1" }, "geometry": { "type": "MultiPoint", "coordinates": [ [ -79.20445429, 43.81621876 ] ] } },
{ "type": "Feature", "properties": { "_id": 293, "ASSET_ID": 2241, "LOCATION": "Horseley Hill Park", "ALTERNATIVE_NAME": " Horseley Hill Park Drinking Fountain", "TYPE": "Drinking Fountain", "ACCESSIBLE_FEATURES": "None", "HOURS": "None", "LOCATION_DETAILS": "Located next to the splash pad.", "URL": "https://www.toronto.ca/explore-enjoy/parks-recreation/places-spaces/parks-and-recreation-facilities/location/?id=677", "ADDRESS": "145 Horseley Hill Dr  ", "PostedDate": "2026-05-21T12:54:46", "AssetName": " Horseley Hill Park Drinking Fountain", "Reason": "None", "Comments": "None", "Status": "1" }, "geometry": { "type": "MultiPoint", "coordinates": [ [ -79.22905667, 43.81024337 ] ] } },
{ "type": "Feature", "properties": { "_id": 294, "ASSET_ID": 102034, "LOCATION": "Elizabeth Simcoe Park", "ALTERNATIVE_NAME": "Elizabeth Simcoe Park Splash Pad Bottle Filling Station", "TYPE": "Bottle Filling Station", "ACCESSIBLE_FEATURES": "None", "HOURS": "None", "LOCATION_DETAILS": "Located on the pathway south of the splash pad.", "URL": "https://www.toronto.ca/explore-enjoy/parks-recreation/places-spaces/parks-and-recreation-facilities/location/?id=594", "ADDRESS": "180 Sylvan Ave  ", "PostedDate": "2026-05-21T12:54:19", "AssetName": "Elizabeth Simcoe Park Splash Pad Bottle Filling Station", "Reason": "None", "Comments": "None", "Status": "1" }, "geometry": { "type": "MultiPoint", "coordinates": [ [ -79.2049596, 43.73863322 ] ] } },
{ "type": "Feature", "properties": { "_id": 295, "ASSET_ID": 103211, "LOCATION": "Colonel Danforth Park", "ALTERNATIVE_NAME": "Colonel Danforth Park Drinking Fountain", "TYPE": "Drinking Fountain", "ACCESSIBLE_FEATURES": "None", "HOURS": "None", "LOCATION_DETAILS": "Located on the outside of the washroom building.", "URL": "https://www.toronto.ca/explore-enjoy/parks-recreation/places-spaces/parks-and-recreation-facilities/location/?id=4", "ADDRESS": "73 Colonel Danforth Trl", "PostedDate": "2026-05-21T12:54:02", "AssetName": "Colonel Danforth Park Drinking Fountain", "Reason": "None", "Comments": "None", "Status": "1" }, "geometry": { "type": "MultiPoint", "coordinates": [ [ -79.16486299, 43.77716542 ] ] } },
{ "type": "Feature", "properties": { "_id": 296, "ASSET_ID": 2461, "LOCATION": "Bob Hunter Park", "ALTERNATIVE_NAME": "Bob Hunter Park Drinking Fountain", "TYPE": "Drinking Fountain", "ACCESSIBLE_FEATURES": "None", "HOURS": "None", "LOCATION_DETAILS": "Located on the grassy area next to the pathway north of the baseball diamond.", "URL": "https://www.toronto.ca/explore-enjoy/parks-recreation/places-spaces/parks-and-recreation-facilities/location/?id=739", "ADDRESS": "205 Generation Blvd  ", "PostedDate": "2026-05-21T12:53:28", "AssetName": "Bob Hunter Park Drinking Fountain", "Reason": "None", "Comments": "None", "Status": "1" }, "geometry": { "type": "MultiPoint", "coordinates": [ [ -79.16558715, 43.80258991 ] ] } },
{ "type": "Feature", "properties": { "_id": 297, "ASSET_ID": 102237, "LOCATION": "Adams Park", "ALTERNATIVE_NAME": "Adams Park Drinking Fountain", "TYPE": "Drinking Fountain", "ACCESSIBLE_FEATURES": "None", "HOURS": "None", "LOCATION_DETAILS": "Located on the north side of the baseball diamond washroom building. ", "URL": "https://www.toronto.ca/explore-enjoy/parks-recreation/places-spaces/parks-and-recreation-facilities/location/?id=522", "ADDRESS": "2 Rozell Rd  ", "PostedDate": "2026-05-21T12:53:07", "AssetName": "Adams Park Drinking Fountain", "Reason": "None", "Comments": "None", "Status": "1" }, "geometry": { "type": "MultiPoint", "coordinates": [ [ -79.14577768, 43.79303034 ] ] } },
{ "type": "Feature", "properties": { "_id": 298, "ASSET_ID": 2729, "LOCATION": "Wexford Park", "ALTERNATIVE_NAME": "Wexford Park Playground Drinking Fountain", "TYPE": "Drinking Fountain", "ACCESSIBLE_FEATURES": "None", "HOURS": "None", "LOCATION_DETAILS": "Located southwest of the playground on the south side of the fieldhouse.", "URL": "https://www.toronto.ca/explore-enjoy/parks-recreation/places-spaces/parks-and-recreation-facilities/location/?id=571", "ADDRESS": "55 Elm Bank Rd  ", "PostedDate": "2026-05-21T08:30:55", "AssetName": "Wexford Park Playground Drinking Fountain", "Reason": "None", "Comments": "None", "Status": "1" }, "geometry": { "type": "MultiPoint", "coordinates": [ [ -79.29715948, 43.733624 ] ] } },
{ "type": "Feature", "properties": { "_id": 299, "ASSET_ID": 102147, "LOCATION": "Oakridge Park", "ALTERNATIVE_NAME": "Oakridge Park Playground Bottle Filling Station", "TYPE": "Bottle Filling Station", "ACCESSIBLE_FEATURES": "None", "HOURS": "None", "LOCATION_DETAILS": "Located east of the playground in the middle of the pathway.", "URL": "https://www.toronto.ca/explore-enjoy/parks-recreation/places-spaces/parks-and-recreation-facilities/location/?id=1496", "ADDRESS": "3459 Danforth Ave  ", "PostedDate": "2026-05-21T08:15:10", "AssetName": "Oakridge Park Playground Bottle Filling Station", "Reason": "None", "Comments": "None", "Status": "1" }, "geometry": { "type": "MultiPoint", "coordinates": [ [ -79.2790921, 43.69287177 ] ] } },
{ "type": "Feature", "properties": { "_id": 300, "ASSET_ID": 103285, "LOCATION": "Highview Park", "ALTERNATIVE_NAME": "Highview Park Playground Bottle Filling Station", "TYPE": "Bottle Filling Station", "ACCESSIBLE_FEATURES": "None", "HOURS": "None", "LOCATION_DETAILS": "Located east of the playground along the pathway.", "URL": "https://www.toronto.ca/explore-enjoy/parks-recreation/places-spaces/parks-and-recreation-facilities/location/?id=676", "ADDRESS": "150 Highview Ave", "PostedDate": "2026-05-21T08:13:24", "AssetName": "Highview Park Playground Bottle Filling Station", "Reason": "None", "Comments": "None", "Status": "1" }, "geometry": { "type": "MultiPoint", "coordinates": [ [ -79.25886578, 43.70313456 ] ] } },
{ "type": "Feature", "properties": { "_id": 301, "ASSET_ID": 103287, "LOCATION": "Highview Park", "ALTERNATIVE_NAME": "Highview Park Baseball Diamond Bottle Filling Station", "TYPE": "Bottle Filling Station", "ACCESSIBLE_FEATURES": "None", "HOURS": "None", "LOCATION_DETAILS": "Located along the pathway between the south baseball diamond and the wading pool.", "URL": "https://www.toronto.ca/explore-enjoy/parks-recreation/places-spaces/parks-and-recreation-facilities/location/?id=676", "ADDRESS": "150 Highview Ave", "PostedDate": "2026-05-21T08:12:58", "AssetName": "Highview Park Baseball Diamond Bottle Filling Station", "Reason": "None", "Comments": "None", "Status": "1" }, "geometry": { "type": "MultiPoint", "coordinates": [ [ -79.25830705, 43.70207076 ] ] } },
{ "type": "Feature", "properties": { "_id": 302, "ASSET_ID": 102126, "LOCATION": "Ashtonbee Reservoir Park", "ALTERNATIVE_NAME": "Ashtonbee Reservoir Park Bottle Filling Station", "TYPE": "Bottle Filling Station", "ACCESSIBLE_FEATURES": "None", "HOURS": "None", "LOCATION_DETAILS": "Located on the east side of the washroom building near Ashtonbee Road.", "URL": "https://www.toronto.ca/explore-enjoy/parks-recreation/places-spaces/parks-and-recreation-facilities/location/?id=202", "ADDRESS": "21 Ashtonbee Rd  ", "PostedDate": "2026-05-21T08:09:35", "AssetName": "Ashtonbee Reservoir Park Bottle Filling Station", "Reason": "None", "Comments": "None", "Status": "1" }, "geometry": { "type": "MultiPoint", "coordinates": [ [ -79.29441548, 43.72965693 ] ] } },
{ "type": "Feature", "properties": { "_id": 303, "ASSET_ID": 2178, "LOCATION": "Leslie Park", "ALTERNATIVE_NAME": "Leslie Park Playground Drinking Fountain", "TYPE": "Drinking Fountain", "ACCESSIBLE_FEATURES": "None", "HOURS": "None", "LOCATION_DETAILS": "Located south of the playground.", "URL": "https://www.toronto.ca/explore-enjoy/parks-recreation/places-spaces/parks-and-recreation-facilities/location/?id=2440", "ADDRESS": "5200 Leslie St  ", "PostedDate": "2026-05-21T08:07:54", "AssetName": "Leslie Park Playground Drinking Fountain", "Reason": "None", "Comments": "None", "Status": "1" }, "geometry": { "type": "MultiPoint", "coordinates": [ [ -79.3677336, 43.78477851 ] ] } },
{ "type": "Feature", "properties": { "_id": 304, "ASSET_ID": 102121, "LOCATION": "Godstone Park", "ALTERNATIVE_NAME": "Godstone Park Bottle Filling Station", "TYPE": "Bottle Filling Station", "ACCESSIBLE_FEATURES": "None", "HOURS": "None", "LOCATION_DETAILS": "Located on the pathway near Godstone Road.", "URL": "https://www.toronto.ca/explore-enjoy/parks-recreation/places-spaces/parks-and-recreation-facilities/location/?id=641", "ADDRESS": "45 Godstone Rd  ", "PostedDate": "2026-05-21T08:07:38", "AssetName": "Godstone Park Bottle Filling Station", "Reason": "None", "Comments": "None", "Status": "1" }, "geometry": { "type": "MultiPoint", "coordinates": [ [ -79.34761706, 43.78306451 ] ] } },
{ "type": "Feature", "properties": { "_id": 305, "ASSET_ID": 102007, "LOCATION": "Trace Manes Park", "ALTERNATIVE_NAME": "Trace Manes Park Playground Bottle Filling Station", "TYPE": "Bottle Filling Station", "ACCESSIBLE_FEATURES": "None", "HOURS": "None", "LOCATION_DETAILS": "Located along the pathway southeast of the playground.", "URL": "https://www.toronto.ca/explore-enjoy/parks-recreation/places-spaces/parks-and-recreation-facilities/location/?id=934", "ADDRESS": "110 Rumsey Rd  ", "PostedDate": "2026-05-21T08:07:25", "AssetName": "Trace Manes Park Playground Bottle Filling Station", "Reason": "None", "Comments": "None", "Status": "1" }, "geometry": { "type": "MultiPoint", "coordinates": [ [ -79.36722508, 43.70611987 ] ] } },
{ "type": "Feature", "properties": { "_id": 306, "ASSET_ID": 971862, "LOCATION": "Trace Manes Park", "ALTERNATIVE_NAME": "Trace Manes Park Tennis Court Drinking Water Station", "TYPE": "Bottle Filling Station, Drinking Fountain", "ACCESSIBLE_FEATURES": "None", "HOURS": "None", "LOCATION_DETAILS": "Located at the southeast corner of the outdoor tennis courts, behind the Community Centre.", "URL": "https://www.toronto.ca/explore-enjoy/parks-recreation/places-spaces/parks-and-recreation-facilities/location/?id=934", "ADDRESS": "110 Rumsey Rd  ", "PostedDate": "2026-05-21T08:07:13", "AssetName": "TRACE MANES PARK - Drinking Water Source", "Reason": "None", "Comments": "None", "Status": "1" }, "geometry": { "type": "MultiPoint", "coordinates": [ [ -79.36743471, 43.70535583 ] ] } },
{ "type": "Feature", "properties": { "_id": 307, "ASSET_ID": 103206, "LOCATION": "Ethennonnhawahstihnen Park", "ALTERNATIVE_NAME": "Ethennonnhawahstihnen Park Bottle Filling Station", "TYPE": "Bottle Filling Station", "ACCESSIBLE_FEATURES": "None", "HOURS": "None", "LOCATION_DETAILS": "Located east of the playground along the pathway.", "URL": "https://www.toronto.ca/explore-enjoy/parks-recreation/places-spaces/parks-and-recreation-facilities/location/?id=2597", "ADDRESS": "80 Mcmahon Dr  E", "PostedDate": "2026-05-21T08:06:58", "AssetName": "Ethennonnhawahstihnen Park Bottle Filling Station", "Reason": "None", "Comments": "None", "Status": "1" }, "geometry": { "type": "MultiPoint", "coordinates": [ [ -79.37250793, 43.76731773 ] ] } },
{ "type": "Feature", "properties": { "_id": 308, "ASSET_ID": 2611, "LOCATION": "Southwell Park", "ALTERNATIVE_NAME": "Southwell Park Playround Drinking Fountain", "TYPE": "Drinking Fountain", "ACCESSIBLE_FEATURES": "None", "HOURS": "None", "LOCATION_DETAILS": "Located on the northwest corner of the playground. ", "URL": "https://www.toronto.ca/explore-enjoy/parks-recreation/places-spaces/parks-and-recreation-facilities/location/?id=2607", "ADDRESS": "25 Southwell Dr  ", "PostedDate": "2026-05-21T08:06:43", "AssetName": "Southwell Park Playround Drinking Fountain", "Reason": "None", "Comments": "None", "Status": "1" }, "geometry": { "type": "MultiPoint", "coordinates": [ [ -79.35581356, 43.74692479 ] ] } },
{ "type": "Feature", "properties": { "_id": 309, "ASSET_ID": 102280, "LOCATION": "Sherwood Park", "ALTERNATIVE_NAME": "Sherwood Park Dog Fountain", "TYPE": "Dog Fountain", "ACCESSIBLE_FEATURES": "None", "HOURS": "None", "LOCATION_DETAILS": "Located east of the bridge at the bottom of the stairs.", "URL": "https://www.toronto.ca/explore-enjoy/parks-recreation/places-spaces/parks-and-recreation-facilities/location/?id=149", "ADDRESS": "190 Sherwood Ave  ", "PostedDate": "2026-05-21T08:06:28", "AssetName": "Sherwood Park Dog Fountain", "Reason": "None", "Comments": "None", "Status": "1" }, "geometry": { "type": "MultiPoint", "coordinates": [ [ -79.38686325, 43.7162928 ] ] } },
{ "type": "Feature", "properties": { "_id": 310, "ASSET_ID": 102183, "LOCATION": "Avonshire Park", "ALTERNATIVE_NAME": "Avonshire Park Drinking Water Station", "TYPE": "Drinking Fountain, Dog Fountain", "ACCESSIBLE_FEATURES": "None", "HOURS": "None", "LOCATION_DETAILS": "Located on the pathway south of the playground near to Harrison Garden Boulevard.", "URL": "https://www.toronto.ca/explore-enjoy/parks-recreation/places-spaces/parks-and-recreation-facilities/location/?id=2711", "ADDRESS": "125 Harrison Garden Blvd  ", "PostedDate": "2026-05-21T08:06:13", "AssetName": "Avonshire Park Drinking Water Station", "Reason": "None", "Comments": "None", "Status": "1" }, "geometry": { "type": "MultiPoint", "coordinates": [ [ -79.40401443, 43.75810181 ] ] } },
{ "type": "Feature", "properties": { "_id": 311, "ASSET_ID": 13272, "LOCATION": "Goulding Park", "ALTERNATIVE_NAME": "Goulding Park Parking Lot Drinking Fountain", "TYPE": "Drinking Fountain", "ACCESSIBLE_FEATURES": "None", "HOURS": "None", "LOCATION_DETAILS": "Located on the pathway south of the parking lot near the outdoor table tennis table.", "URL": "https://www.toronto.ca/explore-enjoy/parks-recreation/places-spaces/parks-and-recreation-facilities/location/?id=644", "ADDRESS": "80 Patricia Ave  ", "PostedDate": "2026-05-21T08:05:59", "AssetName": "Goulding Park Parking Lot Drinking Fountain", "Reason": "None", "Comments": "None", "Status": "1" }, "geometry": { "type": "MultiPoint", "coordinates": [ [ -79.4215703, 43.79074946 ] ] } },
{ "type": "Feature", "properties": { "_id": 312, "ASSET_ID": 13287, "LOCATION": "Memorial Park - North York", "ALTERNATIVE_NAME": "Memorial Park North York Track Drinking Fountain", "TYPE": "Drinking Fountain", "ACCESSIBLE_FEATURES": "None", "HOURS": "None", "LOCATION_DETAILS": "Located at the west end of the track.", "URL": "https://www.toronto.ca/explore-enjoy/parks-recreation/places-spaces/parks-and-recreation-facilities/location/?id=131", "ADDRESS": "340 Chaplin Cres  ", "PostedDate": "2026-05-21T08:05:42", "AssetName": "Memorial Park North York Track Drinking Fountain", "Reason": "None", "Comments": "None", "Status": "1" }, "geometry": { "type": "MultiPoint", "coordinates": [ [ -79.42282234, 43.70504739 ] ] } },
{ "type": "Feature", "properties": { "_id": 313, "ASSET_ID": 2228, "LOCATION": "Indian Line Park", "ALTERNATIVE_NAME": "Indian Line Park Drinking Fountain", "TYPE": "Drinking Fountain", "ACCESSIBLE_FEATURES": "None", "HOURS": "None", "LOCATION_DETAILS": "Located south of the shade structure, north of the basketball court.", "URL": "https://www.toronto.ca/explore-enjoy/parks-recreation/places-spaces/parks-and-recreation-facilities/location/?id=936", "ADDRESS": "655 Humberwood Blvd  ", "PostedDate": "2026-05-20T13:56:15", "AssetName": "Indian Line Park Drinking Fountain", "Reason": "None", "Comments": "None", "Status": "1" }, "geometry": { "type": "MultiPoint", "coordinates": [ [ -79.62262064, 43.72533928 ] ] } },
{ "type": "Feature", "properties": { "_id": 314, "ASSET_ID": 2343, "LOCATION": "East Mall Park", "ALTERNATIVE_NAME": "East Mall Park Drinking Fountain", "TYPE": "Drinking Fountain", "ACCESSIBLE_FEATURES": "None", "HOURS": "None", "LOCATION_DETAILS": "Located on the grassy area next to the sidewalk on Lormar Drive, south of the tennis courts.", "URL": "https://www.toronto.ca/explore-enjoy/parks-recreation/places-spaces/parks-and-recreation-facilities/location/?id=948", "ADDRESS": "355 The East Mall ", "PostedDate": "2026-05-20T13:56:03", "AssetName": "East Mall Park Drinking Fountain", "Reason": "None", "Comments": "None", "Status": "1" }, "geometry": { "type": "MultiPoint", "coordinates": [ [ -79.55626564, 43.64107837 ] ] } },
{ "type": "Feature", "properties": { "_id": 315, "ASSET_ID": 13305, "LOCATION": "Willowdale Park", "ALTERNATIVE_NAME": "Willowdale Park Playground Drinking Fountain", "TYPE": "Drinking Fountain", "ACCESSIBLE_FEATURES": "None", "HOURS": "None", "LOCATION_DETAILS": "Located north of the playground along the pathway.", "URL": "https://www.toronto.ca/explore-enjoy/parks-recreation/places-spaces/parks-and-recreation-facilities/location/?id=865", "ADDRESS": "75 Hollywood Ave  ", "PostedDate": "2026-05-20T12:39:04", "AssetName": "Willowdale Park Playground Drinking Fountain", "Reason": "Under Construction", "Comments": "ACCESS BLOCKED BY CAPITOL PARK REFRESH PROJECT.", "Status": "0" }, "geometry": { "type": "MultiPoint", "coordinates": [ [ -79.4075253, 43.76623171 ] ] } },
{ "type": "Feature", "properties": { "_id": 316, "ASSET_ID": 849390, "LOCATION": "Jolly Way Park", "ALTERNATIVE_NAME": "Jolly Way Park Bottle Filling Station", "TYPE": "Bottle Filling Station", "ACCESSIBLE_FEATURES": "None", "HOURS": "None", "LOCATION_DETAILS": "Located between the bike rings and the north end of the playground", "URL": "https://www.toronto.ca/explore-enjoy/parks-recreation/places-spaces/parks-and-recreation-facilities/location/?id=3820", "ADDRESS": "965 Ellesmere Rd.", "PostedDate": "2026-05-20T11:57:39", "AssetName": "Jolly Way Park - Bottle Filler", "Reason": "None", "Comments": "None", "Status": "1" }, "geometry": { "type": "MultiPoint", "coordinates": [ [ -79.27843365, 43.76581943 ] ] } },
{ "type": "Feature", "properties": { "_id": 317, "ASSET_ID": 103209, "LOCATION": "White Haven Park", "ALTERNATIVE_NAME": "White Haven Park Playground Bottle Filling Station", "TYPE": "Bottle Filling Station", "ACCESSIBLE_FEATURES": "None", "HOURS": "None", "LOCATION_DETAILS": "Located east of the playground along the pathway.", "URL": "https://www.toronto.ca/explore-enjoy/parks-recreation/places-spaces/parks-and-recreation-facilities/location/?id=573", "ADDRESS": "63 Invergordon Ave", "PostedDate": "2026-05-20T07:03:09", "AssetName": "White Haven Park Playground Bottle Filling Station", "Reason": "None", "Comments": "None", "Status": "1" }, "geometry": { "type": "MultiPoint", "coordinates": [ [ -79.25023723, 43.78682011 ] ] } },
{ "type": "Feature", "properties": { "_id": 318, "ASSET_ID": 102152, "LOCATION": "Scarborough Heights Park", "ALTERNATIVE_NAME": "Scarborough Heights Park Dog Off-Leash Area Bottle Filling Station", "TYPE": "Bottle Filling Station", "ACCESSIBLE_FEATURES": "None", "HOURS": "None", "LOCATION_DETAILS": "Located inside the dog off-leash area on the west side.", "URL": "https://www.toronto.ca/explore-enjoy/parks-recreation/places-spaces/parks-and-recreation-facilities/location/?id=1100", "ADDRESS": "27 Fishleigh Dr  ", "PostedDate": "2026-05-20T07:01:45", "AssetName": "Scarborough Heights Park Dog Off-Leash Area Bottle Filling Station", "Reason": "None", "Comments": "None", "Status": "1" }, "geometry": { "type": "MultiPoint", "coordinates": [ [ -79.25101311, 43.6997077 ] ] } },
{ "type": "Feature", "properties": { "_id": 319, "ASSET_ID": 102150, "LOCATION": "Natal Park", "ALTERNATIVE_NAME": "Natal Park Playground Bottle Filling Station", "TYPE": "Bottle Filling Station", "ACCESSIBLE_FEATURES": "None", "HOURS": "None", "LOCATION_DETAILS": "Located east of the playground along the pathway.", "URL": "https://www.toronto.ca/explore-enjoy/parks-recreation/places-spaces/parks-and-recreation-facilities/location/?id=1017", "ADDRESS": "110 Natal Ave  ", "PostedDate": "2026-05-20T07:01:18", "AssetName": "Natal Park Playground Bottle Filling Station", "Reason": "None", "Comments": "None", "Status": "1" }, "geometry": { "type": "MultiPoint", "coordinates": [ [ -79.25552524, 43.71420699 ] ] } },
{ "type": "Feature", "properties": { "_id": 320, "ASSET_ID": 103210, "LOCATION": "Muir Park", "ALTERNATIVE_NAME": "Muir Park Playground Drinking Fountain", "TYPE": "Drinking Fountain", "ACCESSIBLE_FEATURES": "None", "HOURS": "None", "LOCATION_DETAILS": "Located south of the playground.", "URL": "https://www.toronto.ca/explore-enjoy/parks-recreation/places-spaces/parks-and-recreation-facilities/location/?id=2459", "ADDRESS": "66 Martindale Rd", "PostedDate": "2026-05-20T07:01:02", "AssetName": "Muir Park Playground Drinking Fountain", "Reason": "None", "Comments": "None", "Status": "1" }, "geometry": { "type": "MultiPoint", "coordinates": [ [ -79.22836125, 43.73460372 ] ] } },
{ "type": "Feature", "properties": { "_id": 321, "ASSET_ID": 2123, "LOCATION": "Milliken Park", "ALTERNATIVE_NAME": "Milliken Park Splash Pad Drinking Water Station", "TYPE": "Drinking Fountain, Dog Fountain", "ACCESSIBLE_FEATURES": "None", "HOURS": "None", "LOCATION_DETAILS": "Located  north of the splash pad along the pathway.", "URL": "https://www.toronto.ca/explore-enjoy/parks-recreation/places-spaces/parks-and-recreation-facilities/location/?id=1088", "ADDRESS": "5555 Steeles Ave  E ", "PostedDate": "2026-05-20T07:00:50", "AssetName": "Milliken Park Splash Pad Drinking Water Station", "Reason": "None", "Comments": "None", "Status": "1" }, "geometry": { "type": "MultiPoint", "coordinates": [ [ -79.26981814, 43.82942002 ] ] } },
{ "type": "Feature", "properties": { "_id": 322, "ASSET_ID": 2296, "LOCATION": "Goldhawk Park", "ALTERNATIVE_NAME": "Goldhawk Park East Baseball Diamond Drinking Fountain", "TYPE": "Drinking Fountain", "ACCESSIBLE_FEATURES": "None", "HOURS": "None", "LOCATION_DETAILS": "Located near the pathway intersecton, south of the east baseball diamond.", "URL": "https://www.toronto.ca/explore-enjoy/parks-recreation/places-spaces/parks-and-recreation-facilities/location/?id=1461", "ADDRESS": "250 Goldhawk Trl  ", "PostedDate": "2026-05-20T06:57:05", "AssetName": "Goldhawk Park East Baseball Diamond Drinking Fountain", "Reason": "None", "Comments": "None", "Status": "1" }, "geometry": { "type": "MultiPoint", "coordinates": [ [ -79.27988053, 43.82285584 ] ] } },
{ "type": "Feature", "properties": { "_id": 323, "ASSET_ID": 2390, "LOCATION": "Corvette Park", "ALTERNATIVE_NAME": "Corvette Park Drinking Fountain", "TYPE": "Drinking Fountain", "ACCESSIBLE_FEATURES": "None", "HOURS": "None", "LOCATION_DETAILS": "Located at the east end of the park on a grassy area next to the playground.", "URL": "https://www.toronto.ca/explore-enjoy/parks-recreation/places-spaces/parks-and-recreation-facilities/location/?id=576", "ADDRESS": "40 Corvette Ave  ", "PostedDate": "2026-05-20T06:56:43", "AssetName": "Corvette Park Drinking Fountain", "Reason": "None", "Comments": "None", "Status": "1" }, "geometry": { "type": "MultiPoint", "coordinates": [ [ -79.2587086, 43.7269836 ] ] } },
{ "type": "Feature", "properties": { "_id": 324, "ASSET_ID": 102182, "LOCATION": "Confederation Park", "ALTERNATIVE_NAME": "Confederation Park Dog Off-Leash Area Drinking Water Station", "TYPE": "Drinking Fountain, Dog Fountain", "ACCESSIBLE_FEATURES": "None", "HOURS": "None", "LOCATION_DETAILS": "Located on the pathway at the north entrance to the dog off-leash area.", "URL": "https://www.toronto.ca/explore-enjoy/parks-recreation/places-spaces/parks-and-recreation-facilities/location/?id=2262", "ADDRESS": "250 Dolly Varden Blvd  ", "PostedDate": "2026-05-20T06:56:26", "AssetName": "Confederation Park Dog Off-Leash Area Drinking Water Station", "Reason": "None", "Comments": "None", "Status": "1" }, "geometry": { "type": "MultiPoint", "coordinates": [ [ -79.23495555, 43.7739839 ] ] } },
{ "type": "Feature", "properties": { "_id": 325, "ASSET_ID": 102269, "LOCATION": "Colonial Park", "ALTERNATIVE_NAME": "Colonial Park Drinking Fountain", "TYPE": "Drinking Fountain", "ACCESSIBLE_FEATURES": "None", "HOURS": "None", "LOCATION_DETAILS": "Located along the pathway south of the playground.", "URL": "https://www.toronto.ca/explore-enjoy/parks-recreation/places-spaces/parks-and-recreation-facilities/location/?id=2171", "ADDRESS": "150 Bridlegrove Dr  ", "PostedDate": "2026-05-20T06:56:02", "AssetName": "Colonial Park Drinking Fountain", "Reason": "None", "Comments": "None", "Status": "1" }, "geometry": { "type": "MultiPoint", "coordinates": [ [ -79.23246164, 43.73834523 ] ] } },
{ "type": "Feature", "properties": { "_id": 326, "ASSET_ID": 102154, "LOCATION": "Albert Campbell Square", "ALTERNATIVE_NAME": "Albert Campbell Square Bottle Filling Station", "TYPE": "Bottle Filling Station", "ACCESSIBLE_FEATURES": "None", "HOURS": "None", "LOCATION_DETAILS": "Located east of the splash pad.", "URL": "https://www.toronto.ca/explore-enjoy/parks-recreation/places-spaces/parks-and-recreation-facilities/location/?id=2155", "ADDRESS": "150 Borough Dr  ", "PostedDate": "2026-05-20T06:55:31", "AssetName": "Albert Campbell Square Bottle Filling Station", "Reason": "None", "Comments": "None", "Status": "1" }, "geometry": { "type": "MultiPoint", "coordinates": [ [ -79.25650039, 43.77384501 ] ] } },
{ "type": "Feature", "properties": { "_id": 327, "ASSET_ID": 2252, "LOCATION": "High Park", "ALTERNATIVE_NAME": "High Park Black Oak Café Drinking Fountain", "TYPE": "Drinking Fountain", "ACCESSIBLE_FEATURES": "None", "HOURS": "None", "LOCATION_DETAILS": "Located in front of concession stand at the north end of the park.", "URL": "https://www.toronto.ca/explore-enjoy/parks-recreation/places-spaces/parks-and-recreation-facilities/location/?id=77", "ADDRESS": "1873 Bloor St  W ", "PostedDate": "2026-05-19T14:08:22", "AssetName": "High Park Black Oak Café Drinking Fountain", "Reason": "None", "Comments": "Awaiting repairs - May 19, 2026", "Status": "2" }, "geometry": { "type": "MultiPoint", "coordinates": [ [ -79.46653782, 43.65135465 ] ] } },
{ "type": "Feature", "properties": { "_id": 328, "ASSET_ID": 2480, "LOCATION": "Baycrest Park", "ALTERNATIVE_NAME": "Baycrest Park Drinking Fountain", "TYPE": "Drinking Fountain", "ACCESSIBLE_FEATURES": "None", "HOURS": "None", "LOCATION_DETAILS": "Located on the pathway west of the playground.", "URL": "https://www.toronto.ca/explore-enjoy/parks-recreation/places-spaces/parks-and-recreation-facilities/location/?id=513", "ADDRESS": "160 Neptune Dr  ", "PostedDate": "2026-05-19T11:26:05", "AssetName": "Baycrest Park Drinking Fountain", "Reason": "Under Construction", "Comments": "Closed for capital construction project.", "Status": "2" }, "geometry": { "type": "MultiPoint", "coordinates": [ [ -79.44576889, 43.72627021 ] ] } },
{ "type": "Feature", "properties": { "_id": 329, "ASSET_ID": 2333, "LOCATION": "Ellerslie Park", "ALTERNATIVE_NAME": "Ellerslie Park Playground Drinking Fountain", "TYPE": "Drinking Fountain", "ACCESSIBLE_FEATURES": "None", "HOURS": "None", "LOCATION_DETAILS": "Located on the grassy area next to the pathway to the playground.", "URL": "https://www.toronto.ca/explore-enjoy/parks-recreation/places-spaces/parks-and-recreation-facilities/location/?id=2294", "ADDRESS": "499 Ellerslie Ave  ", "PostedDate": "2026-05-19T11:00:18", "AssetName": "Ellerslie Park Playground Drinking Fountain", "Reason": "None", "Comments": "None", "Status": "1" }, "geometry": { "type": "MultiPoint", "coordinates": [ [ -79.43985922, 43.76553113 ] ] } },
{ "type": "Feature", "properties": { "_id": 330, "ASSET_ID": 77318, "LOCATION": "Edithvale Park", "ALTERNATIVE_NAME": "Edithvale Park Baseball Diamond Drinking Fountain", "TYPE": "Drinking Fountain", "ACCESSIBLE_FEATURES": "None", "HOURS": "None", "LOCATION_DETAILS": "Located in the grassy area south of the baseball diamond.", "URL": "https://www.toronto.ca/explore-enjoy/parks-recreation/places-spaces/parks-and-recreation-facilities/location/?id=1181", "ADDRESS": "121 Finch Ave  W ", "PostedDate": "2026-05-19T10:59:59", "AssetName": "Edithvale Park Baseball Diamond Drinking Fountain", "Reason": "None", "Comments": "None", "Status": "1" }, "geometry": { "type": "MultiPoint", "coordinates": [ [ -79.42581062, 43.77541498 ] ] } },
{ "type": "Feature", "properties": { "_id": 331, "ASSET_ID": 13267, "LOCATION": "G. Ross Lord Park", "ALTERNATIVE_NAME": "G. Ross Lord Park Sport Pavillion Drinking Fountain", "TYPE": "Drinking Fountain", "ACCESSIBLE_FEATURES": "None", "HOURS": "None", "LOCATION_DETAILS": "Located on the pathway on the west side of the sports pavilion.", "URL": "https://www.toronto.ca/explore-enjoy/parks-recreation/places-spaces/parks-and-recreation-facilities/location/?id=11", "ADDRESS": "4801 Dufferin St  ", "PostedDate": "2026-05-19T10:59:36", "AssetName": "G. Ross Lord Park Sport Pavillion Drinking Fountain", "Reason": "None", "Comments": "None", "Status": "1" }, "geometry": { "type": "MultiPoint", "coordinates": [ [ -79.46238616, 43.77918917 ] ] } },
{ "type": "Feature", "properties": { "_id": 332, "ASSET_ID": 13268, "LOCATION": "G. Ross Lord Park", "ALTERNATIVE_NAME": "G. Ross Lord Park Sport Pavillion Parking Lot Drinking Fountain", "TYPE": "Drinking Fountain", "ACCESSIBLE_FEATURES": "None", "HOURS": "None", "LOCATION_DETAILS": "Located on the grassy area on the north side of the sport pavillion parking lot. ", "URL": "https://www.toronto.ca/explore-enjoy/parks-recreation/places-spaces/parks-and-recreation-facilities/location/?id=11", "ADDRESS": "4801 Dufferin St  ", "PostedDate": "2026-05-19T10:59:03", "AssetName": "G. Ross Lord Park Sport Pavillion Parking Lot Drinking Fountain", "Reason": "None", "Comments": "None", "Status": "1" }, "geometry": { "type": "MultiPoint", "coordinates": [ [ -79.4638944, 43.77994583 ] ] } },
{ "type": "Feature", "properties": { "_id": 333, "ASSET_ID": 13270, "LOCATION": "G. Ross Lord Park", "ALTERNATIVE_NAME": "G. Ross Lord Park Picnic Shelter Drinking Fountain", "TYPE": "Drinking Fountain", "ACCESSIBLE_FEATURES": "None", "HOURS": "None", "LOCATION_DETAILS": "Loacted on the grassy area 17m north of the park road, northeast of the picnic shelter.", "URL": "https://www.toronto.ca/explore-enjoy/parks-recreation/places-spaces/parks-and-recreation-facilities/location/?id=11", "ADDRESS": "4801 Dufferin St  ", "PostedDate": "2026-05-19T10:58:35", "AssetName": "G. Ross Lord Park Picnic Shelter Drinking Fountain", "Reason": "None", "Comments": "None", "Status": "1" }, "geometry": { "type": "MultiPoint", "coordinates": [ [ -79.46752056, 43.77932053 ] ] } },
{ "type": "Feature", "properties": { "_id": 334, "ASSET_ID": 2487, "LOCATION": "Michael Mostyn Balmoral Park", "ALTERNATIVE_NAME": "Michael Mostyn Balmoral Park Drinking Fountian", "TYPE": "Drinking Fountain", "ACCESSIBLE_FEATURES": "None", "HOURS": "None", "LOCATION_DETAILS": "Located on the pathway between the tennis courts and the playground.", "URL": "https://www.toronto.ca/explore-enjoy/parks-recreation/places-spaces/parks-and-recreation-facilities/location/?id=505", "ADDRESS": "170 Faywood Blvd  ", "PostedDate": "2026-05-19T10:57:55", "AssetName": "Michael Mostyn Balmoral Park Drinking Fountian", "Reason": "None", "Comments": "None", "Status": "1" }, "geometry": { "type": "MultiPoint", "coordinates": [ [ -79.44979186, 43.74499211 ] ] } },
{ "type": "Feature", "properties": { "_id": 335, "ASSET_ID": 2331, "LOCATION": "Empress Parkette", "ALTERNATIVE_NAME": "Empress Parkette Drinking Fountain", "TYPE": "Drinking Fountain", "ACCESSIBLE_FEATURES": "None", "HOURS": "None", "LOCATION_DETAILS": "Located next to the sidewalk north of the transit shelter.", "URL": "https://www.toronto.ca/explore-enjoy/parks-recreation/places-spaces/parks-and-recreation-facilities/location/?id=2301", "ADDRESS": "433 Empress Ave  ", "PostedDate": "2026-05-19T10:57:41", "AssetName": "Empress Parkette Drinking Fountain", "Reason": "None", "Comments": "None", "Status": "1" }, "geometry": { "type": "MultiPoint", "coordinates": [ [ -79.38987732, 43.77409499 ] ] } },
{ "type": "Feature", "properties": { "_id": 336, "ASSET_ID": 13243, "LOCATION": "Bayview Village Park", "ALTERNATIVE_NAME": "Bayview Village Park Drinking Fountain", "TYPE": "Drinking Fountain", "ACCESSIBLE_FEATURES": "None", "HOURS": "None", "LOCATION_DETAILS": "Located on the pathway north of the playground.", "URL": "https://www.toronto.ca/explore-enjoy/parks-recreation/places-spaces/parks-and-recreation-facilities/location/?id=517", "ADDRESS": "2945 Bayview Ave  ", "PostedDate": "2026-05-19T10:57:24", "AssetName": "Bayview Village Park Drinking Fountain", "Reason": "None", "Comments": "None", "Status": "1" }, "geometry": { "type": "MultiPoint", "coordinates": [ [ -79.38883932, 43.77240305 ] ] } },
{ "type": "Feature", "properties": { "_id": 337, "ASSET_ID": 102181, "LOCATION": "Sherwood Park", "ALTERNATIVE_NAME": "Sherwood Park Wading Pool Drinking Fountain", "TYPE": "Drinking Fountain", "ACCESSIBLE_FEATURES": "None", "HOURS": "None", "LOCATION_DETAILS": "Located west of the wading pool.", "URL": "https://www.toronto.ca/explore-enjoy/parks-recreation/places-spaces/parks-and-recreation-facilities/location/?id=149", "ADDRESS": "190 Sherwood Ave  ", "PostedDate": "2026-05-19T10:57:04", "AssetName": "Sherwood Park Wading Pool Drinking Fountain", "Reason": "None", "Comments": "None", "Status": "1" }, "geometry": { "type": "MultiPoint", "coordinates": [ [ -79.3873909, 43.71723364 ] ] } },
{ "type": "Feature", "properties": { "_id": 338, "ASSET_ID": 2580, "LOCATION": "Woburn Avenue Playground", "ALTERNATIVE_NAME": "Woburn Avenue Playground Wading Pool Drinking Fountain", "TYPE": "Drinking Fountain", "ACCESSIBLE_FEATURES": "None", "HOURS": "None", "LOCATION_DETAILS": "Located north of the wading pool.", "URL": "https://www.toronto.ca/explore-enjoy/parks-recreation/places-spaces/parks-and-recreation-facilities/location/?id=445", "ADDRESS": "75 Woburn Ave  ", "PostedDate": "2026-05-19T10:56:33", "AssetName": "Woburn Avenue Playground Wading Pool Drinking Fountain", "Reason": "None", "Comments": "None", "Status": "1" }, "geometry": { "type": "MultiPoint", "coordinates": [ [ -79.40571046, 43.72761313 ] ] } },
{ "type": "Feature", "properties": { "_id": 339, "ASSET_ID": 2335, "LOCATION": "Eglinton Park", "ALTERNATIVE_NAME": "Eglinton Park Wading Pool Drinking Fountain", "TYPE": "Drinking Fountain", "ACCESSIBLE_FEATURES": "None", "HOURS": "None", "LOCATION_DETAILS": "Located on the west side of the wading pool. ", "URL": "https://www.toronto.ca/explore-enjoy/parks-recreation/places-spaces/parks-and-recreation-facilities/location/?id=117", "ADDRESS": "200 Eglinton Ave  W ", "PostedDate": "2026-05-19T10:53:56", "AssetName": "Eglinton Park Wading Pool Drinking Fountain", "Reason": "None", "Comments": "None", "Status": "1" }, "geometry": { "type": "MultiPoint", "coordinates": [ [ -79.40472013, 43.7082827 ] ] } },
{ "type": "Feature", "properties": { "_id": 340, "ASSET_ID": 102165, "LOCATION": "Eglinton Park", "ALTERNATIVE_NAME": "Eglinton Park Dog Fountain", "TYPE": "Dog Fountain", "ACCESSIBLE_FEATURES": "None", "HOURS": "None", "LOCATION_DETAILS": "Located in the grassy area southeast of the washroom building.", "URL": "https://www.toronto.ca/explore-enjoy/parks-recreation/places-spaces/parks-and-recreation-facilities/location/?id=117", "ADDRESS": "200 Eglinton Ave  W ", "PostedDate": "2026-05-19T10:53:43", "AssetName": "Eglinton Park Dog Fountain", "Reason": "None", "Comments": "None", "Status": "1" }, "geometry": { "type": "MultiPoint", "coordinates": [ [ -79.40511961, 43.70809563 ] ] } },
{ "type": "Feature", "properties": { "_id": 341, "ASSET_ID": 2596, "LOCATION": "Stafford Park", "ALTERNATIVE_NAME": "Stafford Park Playground Drinking Fountain", "TYPE": "Drinking Fountain", "ACCESSIBLE_FEATURES": "None", "HOURS": "None", "LOCATION_DETAILS": "Located south of the playground along the pathway. ", "URL": "https://www.toronto.ca/explore-enjoy/parks-recreation/places-spaces/parks-and-recreation-facilities/location/?id=984", "ADDRESS": "100 Stafford Rd  ", "PostedDate": "2026-05-19T10:53:26", "AssetName": "Stafford Park Playground Drinking Fountain", "Reason": "None", "Comments": "None", "Status": "1" }, "geometry": { "type": "MultiPoint", "coordinates": [ [ -79.43884779, 43.77122669 ] ] } },
{ "type": "Feature", "properties": { "_id": 342, "ASSET_ID": 13263, "LOCATION": "Edithvale Park", "ALTERNATIVE_NAME": "Edithvale Park Outdoor Oven Drinking Water Station", "TYPE": "Drinking Fountain, Dog Fountain", "ACCESSIBLE_FEATURES": "None", "HOURS": "None", "LOCATION_DETAILS": "Located next to the bake oven.", "URL": "https://www.toronto.ca/explore-enjoy/parks-recreation/places-spaces/parks-and-recreation-facilities/location/?id=1181", "ADDRESS": "121 Finch Ave  W ", "PostedDate": "2026-05-19T10:53:09", "AssetName": "Edithvale Park Outdoor Oven Drinking Water Station", "Reason": "None", "Comments": "None", "Status": "1" }, "geometry": { "type": "MultiPoint", "coordinates": [ [ -79.42486285, 43.77676607 ] ] } },
{ "type": "Feature", "properties": { "_id": 343, "ASSET_ID": 849315, "LOCATION": "Don-Leslie Park", "ALTERNATIVE_NAME": "Don-Leslie Park Bottle Filling Station", "TYPE": "Bottle Filling Station", "ACCESSIBLE_FEATURES": "None", "HOURS": "None", "LOCATION_DETAILS": "Located at the west end of the park beside the splash pad.", "URL": "https://www.toronto.ca/explore-enjoy/parks-recreation/places-spaces/parks-and-recreation-facilities/location/?id=3816", "ADDRESS": "14 Inn On The Park Dr", "PostedDate": "2026-05-19T10:52:19", "AssetName": "Don-Leslie Park Bottle Filling Station", "Reason": "None", "Comments": "None", "Status": "1" }, "geometry": { "type": "MultiPoint", "coordinates": [ [ -79.34891, 43.71930649 ] ] } },
{ "type": "Feature", "properties": { "_id": 344, "ASSET_ID": 46864, "LOCATION": "Page Parkette", "ALTERNATIVE_NAME": "Page Parkette Drinking Water Station", "TYPE": "Drinking Fountain, Dog Fountain", "ACCESSIBLE_FEATURES": "None", "HOURS": "None", "LOCATION_DETAILS": "Located west of the playground, along the pathway.", "URL": "https://www.toronto.ca/explore-enjoy/parks-recreation/places-spaces/parks-and-recreation-facilities/location/?id=3461", "ADDRESS": "23 Valliere Pl  ", "PostedDate": "2026-05-19T10:51:52", "AssetName": "Page Parkette Drinking Water Station", "Reason": "None", "Comments": "None", "Status": "1" }, "geometry": { "type": "MultiPoint", "coordinates": [ [ -79.38321167, 43.78314961 ] ] } },
{ "type": "Feature", "properties": { "_id": 345, "ASSET_ID": 13124, "LOCATION": "Avondale Park", "ALTERNATIVE_NAME": "Avondale Park Drinking Fountain", "TYPE": "Drinking Fountain", "ACCESSIBLE_FEATURES": "None", "HOURS": "None", "LOCATION_DETAILS": "Located on the pathway at the south end of the playground.", "URL": "https://www.toronto.ca/explore-enjoy/parks-recreation/places-spaces/parks-and-recreation-facilities/location/?id=449", "ADDRESS": "15 Humberstone Dr  ", "PostedDate": "2026-05-19T10:49:38", "AssetName": "Avondale Park Drinking Fountain", "Reason": "None", "Comments": "None", "Status": "1" }, "geometry": { "type": "MultiPoint", "coordinates": [ [ -79.40716597, 43.75722675 ] ] } },
{ "type": "Feature", "properties": { "_id": 346, "ASSET_ID": 2646, "LOCATION": "Saddletree Park", "ALTERNATIVE_NAME": "Saddletree Park Playground Drinking Fountain", "TYPE": "Drinking Fountain", "ACCESSIBLE_FEATURES": "None", "HOURS": "None", "LOCATION_DETAILS": "Located north of the playground.", "URL": "https://www.toronto.ca/explore-enjoy/parks-recreation/places-spaces/parks-and-recreation-facilities/location/?id=2579", "ADDRESS": "50 Saddletree Dr  ", "PostedDate": "2026-05-19T10:49:15", "AssetName": "Saddletree Park Playground Drinking Fountain", "Reason": "None", "Comments": "None", "Status": "1" }, "geometry": { "type": "MultiPoint", "coordinates": [ [ -79.37731504, 43.80491974 ] ] } },
{ "type": "Feature", "properties": { "_id": 347, "ASSET_ID": 102087, "LOCATION": "Kenaston Park", "ALTERNATIVE_NAME": "Kenaston Park Bottle Filling Station", "TYPE": "Bottle Filling Station", "ACCESSIBLE_FEATURES": "None", "HOURS": "None", "LOCATION_DETAILS": "Located along the pathway at the east end of the park.", "URL": "https://www.toronto.ca/explore-enjoy/parks-recreation/places-spaces/parks-and-recreation-facilities/location/?id=2598", "ADDRESS": "573 Sheppard Ave  E ", "PostedDate": "2026-05-19T10:48:56", "AssetName": "Kenaston Park Bottle Filling Station", "Reason": "None", "Comments": "None", "Status": "1" }, "geometry": { "type": "MultiPoint", "coordinates": [ [ -79.38585903, 43.76700053 ] ] } },
{ "type": "Feature", "properties": { "_id": 348, "ASSET_ID": 13254, "LOCATION": "Cummer Park", "ALTERNATIVE_NAME": "Cummer Park Skatepark Drinking Fountain", "TYPE": "Drinking Fountain", "ACCESSIBLE_FEATURES": "None", "HOURS": "None", "LOCATION_DETAILS": "Located in the grassy area between Leslie Street and the skatepark.", "URL": "https://www.toronto.ca/explore-enjoy/parks-recreation/places-spaces/parks-and-recreation-facilities/location/?id=941", "ADDRESS": "823 Cummer Ave  ", "PostedDate": "2026-05-19T10:48:31", "AssetName": "Cummer Park Skatepark Drinking Fountain", "Reason": "None", "Comments": "None", "Status": "1" }, "geometry": { "type": "MultiPoint", "coordinates": [ [ -79.37080551, 43.80064837 ] ] } },
{ "type": "Feature", "properties": { "_id": 349, "ASSET_ID": 2427, "LOCATION": "Centre Park", "ALTERNATIVE_NAME": "Centre Park Drinking Fountain", "TYPE": "Drinking Fountain", "ACCESSIBLE_FEATURES": "None", "HOURS": "None", "LOCATION_DETAILS": "Located close to Centre Avenue on the pathway to the playground.", "URL": "https://www.toronto.ca/explore-enjoy/parks-recreation/places-spaces/parks-and-recreation-facilities/location/?id=485", "ADDRESS": "15 Centre Ave  ", "PostedDate": "2026-05-19T10:48:20", "AssetName": "Centre Park Drinking Fountain", "Reason": "None", "Comments": "None", "Status": "1" }, "geometry": { "type": "MultiPoint", "coordinates": [ [ -79.41749725, 43.79152913 ] ] } },
{ "type": "Feature", "properties": { "_id": 350, "ASSET_ID": 102144, "LOCATION": "Ballyconnor Park", "ALTERNATIVE_NAME": "Ballyconnor Park Bottle Filling Station", "TYPE": "Bottle Filling Station", "ACCESSIBLE_FEATURES": "None", "HOURS": "None", "LOCATION_DETAILS": "Located along the pathway, across from the playground.", "URL": "https://www.toronto.ca/explore-enjoy/parks-recreation/places-spaces/parks-and-recreation-facilities/location/?id=3739", "ADDRESS": "21 Ballyconnor Crt   ", "PostedDate": "2026-05-19T10:48:06", "AssetName": "Ballyconnor Court Park Bottle Filling Station", "Reason": "None", "Comments": "None", "Status": "1" }, "geometry": { "type": "MultiPoint", "coordinates": [ [ -79.38624739, 43.7999239 ] ] } },
{ "type": "Feature", "properties": { "_id": 351, "ASSET_ID": 77316, "LOCATION": "Bowan Court Parkette", "ALTERNATIVE_NAME": "Bowan Court Parkette Drinking Fountain", "TYPE": "Drinking Fountain", "ACCESSIBLE_FEATURES": "None", "HOURS": "None", "LOCATION_DETAILS": "Located at the end of the pathway on the east side of the park.", "URL": "https://www.toronto.ca/explore-enjoy/parks-recreation/places-spaces/parks-and-recreation-facilities/location/?id=2159", "ADDRESS": "12 Bowan Crt  ", "PostedDate": "2026-05-19T10:47:48", "AssetName": "Bowan Court Parkette Drinking Fountain", "Reason": "None", "Comments": "None", "Status": "1" }, "geometry": { "type": "MultiPoint", "coordinates": [ [ -79.39219418, 43.79566464 ] ] } },
{ "type": "Feature", "properties": { "_id": 352, "ASSET_ID": 13244, "LOCATION": "Bestview Park", "ALTERNATIVE_NAME": "Bestview Park Tennis Court Drinking Fountain", "TYPE": "Drinking Fountain", "ACCESSIBLE_FEATURES": "None", "HOURS": "None", "LOCATION_DETAILS": "Located on the pathway north of the tennis courts. ", "URL": "https://www.toronto.ca/explore-enjoy/parks-recreation/places-spaces/parks-and-recreation-facilities/location/?id=521", "ADDRESS": "115 Bestview Dr  ", "PostedDate": "2026-05-19T10:47:37", "AssetName": "Bestview Park Tennis Court Drinking Fountain", "Reason": "None", "Comments": "None", "Status": "1" }, "geometry": { "type": "MultiPoint", "coordinates": [ [ -79.38369329, 43.80270863 ] ] } },
{ "type": "Feature", "properties": { "_id": 353, "ASSET_ID": 13306, "LOCATION": "Willowdale Park", "ALTERNATIVE_NAME": "Willowdale Park Kenneth Avenue Entrance Drinking Fountain", "TYPE": "Drinking Fountain", "ACCESSIBLE_FEATURES": "None", "HOURS": "None", "LOCATION_DETAILS": "Located near the Kenneth Avenue park entrance along the east side of the pathway.", "URL": "https://www.toronto.ca/explore-enjoy/parks-recreation/places-spaces/parks-and-recreation-facilities/location/?id=865", "ADDRESS": "75 Hollywood Ave  ", "PostedDate": "2026-05-19T10:47:25", "AssetName": "Willowdale Park Kenneth Avenue Entrance Drinking Fountain", "Reason": "None", "Comments": "None", "Status": "1" }, "geometry": { "type": "MultiPoint", "coordinates": [ [ -79.40592754, 43.76623652 ] ] } },
{ "type": "Feature", "properties": { "_id": 354, "ASSET_ID": 2704, "LOCATION": "Pelmo Park", "ALTERNATIVE_NAME": "Pelmo Park Playground Drinking Fountain", "TYPE": "Drinking Fountain", "ACCESSIBLE_FEATURES": "None", "HOURS": "None", "LOCATION_DETAILS": "Located next to the playground.", "URL": "https://www.toronto.ca/explore-enjoy/parks-recreation/places-spaces/parks-and-recreation-facilities/location/?id=723", "ADDRESS": "171 Pellatt Ave  ", "PostedDate": "2026-05-19T09:36:24", "AssetName": "Pelmo Park Playground Drinking Fountain", "Reason": "None", "Comments": "None", "Status": "1" }, "geometry": { "type": "MultiPoint", "coordinates": [ [ -79.51929586, 43.71349385 ] ] } },
{ "type": "Feature", "properties": { "_id": 355, "ASSET_ID": 102256, "LOCATION": "James Trimbee Park", "ALTERNATIVE_NAME": "James Trimbee Park Drinking Fountain", "TYPE": "Drinking Fountain", "ACCESSIBLE_FEATURES": "None", "HOURS": "None", "LOCATION_DETAILS": "Located near the entrance to the park off Margarey Rose Court.", "URL": "https://www.toronto.ca/explore-enjoy/parks-recreation/places-spaces/parks-and-recreation-facilities/location/?id=2531", "ADDRESS": "25 Plainfield Rd  ", "PostedDate": "2026-05-19T09:27:25", "AssetName": "James Trimbee Park Drinking Fountain", "Reason": "None", "Comments": "None", "Status": "1" }, "geometry": { "type": "MultiPoint", "coordinates": [ [ -79.50576109, 43.69889706 ] ] } },
{ "type": "Feature", "properties": { "_id": 356, "ASSET_ID": 2316, "LOCATION": "Florence Gell Park", "ALTERNATIVE_NAME": "Florence Gell Park Drinking Fountain", "TYPE": "Drinking Fountain", "ACCESSIBLE_FEATURES": "None", "HOURS": "None", "LOCATION_DETAILS": "Located on the pathway west of the splash pad.", "URL": "https://www.toronto.ca/explore-enjoy/parks-recreation/places-spaces/parks-and-recreation-facilities/location/?id=2015", "ADDRESS": "85 Varsity Rd  ", "PostedDate": "2026-05-19T08:22:34", "AssetName": "Florence Gell Park Drinking Fountain", "Reason": "None", "Comments": "None", "Status": "1" }, "geometry": { "type": "MultiPoint", "coordinates": [ [ -79.49817225, 43.66189762 ] ] } },
{ "type": "Feature", "properties": { "_id": 357, "ASSET_ID": 102106, "LOCATION": "Maple Leaf Park", "ALTERNATIVE_NAME": "Maple Leaf Park Basketball Court Bottle Filling Station", "TYPE": "Bottle Filling Station", "ACCESSIBLE_FEATURES": "None", "HOURS": "None", "LOCATION_DETAILS": "Located north of the basketball courts along the pathway.", "URL": "https://www.toronto.ca/explore-enjoy/parks-recreation/places-spaces/parks-and-recreation-facilities/location/?id=688", "ADDRESS": "320 Culford Rd  ", "PostedDate": "2026-05-19T07:45:50", "AssetName": "Maple Leaf Park Basketball Court Bottle Filling Station", "Reason": "None", "Comments": "None", "Status": "1" }, "geometry": { "type": "MultiPoint", "coordinates": [ [ -79.49307438, 43.71626101 ] ] } },
{ "type": "Feature", "properties": { "_id": 358, "ASSET_ID": 75023, "LOCATION": "Maple Leaf Park", "ALTERNATIVE_NAME": "Maple Leaf Park Playground Drinking Fountain", "TYPE": "Drinking Fountain", "ACCESSIBLE_FEATURES": "None", "HOURS": "None", "LOCATION_DETAILS": "Located west of the playground, along the pathway.", "URL": "https://www.toronto.ca/explore-enjoy/parks-recreation/places-spaces/parks-and-recreation-facilities/location/?id=688", "ADDRESS": "320 Culford Rd  ", "PostedDate": "2026-05-19T07:45:41", "AssetName": "Maple Leaf Park Playground Drinking Fountain", "Reason": "None", "Comments": "None", "Status": "1" }, "geometry": { "type": "MultiPoint", "coordinates": [ [ -79.49215165, 43.7161422 ] ] } },
{ "type": "Feature", "properties": { "_id": 359, "ASSET_ID": 2224, "LOCATION": "Islington Park", "ALTERNATIVE_NAME": "Islington Park Playground Drinking Fountain", "TYPE": "Drinking Fountain", "ACCESSIBLE_FEATURES": "None", "HOURS": "None", "LOCATION_DETAILS": "Located south of the playground.", "URL": "https://www.toronto.ca/explore-enjoy/parks-recreation/places-spaces/parks-and-recreation-facilities/location/?id=1504", "ADDRESS": "19 Franel Cres  ", "PostedDate": "2026-05-19T07:44:51", "AssetName": "Islington Park Playground Drinking Fountain", "Reason": "None", "Comments": "None", "Status": "1" }, "geometry": { "type": "MultiPoint", "coordinates": [ [ -79.56908364, 43.75197536 ] ] } },
{ "type": "Feature", "properties": { "_id": 360, "ASSET_ID": 2338, "LOCATION": "Eglinton Flats", "ALTERNATIVE_NAME": "Eglinton Flats West Loop Pathway Drinking Fountain", "TYPE": "Drinking Fountain", "ACCESSIBLE_FEATURES": "None", "HOURS": "None", "LOCATION_DETAILS": "Located on the north side of the pathway 175 metres west of the southeast sports pavilion.", "URL": "https://www.toronto.ca/explore-enjoy/parks-recreation/places-spaces/parks-and-recreation-facilities/location/?id=9", "ADDRESS": "101 Emmett Ave  ", "PostedDate": "2026-05-19T07:37:51", "AssetName": "Eglinton Flats West Loop Pathway Drinking Fountain", "Reason": "None", "Comments": "None", "Status": "1" }, "geometry": { "type": "MultiPoint", "coordinates": [ [ -79.49672041, 43.68341472 ] ] } },
{ "type": "Feature", "properties": { "_id": 361, "ASSET_ID": 2585, "LOCATION": "Withrow Park", "ALTERNATIVE_NAME": "Withrow Park Soccer Field Drinking Fountain", "TYPE": "Drinking Fountain", "ACCESSIBLE_FEATURES": "None", "HOURS": "None", "LOCATION_DETAILS": "Located northwest of the soccer field along the pathway. ", "URL": "https://www.toronto.ca/explore-enjoy/parks-recreation/places-spaces/parks-and-recreation-facilities/location/?id=306", "ADDRESS": "725 Logan Ave  ", "PostedDate": "2026-05-15T10:44:47", "AssetName": "Withrow Park Soccer Field Drinking Fountain", "Reason": "None", "Comments": "None", "Status": "1" }, "geometry": { "type": "MultiPoint", "coordinates": [ [ -79.34638904, 43.67380019 ] ] } },
{ "type": "Feature", "properties": { "_id": 362, "ASSET_ID": 2586, "LOCATION": "Withrow Park", "ALTERNATIVE_NAME": "Withrow Park Playground Drinking Fountain", "TYPE": "Drinking Fountain", "ACCESSIBLE_FEATURES": "None", "HOURS": "None", "LOCATION_DETAILS": "Located southeast of the playground along the pathway.", "URL": "https://www.toronto.ca/explore-enjoy/parks-recreation/places-spaces/parks-and-recreation-facilities/location/?id=306", "ADDRESS": "725 Logan Ave  ", "PostedDate": "2026-05-15T10:44:37", "AssetName": "Withrow Park Playground Drinking Fountain", "Reason": "None", "Comments": "None", "Status": "1" }, "geometry": { "type": "MultiPoint", "coordinates": [ [ -79.34751396, 43.67591003 ] ] } },
{ "type": "Feature", "properties": { "_id": 363, "ASSET_ID": 102233, "LOCATION": "Withrow Park", "ALTERNATIVE_NAME": "Withrow Park Outdoor Rink Drinking Water Station", "TYPE": "Drinking Fountain, Dog Fountain", "ACCESSIBLE_FEATURES": "None", "HOURS": "None", "LOCATION_DETAILS": "Located south of the outdoor rink.", "URL": "https://www.toronto.ca/explore-enjoy/parks-recreation/places-spaces/parks-and-recreation-facilities/location/?id=306", "ADDRESS": "725 Logan Ave  ", "PostedDate": "2026-05-15T10:44:28", "AssetName": "Withrow Park Outdoor Rink Drinking Water Station", "Reason": "None", "Comments": "None", "Status": "1" }, "geometry": { "type": "MultiPoint", "coordinates": [ [ -79.34650864, 43.67410715 ] ] } },
{ "type": "Feature", "properties": { "_id": 364, "ASSET_ID": 78414, "LOCATION": "Withrow Park", "ALTERNATIVE_NAME": "Withrow Park Fieldhouse Bottle Filling Station", "TYPE": "Bottle Filling Station", "ACCESSIBLE_FEATURES": "None", "HOURS": "None", "LOCATION_DETAILS": "Located on the outside of the fieldhouse.", "URL": "https://www.toronto.ca/explore-enjoy/parks-recreation/places-spaces/parks-and-recreation-facilities/location/?id=306", "ADDRESS": "725 Logan Ave  ", "PostedDate": "2026-05-15T10:44:16", "AssetName": "Withrow Park Fieldhouse Bottle Filling Station", "Reason": "None", "Comments": "None", "Status": "1" }, "geometry": { "type": "MultiPoint", "coordinates": [ [ -79.34730279, 43.67569839 ] ] } },
{ "type": "Feature", "properties": { "_id": 365, "ASSET_ID": 102028, "LOCATION": "Salem Parkette", "ALTERNATIVE_NAME": "Salem Parkette Fitness Area Bottle Filling Station", "TYPE": "Bottle Filling Station", "ACCESSIBLE_FEATURES": "None", "HOURS": "None", "LOCATION_DETAILS": "Located southeast of the fitness equipment area along the pathway.", "URL": "https://www.toronto.ca/explore-enjoy/parks-recreation/places-spaces/parks-and-recreation-facilities/location/?id=1097", "ADDRESS": "9 Salem Ave  ", "PostedDate": "2026-05-15T10:43:48", "AssetName": "Salem Parkette Fitness Area Bottle Filling Station", "Reason": "None", "Comments": "None", "Status": "1" }, "geometry": { "type": "MultiPoint", "coordinates": [ [ -79.43075473, 43.66142395 ] ] } },
{ "type": "Feature", "properties": { "_id": 366, "ASSET_ID": 2273, "LOCATION": "Wells Hill Park", "ALTERNATIVE_NAME": "Wells Hill Park Wading Pool Drinking Fountain", "TYPE": "Drinking Fountain", "ACCESSIBLE_FEATURES": "None", "HOURS": "None", "LOCATION_DETAILS": "Located west of the wading pool.", "URL": "https://www.toronto.ca/explore-enjoy/parks-recreation/places-spaces/parks-and-recreation-facilities/location/?id=393", "ADDRESS": "145 Hilton Ave  ", "PostedDate": "2026-05-15T10:42:38", "AssetName": "Wells Hill Park Wading Pool Drinking Fountain", "Reason": "None", "Comments": "None", "Status": "1" }, "geometry": { "type": "MultiPoint", "coordinates": [ [ -79.4166854, 43.68267389 ] ] } },
{ "type": "Feature", "properties": { "_id": 367, "ASSET_ID": 102158, "LOCATION": "Wells Hill Park", "ALTERNATIVE_NAME": "Wells Hill Park Bottle Drinking Water Station", "TYPE": "Bottle Filling Station, Drinking Fountain", "ACCESSIBLE_FEATURES": "None", "HOURS": "None", "LOCATION_DETAILS": "Located in the northeast corner of the park along the pathway.", "URL": "https://www.toronto.ca/explore-enjoy/parks-recreation/places-spaces/parks-and-recreation-facilities/location/?id=393", "ADDRESS": "145 Hilton Ave  ", "PostedDate": "2026-05-15T10:42:31", "AssetName": "Wells Hill Park Bottle Drinking Water Station", "Reason": "None", "Comments": "None", "Status": "1" }, "geometry": { "type": "MultiPoint", "coordinates": [ [ -79.41601533, 43.68333728 ] ] } },
{ "type": "Feature", "properties": { "_id": 368, "ASSET_ID": 102259, "LOCATION": "Toronto Music Garden", "ALTERNATIVE_NAME": "Toronto Music Garden Prelude Drinking Fountain", "TYPE": "Drinking Fountain", "ACCESSIBLE_FEATURES": "None", "HOURS": "None", "LOCATION_DETAILS": "Located along the pathway in the Prelude west of the Courante.", "URL": "https://www.toronto.ca/explore-enjoy/parks-recreation/places-spaces/parks-and-recreation-facilities/location/?id=1707", "ADDRESS": "479 Queens Quay W", "PostedDate": "2026-05-15T10:42:06", "AssetName": "Toronto Music Garden Prelude Drinking Fountain", "Reason": "None", "Comments": "None", "Status": "1" }, "geometry": { "type": "MultiPoint", "coordinates": [ [ -79.39495519, 43.63674288 ] ] } },
{ "type": "Feature", "properties": { "_id": 369, "ASSET_ID": 2526, "LOCATION": "Toronto Music Garden", "ALTERNATIVE_NAME": "Toronto Music Garden Ornamental Fountain Drinking Fountain", "TYPE": "Drinking Fountain", "ACCESSIBLE_FEATURES": "None", "HOURS": "None", "LOCATION_DETAILS": "Located along the pathway at the intersection between the ornamental fountain and the outdoor concert theatre.", "URL": "https://www.toronto.ca/explore-enjoy/parks-recreation/places-spaces/parks-and-recreation-facilities/location/?id=1707", "ADDRESS": "479 Queens Quay W ", "PostedDate": "2026-05-15T10:42:00", "AssetName": "Toronto Music Garden Ornamental Fountain Drinking Fountain", "Reason": "None", "Comments": "None", "Status": "1" }, "geometry": { "type": "MultiPoint", "coordinates": [ [ -79.39425192, 43.63703746 ] ] } },
{ "type": "Feature", "properties": { "_id": 370, "ASSET_ID": 2527, "LOCATION": "Toronto Music Garden", "ALTERNATIVE_NAME": "Toronto Music Garden Fieldhouse Drinking Fountain", "TYPE": "Drinking Fountain", "ACCESSIBLE_FEATURES": "None", "HOURS": "None", "LOCATION_DETAILS": "Located at the southeast corner of the park, south of the fieldhouse.", "URL": "https://www.toronto.ca/explore-enjoy/parks-recreation/places-spaces/parks-and-recreation-facilities/location/?id=1707", "ADDRESS": "479 Queens Quay W ", "PostedDate": "2026-05-15T10:41:52", "AssetName": "Toronto Music Garden Fieldhouse Drinking Fountain", "Reason": "None", "Comments": "None", "Status": "1" }, "geometry": { "type": "MultiPoint", "coordinates": [ [ -79.39267924, 43.63693588 ] ] } },
{ "type": "Feature", "properties": { "_id": 371, "ASSET_ID": 80205, "LOCATION": "Taylor Creek Park", "ALTERNATIVE_NAME": "Taylor Creek Park Drinking Water Station", "TYPE": "Drinking Fountain, Dog Fountain", "ACCESSIBLE_FEATURES": "None", "HOURS": "None", "LOCATION_DETAILS": "Located on the west end of the parking lot on the west side of Dawes Road.", "URL": "https://www.toronto.ca/explore-enjoy/parks-recreation/places-spaces/parks-and-recreation-facilities/location/?id=29", "ADDRESS": "260 Dawes Rd  ", "PostedDate": "2026-05-15T10:40:35", "AssetName": "Taylor Creek Park Drinking Water Station", "Reason": "None", "Comments": "None", "Status": "1" }, "geometry": { "type": "MultiPoint", "coordinates": [ [ -79.29969706, 43.6971221 ] ] } },
{ "type": "Feature", "properties": { "_id": 372, "ASSET_ID": 2600, "LOCATION": "St. Patricks Square", "ALTERNATIVE_NAME": "St. Patricks Square Drinking Fountain", "TYPE": "Drinking Fountain", "ACCESSIBLE_FEATURES": "None", "HOURS": "None", "LOCATION_DETAILS": "Located on the southeast corner of the square.", "URL": "https://www.toronto.ca/explore-enjoy/parks-recreation/places-spaces/parks-and-recreation-facilities/location/?id=205", "ADDRESS": "14 St Patricks Sq  ", "PostedDate": "2026-05-15T10:39:21", "AssetName": "St. Patricks Square Drinking Fountain", "Reason": "None", "Comments": "None", "Status": "1" }, "geometry": { "type": "MultiPoint", "coordinates": [ [ -79.39051911, 43.65053341 ] ] } },
{ "type": "Feature", "properties": { "_id": 373, "ASSET_ID": 102129, "LOCATION": "St. James Park", "ALTERNATIVE_NAME": "St. James Park Playground Bottle Filling Station", "TYPE": "Bottle Filling Station", "ACCESSIBLE_FEATURES": "None", "HOURS": "None", "LOCATION_DETAILS": "Located north of the playground along the pathway.", "URL": "https://www.toronto.ca/explore-enjoy/parks-recreation/places-spaces/parks-and-recreation-facilities/location/?id=408", "ADDRESS": "120 King St  E ", "PostedDate": "2026-05-15T10:39:06", "AssetName": "St. James Park Playground Bottle Filling Station", "Reason": "None", "Comments": "None", "Status": "1" }, "geometry": { "type": "MultiPoint", "coordinates": [ [ -79.37249938, 43.65117549 ] ] } },
{ "type": "Feature", "properties": { "_id": 374, "ASSET_ID": 18707, "LOCATION": "Toronto Metropolitan University Square", "ALTERNATIVE_NAME": "Toronto Metropolitan University Square Drinking Fountain", "TYPE": "Drinking Fountain", "ACCESSIBLE_FEATURES": "None", "HOURS": "None", "LOCATION_DETAILS": "Located in the northwest corner of the park along the main pathway.", "URL": "https://www.toronto.ca/explore-enjoy/parks-recreation/places-spaces/parks-and-recreation-facilities/location/?id=240", "ADDRESS": "50 Gould St  ", "PostedDate": "2026-05-15T10:38:41", "AssetName": "Toronto Metropolitan University Square Drinking Fountain", "Reason": "None", "Comments": "None", "Status": "1" }, "geometry": { "type": "MultiPoint", "coordinates": [ [ -79.3797703, 43.65885617 ] ] } },
{ "type": "Feature", "properties": { "_id": 375, "ASSET_ID": 102140, "LOCATION": "Riverdale Park West", "ALTERNATIVE_NAME": "Riverdale Farm Drinking Water Station", "TYPE": "Bottle Filling Station, Drinking Fountain", "ACCESSIBLE_FEATURES": "None", "HOURS": "None", "LOCATION_DETAILS": "Located along the pathway at the south end of the farm by the animals enclosures.", "URL": "https://www.toronto.ca/explore-enjoy/parks-recreation/places-spaces/parks-and-recreation-facilities/location/?id=345", "ADDRESS": "375 Sumach St  ", "PostedDate": "2026-05-15T10:38:02", "AssetName": "Riverdale Farm Drinking Water Station", "Reason": "None", "Comments": "None", "Status": "1" }, "geometry": { "type": "MultiPoint", "coordinates": [ [ -79.36066289, 43.66670583 ] ] } },
{ "type": "Feature", "properties": { "_id": 376, "ASSET_ID": 2709, "LOCATION": "Osler Playground", "ALTERNATIVE_NAME": "Osler Playground Drinking Water Station", "TYPE": "Bottle Filling Station, Drinking Fountain, Dog Fountain", "ACCESSIBLE_FEATURES": "None", "HOURS": "None", "LOCATION_DETAILS": "Located south of the playground, across from the dog off-leash area.", "URL": "https://www.toronto.ca/explore-enjoy/parks-recreation/places-spaces/parks-and-recreation-facilities/location/?id=248", "ADDRESS": "123 Argyle St  ", "PostedDate": "2026-05-15T10:37:31", "AssetName": "Osler Playground Drinking Water Station", "Reason": "None", "Comments": "None", "Status": "1" }, "geometry": { "type": "MultiPoint", "coordinates": [ [ -79.42224866, 43.64590277 ] ] } },
{ "type": "Feature", "properties": { "_id": 377, "ASSET_ID": 2722, "LOCATION": "Northumberland Playground", "ALTERNATIVE_NAME": "Northhumberland Playground Wading Pool Drinking Fountain", "TYPE": "Drinking Fountain", "ACCESSIBLE_FEATURES": "None", "HOURS": "None", "LOCATION_DETAILS": "Located next to the wading pool.", "URL": "https://www.toronto.ca/explore-enjoy/parks-recreation/places-spaces/parks-and-recreation-facilities/location/?id=224", "ADDRESS": "770 Ossington Ave  ", "PostedDate": "2026-05-15T10:37:10", "AssetName": "Northhumberland Playground Wading Pool Drinking Fountain", "Reason": "None", "Comments": "None", "Status": "1" }, "geometry": { "type": "MultiPoint", "coordinates": [ [ -79.42631214, 43.66282109 ] ] } },
{ "type": "Feature", "properties": { "_id": 378, "ASSET_ID": 102067, "LOCATION": "Morse Street Playground", "ALTERNATIVE_NAME": "Morse Street Playground Bottle Filling Station", "TYPE": "Bottle Filling Station", "ACCESSIBLE_FEATURES": "None", "HOURS": "None", "LOCATION_DETAILS": "Located east of the wading pool along the pathway.", "URL": "https://www.toronto.ca/explore-enjoy/parks-recreation/places-spaces/parks-and-recreation-facilities/location/?id=174", "ADDRESS": "76 Morse St  ", "PostedDate": "2026-05-15T10:36:45", "AssetName": "Morse Street Playground Bottle Filling Station", "Reason": "None", "Comments": "None", "Status": "1" }, "geometry": { "type": "MultiPoint", "coordinates": [ [ -79.33979635, 43.6568072 ] ] } },
{ "type": "Feature", "properties": { "_id": 379, "ASSET_ID": 71304, "LOCATION": "McCleary Park", "ALTERNATIVE_NAME": "McCleary Park Bottle Filling Station ", "TYPE": "Bottle Filling Station", "ACCESSIBLE_FEATURES": "None", "HOURS": "None", "LOCATION_DETAILS": "Located outside the washroom building.", "URL": "https://www.toronto.ca/explore-enjoy/parks-recreation/places-spaces/parks-and-recreation-facilities/location/?id=379", "ADDRESS": "755 Lake Shore Blvd  E ", "PostedDate": "2026-05-15T10:35:21", "AssetName": "McCleary Park Bottle Filling Station ", "Reason": "None", "Comments": "None", "Status": "1" }, "geometry": { "type": "MultiPoint", "coordinates": [ [ -79.34064014, 43.65336831 ] ] } },
{ "type": "Feature", "properties": { "_id": 380, "ASSET_ID": 2144, "LOCATION": "Marian Engel Park", "ALTERNATIVE_NAME": "Marian Engel Wading Pool Drinking Fountain", "TYPE": "Drinking Fountain", "ACCESSIBLE_FEATURES": "None", "HOURS": "None", "LOCATION_DETAILS": "Located next to the wading pool.", "URL": "https://www.toronto.ca/explore-enjoy/parks-recreation/places-spaces/parks-and-recreation-facilities/location/?id=38", "ADDRESS": "285 Melita Ave  ", "PostedDate": "2026-05-15T10:34:59", "AssetName": "Marian Engel Wading Pool Drinking Fountain", "Reason": "None", "Comments": "None", "Status": "1" }, "geometry": { "type": "MultiPoint", "coordinates": [ [ -79.42377427, 43.67386705 ] ] } },
{ "type": "Feature", "properties": { "_id": 381, "ASSET_ID": 2168, "LOCATION": "Little Norway Park", "ALTERNATIVE_NAME": "Little Norway Park Playground Drinking Fountain", "TYPE": "Drinking Fountain", "ACCESSIBLE_FEATURES": "None", "HOURS": "None", "LOCATION_DETAILS": "Located in the playground, south of the wading pool.", "URL": "https://www.toronto.ca/explore-enjoy/parks-recreation/places-spaces/parks-and-recreation-facilities/location/?id=128", "ADDRESS": "659 Queens Quay  W ", "PostedDate": "2026-05-15T10:34:36", "AssetName": "Little Norway Park Playground Drinking Fountain", "Reason": "None", "Comments": "None", "Status": "1" }, "geometry": { "type": "MultiPoint", "coordinates": [ [ -79.39802816, 43.63374647 ] ] } },
{ "type": "Feature", "properties": { "_id": 382, "ASSET_ID": 2167, "LOCATION": "Little Norway Park", "ALTERNATIVE_NAME": "Little Norway Park Drinking Fountain", "TYPE": "Drinking Fountain", "ACCESSIBLE_FEATURES": "None", "HOURS": "None", "LOCATION_DETAILS": "Located east of the main pathway in the middle of the park.", "URL": "https://www.toronto.ca/explore-enjoy/parks-recreation/places-spaces/parks-and-recreation-facilities/location/?id=128", "ADDRESS": "659 Queens Quay  W ", "PostedDate": "2026-05-15T10:34:29", "AssetName": "Little Norway Park Drinking Fountain", "Reason": "None", "Comments": "None", "Status": "1" }, "geometry": { "type": "MultiPoint", "coordinates": [ [ -79.39875524, 43.63465361 ] ] } },
{ "type": "Feature", "properties": { "_id": 383, "ASSET_ID": 2166, "LOCATION": "Little Norway Park", "ALTERNATIVE_NAME": "Little Norway Park Baseball Diamond Drinking Fountain", "TYPE": "Drinking Fountain", "ACCESSIBLE_FEATURES": "None", "HOURS": "None", "LOCATION_DETAILS": "Located east of the baseball diamond along the pathway.", "URL": "https://www.toronto.ca/explore-enjoy/parks-recreation/places-spaces/parks-and-recreation-facilities/location/?id=128", "ADDRESS": "659 Queens Quay  W ", "PostedDate": "2026-05-15T10:34:20", "AssetName": "Little Norway Park Baseball Diamond Drinking Fountain", "Reason": "None", "Comments": "None", "Status": "1" }, "geometry": { "type": "MultiPoint", "coordinates": [ [ -79.39766906, 43.63446765 ] ] } },
{ "type": "Feature", "properties": { "_id": 384, "ASSET_ID": 70963, "LOCATION": "Lionel Conacher Park", "ALTERNATIVE_NAME": "Lionel Conacher Park Wading Pool Bottle Filling Station", "TYPE": "Bottle Filling Station", "ACCESSIBLE_FEATURES": "None", "HOURS": "None", "LOCATION_DETAILS": "Located north of the wading pool.", "URL": "https://www.toronto.ca/explore-enjoy/parks-recreation/places-spaces/parks-and-recreation-facilities/location/?id=229", "ADDRESS": "80 Cottingham St  ", "PostedDate": "2026-05-15T10:33:32", "AssetName": "Lionel Conacher Park Wading Pool Bottle Filling Station", "Reason": "None", "Comments": "None", "Status": "1" }, "geometry": { "type": "MultiPoint", "coordinates": [ [ -79.39467001, 43.68058114 ] ] } },
{ "type": "Feature", "properties": { "_id": 385, "ASSET_ID": 2180, "LOCATION": "Leslie Grove Park", "ALTERNATIVE_NAME": "Leslie Grove Park Wading Pool Drinking Fountain", "TYPE": "Drinking Fountain", "ACCESSIBLE_FEATURES": "None", "HOURS": "None", "LOCATION_DETAILS": "Located next to the wading pool.", "URL": "https://www.toronto.ca/explore-enjoy/parks-recreation/places-spaces/parks-and-recreation-facilities/location/?id=123", "ADDRESS": "1158 Queen St  E ", "PostedDate": "2026-05-15T10:32:22", "AssetName": "Leslie Grove Park Wading Pool Drinking Fountain", "Reason": "None", "Comments": "None", "Status": "1" }, "geometry": { "type": "MultiPoint", "coordinates": [ [ -79.33325888, 43.66315477 ] ] } },
{ "type": "Feature", "properties": { "_id": 386, "ASSET_ID": 2186, "LOCATION": "Laughlin Park", "ALTERNATIVE_NAME": "Laughlin Park Drinking Fountain", "TYPE": "Drinking Fountain", "ACCESSIBLE_FEATURES": "None", "HOURS": "None", "LOCATION_DETAILS": "Located north of the playground entrance. ", "URL": "https://www.toronto.ca/explore-enjoy/parks-recreation/places-spaces/parks-and-recreation-facilities/location/?id=833", "ADDRESS": "420 Atlas Ave  ", "PostedDate": "2026-05-15T10:30:22", "AssetName": "Laughlin Park Drinking Fountain", "Reason": "None", "Comments": "None", "Status": "1" }, "geometry": { "type": "MultiPoint", "coordinates": [ [ -79.43650152, 43.69294203 ] ] } },
{ "type": "Feature", "properties": { "_id": 387, "ASSET_ID": 102097, "LOCATION": "Joseph Workman Park", "ALTERNATIVE_NAME": "Joseph Workman Park Drinking Water Station", "TYPE": "Drinking Fountain, Dog Fountain", "ACCESSIBLE_FEATURES": "None", "HOURS": "None", "LOCATION_DETAILS": "Located east of the pathway along Shank Street.", "URL": "https://www.toronto.ca/explore-enjoy/parks-recreation/places-spaces/parks-and-recreation-facilities/location/?id=376", "ADDRESS": "90 Shank St  ", "PostedDate": "2026-05-15T10:30:00", "AssetName": "Joseph Workman Park Drinking Water Station", "Reason": "None", "Comments": "None", "Status": "1" }, "geometry": { "type": "MultiPoint", "coordinates": [ [ -79.4170443, 43.641823 ] ] } },
{ "type": "Feature", "properties": { "_id": 388, "ASSET_ID": 2214, "LOCATION": "Jonathan Ashbridge Park", "ALTERNATIVE_NAME": "Jonathan Ashbridge Park Wading Pool Drinking Fountain", "TYPE": "Drinking Fountain", "ACCESSIBLE_FEATURES": "None", "HOURS": "None", "LOCATION_DETAILS": "Located west of the wading pool.", "URL": "https://www.toronto.ca/explore-enjoy/parks-recreation/places-spaces/parks-and-recreation-facilities/location/?id=67", "ADDRESS": "1515 Queen St  E ", "PostedDate": "2026-05-15T10:29:39", "AssetName": "Jonathan Ashbridge Park Wading Pool Drinking Fountain", "Reason": "None", "Comments": "None", "Status": "1" }, "geometry": { "type": "MultiPoint", "coordinates": [ [ -79.32005696, 43.66442052 ] ] } },
{ "type": "Feature", "properties": { "_id": 389, "ASSET_ID": 41107, "LOCATION": "Jonathan Ashbridge Park", "ALTERNATIVE_NAME": "Jonathan Ashbridge Park Fieldhouse Bottle Filling Station", "TYPE": "Bottle Filling Station", "ACCESSIBLE_FEATURES": "None", "HOURS": "None", "LOCATION_DETAILS": "Located next to the fieldhouse washroom building.", "URL": "https://www.toronto.ca/explore-enjoy/parks-recreation/places-spaces/parks-and-recreation-facilities/location/?id=67", "ADDRESS": "1515 Queen St  E ", "PostedDate": "2026-05-15T10:29:32", "AssetName": "Jonathan Ashbridge Park Fieldhouse Bottle Filling Station", "Reason": "None", "Comments": "None", "Status": "1" }, "geometry": { "type": "MultiPoint", "coordinates": [ [ -79.31976403, 43.66460433 ] ] } },
{ "type": "Feature", "properties": { "_id": 390, "ASSET_ID": 18684, "LOCATION": "Jonathan Ashbridge Park", "ALTERNATIVE_NAME": "Jonathan Ashbridge Park Drinking Fountain", "TYPE": "Drinking Fountain", "ACCESSIBLE_FEATURES": "None", "HOURS": "None", "LOCATION_DETAILS": "Located near the corner of Queen Street East and Woodward Avenue.", "URL": "https://www.toronto.ca/explore-enjoy/parks-recreation/places-spaces/parks-and-recreation-facilities/location/?id=67", "ADDRESS": "1515 Queen St  E ", "PostedDate": "2026-05-15T10:29:25", "AssetName": "Jonathan Ashbridge Park Drinking Fountain", "Reason": "None", "Comments": "None", "Status": "1" }, "geometry": { "type": "MultiPoint", "coordinates": [ [ -79.31984857, 43.66538094 ] ] } },
{ "type": "Feature", "properties": { "_id": 391, "ASSET_ID": 2216, "LOCATION": "Jimmie Simpson Park", "ALTERNATIVE_NAME": "Jimmie Simpson Park Wading Pool Bottle Filling Station", "TYPE": "Bottle Filling Station", "ACCESSIBLE_FEATURES": "None", "HOURS": "None", "LOCATION_DETAILS": "Located north of the wading pool.", "URL": "https://www.toronto.ca/explore-enjoy/parks-recreation/places-spaces/parks-and-recreation-facilities/location/?id=155", "ADDRESS": "870 Queen St  E ", "PostedDate": "2026-05-15T10:29:07", "AssetName": "Jimmie Simpson Park Wading Pool Bottle Filling Station", "Reason": "None", "Comments": "None", "Status": "1" }, "geometry": { "type": "MultiPoint", "coordinates": [ [ -79.34470878, 43.66264153 ] ] } },
{ "type": "Feature", "properties": { "_id": 392, "ASSET_ID": 132561, "LOCATION": "Jimmie Simpson Park", "ALTERNATIVE_NAME": "Jimmie Simpson Park Outdoor Rink Bottle Filling Station", "TYPE": "Bottle Filling Station", "ACCESSIBLE_FEATURES": "None", "HOURS": "None", "LOCATION_DETAILS": "Located on the outside of the Recreation Centre, south of the Outdoor Rink.", "URL": "https://www.toronto.ca/explore-enjoy/parks-recreation/places-spaces/parks-and-recreation-facilities/location/?id=155", "ADDRESS": "870 Queen St  E", "PostedDate": "2026-05-15T10:28:59", "AssetName": "Jimmie Simpson Park Outdoor Rink Bottle Filling Station", "Reason": "None", "Comments": "None", "Status": "1" }, "geometry": { "type": "MultiPoint", "coordinates": [ [ -79.34517725, 43.66086121 ] ] } },
{ "type": "Feature", "properties": { "_id": 393, "ASSET_ID": 77814, "LOCATION": "Jimmie Simpson Park", "ALTERNATIVE_NAME": "Jimmie Simpson Park Bottle Filling Station", "TYPE": "Bottle Filling Station", "ACCESSIBLE_FEATURES": "None", "HOURS": "None", "LOCATION_DETAILS": "Located at the corner of Queen Street East and Booth Avenue.", "URL": "https://www.toronto.ca/explore-enjoy/parks-recreation/places-spaces/parks-and-recreation-facilities/location/?id=155", "ADDRESS": "870 Queen St  E ", "PostedDate": "2026-05-15T10:28:51", "AssetName": "Jimmie Simpson Park Bottle Filling Station", "Reason": "None", "Comments": "None", "Status": "1" }, "geometry": { "type": "MultiPoint", "coordinates": [ [ -79.3437212, 43.6603487 ] ] } },
{ "type": "Feature", "properties": { "_id": 394, "ASSET_ID": 2246, "LOCATION": "Hillcrest Park", "ALTERNATIVE_NAME": "Hillcrest Park Wading Pool Drinking Fountain", "TYPE": "Drinking Fountain", "ACCESSIBLE_FEATURES": "None", "HOURS": "None", "LOCATION_DETAILS": "Located next to the wading pool.", "URL": "https://www.toronto.ca/explore-enjoy/parks-recreation/places-spaces/parks-and-recreation-facilities/location/?id=79", "ADDRESS": "950 Davenport Rd  ", "PostedDate": "2026-05-15T10:28:29", "AssetName": "Hillcrest Park Wading Pool Drinking Fountain", "Reason": "None", "Comments": "None", "Status": "1" }, "geometry": { "type": "MultiPoint", "coordinates": [ [ -79.42492831, 43.6760093 ] ] } },
{ "type": "Feature", "properties": { "_id": 395, "ASSET_ID": 77874, "LOCATION": "Hillcrest Park", "ALTERNATIVE_NAME": "Hillcrest Park Dog Off-Leash Area Dog Fountain", "TYPE": "Dog Fountain", "ACCESSIBLE_FEATURES": "None", "HOURS": "None", "LOCATION_DETAILS": "Located in the southeast corner of the dog off-leash area.", "URL": "https://www.toronto.ca/explore-enjoy/parks-recreation/places-spaces/parks-and-recreation-facilities/location/?id=79", "ADDRESS": "950 Davenport Rd  ", "PostedDate": "2026-05-15T10:28:20", "AssetName": "Hillcrest Park Dog Off-Leash Area Dog Fountain", "Reason": "None", "Comments": "None", "Status": "1" }, "geometry": { "type": "MultiPoint", "coordinates": [ [ -79.4238856, 43.67624885 ] ] } },
{ "type": "Feature", "properties": { "_id": 396, "ASSET_ID": 102185, "LOCATION": "Frankel - Lambert Park", "ALTERNATIVE_NAME": "Frankel - Lambert Park Playground Drinking Fountain", "TYPE": "Drinking Fountain", "ACCESSIBLE_FEATURES": "None", "HOURS": "None", "LOCATION_DETAILS": "Located on the pathway at the east end of the playground.", "URL": "https://www.toronto.ca/explore-enjoy/parks-recreation/places-spaces/parks-and-recreation-facilities/location/?id=144", "ADDRESS": "340 Christie St  ", "PostedDate": "2026-05-15T10:27:46", "AssetName": "Frankel - Lambert Park Playground Drinking Fountain", "Reason": "None", "Comments": "None", "Status": "1" }, "geometry": { "type": "MultiPoint", "coordinates": [ [ -79.42421766, 43.67216606 ] ] } },
{ "type": "Feature", "properties": { "_id": 397, "ASSET_ID": 79141, "LOCATION": "Dunfield Park", "ALTERNATIVE_NAME": "Dunfield Park Drinking Fountain", "TYPE": "Drinking Fountain", "ACCESSIBLE_FEATURES": "None", "HOURS": "None", "LOCATION_DETAILS": "Located on the pathway south of the playground.", "URL": "https://www.toronto.ca/explore-enjoy/parks-recreation/places-spaces/parks-and-recreation-facilities/location/?id=2798", "ADDRESS": "35 Dunfield Ave  ", "PostedDate": "2026-05-15T10:27:15", "AssetName": "Dunfield Park Drinking Fountain", "Reason": "None", "Comments": "None", "Status": "1" }, "geometry": { "type": "MultiPoint", "coordinates": [ [ -79.39430462, 43.70519416 ] ] } },
{ "type": "Feature", "properties": { "_id": 398, "ASSET_ID": 2361, "LOCATION": "Dovercourt Park", "ALTERNATIVE_NAME": "Dovercourt Park Wading Pool Drinking Fountain", "TYPE": "Drinking Fountain", "ACCESSIBLE_FEATURES": "None", "HOURS": "None", "LOCATION_DETAILS": "Located at the south side of the wading pool.", "URL": "https://www.toronto.ca/explore-enjoy/parks-recreation/places-spaces/parks-and-recreation-facilities/location/?id=86", "ADDRESS": "155 Bartlett Ave  ", "PostedDate": "2026-05-15T10:26:48", "AssetName": "Dovercourt Park Wading Pool Drinking Fountain", "Reason": "None", "Comments": "None", "Status": "1" }, "geometry": { "type": "MultiPoint", "coordinates": [ [ -79.43307912, 43.66504722 ] ] } },
{ "type": "Feature", "properties": { "_id": 399, "ASSET_ID": 80046, "LOCATION": "Dovercourt Park", "ALTERNATIVE_NAME": "Dovercourt Park Firepit Drinking Water Station", "TYPE": "Drinking Fountain, Dog Fountain", "ACCESSIBLE_FEATURES": "None", "HOURS": "None", "LOCATION_DETAILS": "Located on the grassy area west of the fire pit.", "URL": "https://www.toronto.ca/explore-enjoy/parks-recreation/places-spaces/parks-and-recreation-facilities/location/?id=86", "ADDRESS": "155 Bartlett Ave  ", "PostedDate": "2026-05-15T10:26:42", "AssetName": "Dovercourt Park Firepit Drinking Water Station", "Reason": "None", "Comments": "None", "Status": "1" }, "geometry": { "type": "MultiPoint", "coordinates": [ [ -79.43306046, 43.66494265 ] ] } },
{ "type": "Feature", "properties": { "_id": 400, "ASSET_ID": 2424, "LOCATION": "CHARLES G. WILLIAMS PARK", "ALTERNATIVE_NAME": "Charles G. Williams Park Bottle Filling Station", "TYPE": "Bottle Filling Station", "ACCESSIBLE_FEATURES": "None", "HOURS": "None", "LOCATION_DETAILS": "Located on the pathway at the south end of the splash pad.", "URL": "https://www.toronto.ca/explore-enjoy/parks-recreation/places-spaces/parks-and-recreation-facilities/location/?id=296", "ADDRESS": "550 Roehampton Ave  ", "PostedDate": "2026-05-15T10:26:03", "AssetName": "Charles G. Williams Park Bottle Filling Station", "Reason": "None", "Comments": "None", "Status": "1" }, "geometry": { "type": "MultiPoint", "coordinates": [ [ -79.44296558, 43.6468573 ] ] } },
{ "type": "Feature", "properties": { "_id": 401, "ASSET_ID": 102114, "LOCATION": "Bickford Park", "ALTERNATIVE_NAME": "Bickford Park North Bottle Filling Station", "TYPE": "Bottle Filling Station", "ACCESSIBLE_FEATURES": "None", "HOURS": "None", "LOCATION_DETAILS": "Located on the pathway at the north end of the park.", "URL": "https://www.toronto.ca/explore-enjoy/parks-recreation/places-spaces/parks-and-recreation-facilities/location/?id=295", "ADDRESS": "400 Grace St  ", "PostedDate": "2026-05-15T10:24:59", "AssetName": "Bickford Park North Bottle Filling Station", "Reason": "None", "Comments": "None", "Status": "1" }, "geometry": { "type": "MultiPoint", "coordinates": [ [ -79.41926757, 43.66187974 ] ] } },
{ "type": "Feature", "properties": { "_id": 402, "ASSET_ID": 102115, "LOCATION": "Bickford Park", "ALTERNATIVE_NAME": "Bickford Park Dog Off-Leash Area Bottle Filling Station", "TYPE": "Bottle Filling Station", "ACCESSIBLE_FEATURES": "None", "HOURS": "None", "LOCATION_DETAILS": "Located at the east gate to the dog off-leash area. ", "URL": "https://www.toronto.ca/explore-enjoy/parks-recreation/places-spaces/parks-and-recreation-facilities/location/?id=295", "ADDRESS": "400 Grace St  ", "PostedDate": "2026-05-15T10:24:52", "AssetName": "Bickford Park Dog Off-Leash Area Bottle Filling Station", "Reason": "None", "Comments": "None", "Status": "1" }, "geometry": { "type": "MultiPoint", "coordinates": [ [ -79.41799506, 43.66027379 ] ] } },
{ "type": "Feature", "properties": { "_id": 403, "ASSET_ID": 2221, "LOCATION": "Ivan Forrest Gardens", "ALTERNATIVE_NAME": "Ivan Forrest Gardens Drinking Water Station", "TYPE": "Bottle Filling Station, Drinking Fountain, Dog Fountain", "ACCESSIBLE_FEATURES": "None", "HOURS": "None", "LOCATION_DETAILS": "Located at the corner of Queen Street East and Glen Manor Drive.", "URL": "https://www.toronto.ca/explore-enjoy/parks-recreation/places-spaces/parks-and-recreation-facilities/location/?id=410", "ADDRESS": "131 Glen Manor Dr  ", "PostedDate": "2026-05-14T12:43:22", "AssetName": "Ivan Forrest Gardens Drinking Water Station", "Reason": "None", "Comments": "None", "Status": "1" }, "geometry": { "type": "MultiPoint", "coordinates": [ [ -79.29264684, 43.67173558 ] ] } },
{ "type": "Feature", "properties": { "_id": 404, "ASSET_ID": 102136, "LOCATION": "James Canning Gardens", "ALTERNATIVE_NAME": "James Canning Gardens Playground Drinking Water Station", "TYPE": "Bottle Filling Station, Drinking Fountain", "ACCESSIBLE_FEATURES": "None", "HOURS": "None", "LOCATION_DETAILS": "Located next to the playground.", "URL": "https://www.toronto.ca/explore-enjoy/parks-recreation/places-spaces/parks-and-recreation-facilities/location/?id=101", "ADDRESS": "15 Gloucester St  ", "PostedDate": "2026-05-14T12:43:06", "AssetName": "James Canning Gardens Playground Drinking Water Station", "Reason": "None", "Comments": "None", "Status": "1" }, "geometry": { "type": "MultiPoint", "coordinates": [ [ -79.38424129, 43.6664581 ] ] } },
{ "type": "Feature", "properties": { "_id": 405, "ASSET_ID": 102171, "LOCATION": "June Rowlands Park", "ALTERNATIVE_NAME": "June Rowlands Park Splash Pad Drinking Fountain", "TYPE": "Drinking Fountain", "ACCESSIBLE_FEATURES": "None", "HOURS": "None", "LOCATION_DETAILS": "Located at the southeast corner of the splash pad.", "URL": "https://www.toronto.ca/explore-enjoy/parks-recreation/places-spaces/parks-and-recreation-facilities/location/?id=78", "ADDRESS": "220 Davisville Ave  ", "PostedDate": "2026-05-14T12:42:43", "AssetName": "June Rowlands Park Splash Pad Drinking Fountain", "Reason": "None", "Comments": "None", "Status": "1" }, "geometry": { "type": "MultiPoint", "coordinates": [ [ -79.38934829, 43.70029575 ] ] } },
{ "type": "Feature", "properties": { "_id": 406, "ASSET_ID": 102065, "LOCATION": "June Rowlands Park", "ALTERNATIVE_NAME": "June Rowlands Park Bottle Filling Station", "TYPE": "Bottle Filling Station", "ACCESSIBLE_FEATURES": "None", "HOURS": "None", "LOCATION_DETAILS": "Located south of the tennis courts and east of the baseball diamond.", "URL": "https://www.toronto.ca/explore-enjoy/parks-recreation/places-spaces/parks-and-recreation-facilities/location/?id=78", "ADDRESS": "220 Davisville Ave  ", "PostedDate": "2026-05-14T12:42:35", "AssetName": "June Rowlands Park Bottle Filling Station", "Reason": "None", "Comments": "None", "Status": "1" }, "geometry": { "type": "MultiPoint", "coordinates": [ [ -79.38815354, 43.70098521 ] ] } },
{ "type": "Feature", "properties": { "_id": 407, "ASSET_ID": 102236, "LOCATION": "Kempton Howard Park", "ALTERNATIVE_NAME": "Kempton Howard Park Wading Pool Drinking Fountain", "TYPE": "Drinking Fountain", "ACCESSIBLE_FEATURES": "None", "HOURS": "None", "LOCATION_DETAILS": "Located next to the wading pool.", "URL": "https://www.toronto.ca/explore-enjoy/parks-recreation/places-spaces/parks-and-recreation-facilities/location/?id=1077", "ADDRESS": "150 Blake St  ", "PostedDate": "2026-05-14T12:42:19", "AssetName": "Kempton Howard Park Wading Pool Drinking Fountain", "Reason": "None", "Comments": "None", "Status": "1" }, "geometry": { "type": "MultiPoint", "coordinates": [ [ -79.34052033, 43.67601067 ] ] } },
{ "type": "Feature", "properties": { "_id": 408, "ASSET_ID": 102090, "LOCATION": "Langford Parkette", "ALTERNATIVE_NAME": "Langford Parkette Drinking Water Station", "TYPE": "Bottle Filling Station, Drinking Fountain", "ACCESSIBLE_FEATURES": "None", "HOURS": "None", "LOCATION_DETAILS": "Located midway along the main pathway through the park.", "URL": "https://www.toronto.ca/explore-enjoy/parks-recreation/places-spaces/parks-and-recreation-facilities/location/?id=114", "ADDRESS": "26 Langford Ave  ", "PostedDate": "2026-05-14T12:41:59", "AssetName": "Langford Parkette Drinking Water Station", "Reason": "None", "Comments": "None", "Status": "1" }, "geometry": { "type": "MultiPoint", "coordinates": [ [ -79.34142539, 43.68046636 ] ] } },
{ "type": "Feature", "properties": { "_id": 409, "ASSET_ID": 102157, "LOCATION": "Lawton Parkette", "ALTERNATIVE_NAME": "Lawton Parkette Drinking Water Station", "TYPE": "Bottle Filling Station, Drinking Fountain", "ACCESSIBLE_FEATURES": "None", "HOURS": "None", "LOCATION_DETAILS": "Located midway along the pathway in the middle of the park.", "URL": "https://www.toronto.ca/explore-enjoy/parks-recreation/places-spaces/parks-and-recreation-facilities/location/?id=121", "ADDRESS": "1600 Yonge St  ", "PostedDate": "2026-05-14T12:41:41", "AssetName": "Lawton Parkette Drinking Water Station", "Reason": "None", "Comments": "None", "Status": "1" }, "geometry": { "type": "MultiPoint", "coordinates": [ [ -79.39542661, 43.69141143 ] ] } },
{ "type": "Feature", "properties": { "_id": 410, "ASSET_ID": 2718, "LOCATION": "Oak Street Park", "ALTERNATIVE_NAME": "Oak Street Park Bottle Filling Station", "TYPE": "Bottle Filling Station", "ACCESSIBLE_FEATURES": "None", "HOURS": "None", "LOCATION_DETAILS": "Located east of the basketball court.", "URL": "https://www.toronto.ca/explore-enjoy/parks-recreation/places-spaces/parks-and-recreation-facilities/location/?id=382", "ADDRESS": "165 River St  ", "PostedDate": "2026-05-14T12:40:09", "AssetName": "Oak Street Park Bottle Filling Station", "Reason": "None", "Comments": "None", "Status": "1" }, "geometry": { "type": "MultiPoint", "coordinates": [ [ -79.3580487, 43.66222921 ] ] } },
{ "type": "Feature", "properties": { "_id": 411, "ASSET_ID": 2706, "LOCATION": "Parliament Square Park", "ALTERNATIVE_NAME": "Parliament Square Park Drinking Fountain", "TYPE": "Drinking Fountain", "ACCESSIBLE_FEATURES": "None", "HOURS": "None", "LOCATION_DETAILS": "Located in the southwest corner of the park.", "URL": "https://www.toronto.ca/explore-enjoy/parks-recreation/places-spaces/parks-and-recreation-facilities/location/?id=442", "ADDRESS": "44 Parliament St  ", "PostedDate": "2026-05-14T12:39:52", "AssetName": "Parliament Square Park Drinking Fountain", "Reason": "None", "Comments": "None", "Status": "1" }, "geometry": { "type": "MultiPoint", "coordinates": [ [ -79.36305642, 43.64951473 ] ] } },
{ "type": "Feature", "properties": { "_id": 412, "ASSET_ID": 78114, "LOCATION": "Sackville Playground", "ALTERNATIVE_NAME": "Sackville Playground Drinking Water Station", "TYPE": "Bottle Filling Station, Drinking Fountain", "ACCESSIBLE_FEATURES": "None", "HOURS": "None", "LOCATION_DETAILS": "Located southeast of the playground along the pathway.", "URL": "https://www.toronto.ca/explore-enjoy/parks-recreation/places-spaces/parks-and-recreation-facilities/location/?id=148", "ADDRESS": "420 King St  E ", "PostedDate": "2026-05-14T12:39:29", "AssetName": "Sackville Playground Drinking Water Station", "Reason": "None", "Comments": "None", "Status": "1" }, "geometry": { "type": "MultiPoint", "coordinates": [ [ -79.36046581, 43.65454198 ] ] } },
{ "type": "Feature", "properties": { "_id": 413, "ASSET_ID": 102112, "LOCATION": "St. Alban's Square", "ALTERNATIVE_NAME": "St. Alban's Square Drinking Water Station", "TYPE": "Bottle Filling Station, Drinking Fountain, Dog Fountain", "ACCESSIBLE_FEATURES": "None", "HOURS": "None", "LOCATION_DETAILS": "Located north of the pathway on the east side of the park.", "URL": "https://www.toronto.ca/explore-enjoy/parks-recreation/places-spaces/parks-and-recreation-facilities/location/?id=1102", "ADDRESS": "90 Howland Ave  ", "PostedDate": "2026-05-14T12:39:05", "AssetName": "St. Alban's Square Drinking Water Station", "Reason": "None", "Comments": "None", "Status": "1" }, "geometry": { "type": "MultiPoint", "coordinates": [ [ -79.41006685, 43.66873081 ] ] } },
{ "type": "Feature", "properties": { "_id": 414, "ASSET_ID": 102123, "LOCATION": "Stadium Road Park", "ALTERNATIVE_NAME": "Stadium Road Park South Drinking Water Station", "TYPE": "Bottle Filling Station, Drinking Fountain", "ACCESSIBLE_FEATURES": "None", "HOURS": "None", "LOCATION_DETAILS": "Located on the south end of the park, northeast of the outdoor fitness equipment along the pathway.", "URL": "https://www.toronto.ca/explore-enjoy/parks-recreation/places-spaces/parks-and-recreation-facilities/location/?id=2619", "ADDRESS": "10 Stadium Rd  ", "PostedDate": "2026-05-14T12:38:44", "AssetName": "Stadium Road Park South Drinking Water Station", "Reason": "None", "Comments": "None", "Status": "1" }, "geometry": { "type": "MultiPoint", "coordinates": [ [ -79.3995153, 43.6331837 ] ] } },
{ "type": "Feature", "properties": { "_id": 415, "ASSET_ID": 2569, "LOCATION": "Susan Tibaldi Parkette", "ALTERNATIVE_NAME": "Susan Tibaldi Parkette Playground Drinking Water Station", "TYPE": "Drinking Fountain, Dog Fountain", "ACCESSIBLE_FEATURES": "None", "HOURS": "None", "LOCATION_DETAILS": "Located west of the playground along the pathway.", "URL": "https://www.toronto.ca/explore-enjoy/parks-recreation/places-spaces/parks-and-recreation-facilities/location/?id=35", "ADDRESS": "620 Brock Ave  ", "PostedDate": "2026-05-14T12:38:19", "AssetName": "Susan Tibaldi Parkette Playground Drinking Water Station", "Reason": "None", "Comments": "None", "Status": "1" }, "geometry": { "type": "MultiPoint", "coordinates": [ [ -79.43976404, 43.65952773 ] ] } },
{ "type": "Feature", "properties": { "_id": 416, "ASSET_ID": 78116, "LOCATION": "Woodbine Park", "ALTERNATIVE_NAME": "Woodbine Park Splash Pad Bottle Filling Station ", "TYPE": "Bottle Filling Station", "ACCESSIBLE_FEATURES": "None", "HOURS": "None", "LOCATION_DETAILS": "Located northwest of the splash pad on the east side of the pathway.", "URL": "https://www.toronto.ca/explore-enjoy/parks-recreation/places-spaces/parks-and-recreation-facilities/location/?id=431", "ADDRESS": "1695 Queen St  E ", "PostedDate": "2026-05-14T12:37:51", "AssetName": "Woodbine Park Splash Pad Bottle Filling Station ", "Reason": "None", "Comments": "None", "Status": "1" }, "geometry": { "type": "MultiPoint", "coordinates": [ [ -79.3106809, 43.664578 ] ] } },
{ "type": "Feature", "properties": { "_id": 417, "ASSET_ID": 78117, "LOCATION": "Woodbine Park", "ALTERNATIVE_NAME": "Woodbine Park Fieldhouse Drinking Water Station", "TYPE": "Drinking Fountain, Dog Fountain", "ACCESSIBLE_FEATURES": "None", "HOURS": "None", "LOCATION_DETAILS": "Located outside the fieldhouse on the east side of the building.", "URL": "https://www.toronto.ca/explore-enjoy/parks-recreation/places-spaces/parks-and-recreation-facilities/location/?id=431", "ADDRESS": "1695 Queen St  E ", "PostedDate": "2026-05-14T12:37:44", "AssetName": "Woodbine Park Fieldhouse Drinking Water Station", "Reason": "None", "Comments": "None", "Status": "1" }, "geometry": { "type": "MultiPoint", "coordinates": [ [ -79.31204613, 43.66483708 ] ] } },
{ "type": "Feature", "properties": { "_id": 418, "ASSET_ID": 102049, "LOCATION": "Woodbine Park", "ALTERNATIVE_NAME": "Woodbine Park Fieldhouse Bottle Filling Station", "TYPE": "Bottle Filling Station", "ACCESSIBLE_FEATURES": "None", "HOURS": "None", "LOCATION_DETAILS": "Located on the outside the fieldhouse on the east side of the building.", "URL": "https://www.toronto.ca/explore-enjoy/parks-recreation/places-spaces/parks-and-recreation-facilities/location/?id=431", "ADDRESS": "1695 Queen St  E ", "PostedDate": "2026-05-14T12:37:38", "AssetName": "Woodbine Park Fieldhouse Bottle Filling Station", "Reason": "None", "Comments": "None", "Status": "1" }, "geometry": { "type": "MultiPoint", "coordinates": [ [ -79.31210075, 43.66484813 ] ] } },
{ "type": "Feature", "properties": { "_id": 419, "ASSET_ID": 2156, "LOCATION": "Woodbine Beach Park", "ALTERNATIVE_NAME": "Woodbine Beach Park Boardwalk Drinking Fountain", "TYPE": "Drinking Fountain", "ACCESSIBLE_FEATURES": "None", "HOURS": "None", "LOCATION_DETAILS": "Located north of the boardwalk east of the parking lot.", "URL": "https://www.toronto.ca/explore-enjoy/parks-recreation/places-spaces/parks-and-recreation-facilities/location/?id=311", "ADDRESS": "1675 Lake Shore Blvd  E ", "PostedDate": "2026-05-14T12:37:30", "AssetName": "Woodbine Beach Park Boardwalk Drinking Fountain", "Reason": "None", "Comments": "None", "Status": "1" }, "geometry": { "type": "MultiPoint", "coordinates": [ [ -79.30762688, 43.66320305 ] ] } },
{ "type": "Feature", "properties": { "_id": 420, "ASSET_ID": 2154, "LOCATION": "Woodbine Beach Park", "ALTERNATIVE_NAME": "Woodbine Beach Park Bathing Station Bottle Filling Station", "TYPE": "Bottle Filling Station", "ACCESSIBLE_FEATURES": "None", "HOURS": "None", "LOCATION_DETAILS": "Located infront of the bathing station. ", "URL": "https://www.toronto.ca/explore-enjoy/parks-recreation/places-spaces/parks-and-recreation-facilities/location/?id=311", "ADDRESS": "1675 Lake Shore Blvd  E ", "PostedDate": "2026-05-14T12:37:21", "AssetName": "Woodbine Beach Park Bathing Station Bottle Filling Station", "Reason": "None", "Comments": "None", "Status": "1" }, "geometry": { "type": "MultiPoint", "coordinates": [ [ -79.30798369, 43.66279369 ] ] } },
{ "type": "Feature", "properties": { "_id": 421, "ASSET_ID": 102009, "LOCATION": "Woodbine Beach Park", "ALTERNATIVE_NAME": "Woodbine Beach Boardwalk Park Bottle Filling Station", "TYPE": "Bottle Filling Station", "ACCESSIBLE_FEATURES": "None", "HOURS": "None", "LOCATION_DETAILS": "Located outside the bathing station along the boardwalk.", "URL": "https://www.toronto.ca/explore-enjoy/parks-recreation/places-spaces/parks-and-recreation-facilities/location/?id=311", "ADDRESS": "1675 Lake Shore Blvd  E ", "PostedDate": "2026-05-14T12:37:09", "AssetName": "Woodbine Beach Boardwalk Park Bottle Filling Station", "Reason": "None", "Comments": "None", "Status": "1" }, "geometry": { "type": "MultiPoint", "coordinates": [ [ -79.30786925, 43.66296223 ] ] } },
{ "type": "Feature", "properties": { "_id": 422, "ASSET_ID": 2183, "LOCATION": "West Lodge Park", "ALTERNATIVE_NAME": "West Lodge Park Wading Pool Drinking Fountain", "TYPE": "Drinking Fountain", "ACCESSIBLE_FEATURES": "None", "HOURS": "None", "LOCATION_DETAILS": "Located west of the wading pool.", "URL": "https://www.toronto.ca/explore-enjoy/parks-recreation/places-spaces/parks-and-recreation-facilities/location/?id=279", "ADDRESS": "165 Lansdowne Ave  ", "PostedDate": "2026-05-14T12:36:41", "AssetName": "West Lodge Park Wading Pool Drinking Fountain", "Reason": "None", "Comments": "None", "Status": "1" }, "geometry": { "type": "MultiPoint", "coordinates": [ [ -79.43829762, 43.64573099 ] ] } },
{ "type": "Feature", "properties": { "_id": 423, "ASSET_ID": 2280, "LOCATION": "Wellesley Park", "ALTERNATIVE_NAME": "Wellesley Park Splash Pad Drinking Fountain", "TYPE": "Drinking Fountain", "ACCESSIBLE_FEATURES": "None", "HOURS": "None", "LOCATION_DETAILS": "Located west of the splash pad.", "URL": "https://www.toronto.ca/explore-enjoy/parks-recreation/places-spaces/parks-and-recreation-facilities/location/?id=270", "ADDRESS": "500 Wellesley St  E ", "PostedDate": "2026-05-14T12:36:22", "AssetName": "Wellesley Park Splash Pad Drinking Fountain", "Reason": "None", "Comments": "None", "Status": "1" }, "geometry": { "type": "MultiPoint", "coordinates": [ [ -79.36284029, 43.66957526 ] ] } },
{ "type": "Feature", "properties": { "_id": 424, "ASSET_ID": 2407, "LOCATION": "Village Of Yorkville Park", "ALTERNATIVE_NAME": "Village of Yorkville Park Rock Drinking Fountain", "TYPE": "Drinking Fountain", "ACCESSIBLE_FEATURES": "None", "HOURS": "None", "LOCATION_DETAILS": "Located west of The Yorkville Rock, behind Bay TTC Station building.  ", "URL": "https://www.toronto.ca/explore-enjoy/parks-recreation/places-spaces/parks-and-recreation-facilities/location/?id=319", "ADDRESS": "115 Cumberland St  ", "PostedDate": "2026-05-14T12:36:03", "AssetName": "Village of Yorkville Park Rock Drinking Fountain", "Reason": "None", "Comments": "None", "Status": "1" }, "geometry": { "type": "MultiPoint", "coordinates": [ [ -79.39234996, 43.66977132 ] ] } },
{ "type": "Feature", "properties": { "_id": 425, "ASSET_ID": 2408, "LOCATION": "Village Of Yorkville Park", "ALTERNATIVE_NAME": "Village of Yorkville Park Drinking Water Station", "TYPE": "Drinking Fountain, Dog Fountain", "ACCESSIBLE_FEATURES": "None", "HOURS": "None", "LOCATION_DETAILS": "Located at the end of the row of trees to the east of the pergola pathway, close to Critchley Lane.", "URL": "https://www.toronto.ca/explore-enjoy/parks-recreation/places-spaces/parks-and-recreation-facilities/location/?id=319", "ADDRESS": "115 Cumberland St  ", "PostedDate": "2026-05-14T12:35:56", "AssetName": "Village of Yorkville Park Drinking Water Station", "Reason": "None", "Comments": "None", "Status": "1" }, "geometry": { "type": "MultiPoint", "coordinates": [ [ -79.39170995, 43.66990025 ] ] } },
{ "type": "Feature", "properties": { "_id": 426, "ASSET_ID": 102113, "LOCATION": "Vermont Square Park", "ALTERNATIVE_NAME": "Vermont Square Park Wading Pool Drinking Water Station", "TYPE": "Bottle Filling Station, Drinking Fountain", "ACCESSIBLE_FEATURES": "None", "HOURS": "None", "LOCATION_DETAILS": "Located west of the wading pool.", "URL": "https://www.toronto.ca/explore-enjoy/parks-recreation/places-spaces/parks-and-recreation-facilities/location/?id=250", "ADDRESS": "819 Palmerston Ave  ", "PostedDate": "2026-05-14T12:33:41", "AssetName": "Vermont Square Park Wading Pool Drinking Water Station", "Reason": "None", "Comments": "None", "Status": "1" }, "geometry": { "type": "MultiPoint", "coordinates": [ [ -79.41589538, 43.67086537 ] ] } },
{ "type": "Feature", "properties": { "_id": 427, "ASSET_ID": 102253, "LOCATION": "Vermont Square Park", "ALTERNATIVE_NAME": "Vermont Square Park Playground Drinking Water Station", "TYPE": "Drinking Fountain, Dog Fountain", "ACCESSIBLE_FEATURES": "None", "HOURS": "None", "LOCATION_DETAILS": "Located east of the playground along the pathway.", "URL": "https://www.toronto.ca/explore-enjoy/parks-recreation/places-spaces/parks-and-recreation-facilities/location/?id=250", "ADDRESS": "819 Palmerston Ave  ", "PostedDate": "2026-05-14T12:33:32", "AssetName": "Vermont Square Park Playground Drinking Water Station", "Reason": "None", "Comments": "None", "Status": "1" }, "geometry": { "type": "MultiPoint", "coordinates": [ [ -79.41529459, 43.67064299 ] ] } },
{ "type": "Feature", "properties": { "_id": 428, "ASSET_ID": 102151, "LOCATION": "Tommy Thompson Park", "ALTERNATIVE_NAME": "Tommy Thompson Park Bottle Filling Station", "TYPE": "Bottle Filling Station", "ACCESSIBLE_FEATURES": "None", "HOURS": "None", "LOCATION_DETAILS": "Located south of the washroom building along the pathway.", "URL": "https://www.toronto.ca/explore-enjoy/parks-recreation/places-spaces/parks-and-recreation-facilities/location/?id=2441", "ADDRESS": "1 Leslie St  ", "PostedDate": "2026-05-14T12:28:58", "AssetName": "Tommy Thompson Park Bottle Filling Station", "Reason": "None", "Comments": "None", "Status": "1" }, "geometry": { "type": "MultiPoint", "coordinates": [ [ -79.32234026, 43.65159423 ] ] } },
{ "type": "Feature", "properties": { "_id": 429, "ASSET_ID": 2559, "LOCATION": "Tichester Park", "ALTERNATIVE_NAME": "Tichester Park Playground Drinking Water Station", "TYPE": "Drinking Fountain, Dog Fountain", "ACCESSIBLE_FEATURES": "None", "HOURS": "None", "LOCATION_DETAILS": "Located northeast of the playground.", "URL": "https://www.toronto.ca/explore-enjoy/parks-recreation/places-spaces/parks-and-recreation-facilities/location/?id=2001", "ADDRESS": "27 Tichester Rd  ", "PostedDate": "2026-05-14T12:28:43", "AssetName": "Tichester Park Playground Drinking Water Station", "Reason": "None", "Comments": "None", "Status": "1" }, "geometry": { "type": "MultiPoint", "coordinates": [ [ -79.41794148, 43.6855173 ] ] } },
{ "type": "Feature", "properties": { "_id": 430, "ASSET_ID": 2566, "LOCATION": "Taddle Creek Park", "ALTERNATIVE_NAME": "Taddle Creek Park Drinking Fountain", "TYPE": "Drinking Fountain", "ACCESSIBLE_FEATURES": "None", "HOURS": "None", "LOCATION_DETAILS": "Located at the southeast corner of the park on the south side of the pathway to Bedford Road.", "URL": "https://www.toronto.ca/explore-enjoy/parks-recreation/places-spaces/parks-and-recreation-facilities/location/?id=227", "ADDRESS": "40 Bedford Rd  ", "PostedDate": "2026-05-14T12:28:11", "AssetName": "Taddle Creek Park Drinking Fountain", "Reason": "None", "Comments": "None", "Status": "1" }, "geometry": { "type": "MultiPoint", "coordinates": [ [ -79.39825888, 43.66977399 ] ] } },
{ "type": "Feature", "properties": { "_id": 431, "ASSET_ID": 2671, "LOCATION": "Ricardo Parkette", "ALTERNATIVE_NAME": "Ricardo Parkette Playground Drinking Fountain", "TYPE": "Drinking Fountain", "ACCESSIBLE_FEATURES": "None", "HOURS": "None", "LOCATION_DETAILS": "Located northwest of the playground along the pathway.", "URL": "https://www.toronto.ca/explore-enjoy/parks-recreation/places-spaces/parks-and-recreation-facilities/location/?id=1979", "ADDRESS": "180 Maple Leaf Dr  ", "PostedDate": "2026-05-14T10:46:35", "AssetName": "Ricardo Parkette Playground Drinking Fountain", "Reason": "None", "Comments": "None", "Status": "1" }, "geometry": { "type": "MultiPoint", "coordinates": [ [ -79.49744631, 43.71178437 ] ] } },
{ "type": "Feature", "properties": { "_id": 432, "ASSET_ID": 2624, "LOCATION": "Silvio Colella Park", "ALTERNATIVE_NAME": "Silvio Colella Park Drinking Fountain", "TYPE": "Drinking Fountain", "ACCESSIBLE_FEATURES": "None", "HOURS": "None", "LOCATION_DETAILS": "Located on the south side of the pathway off of Laura Road.", "URL": "https://www.toronto.ca/explore-enjoy/parks-recreation/places-spaces/parks-and-recreation-facilities/location/?id=758", "ADDRESS": "20 Laura Rd  ", "PostedDate": "2026-05-14T10:46:06", "AssetName": "Silvio Colella Park Drinking Fountain", "Reason": "None", "Comments": "None", "Status": "1" }, "geometry": { "type": "MultiPoint", "coordinates": [ [ -79.5207045, 43.73883334 ] ] } },
{ "type": "Feature", "properties": { "_id": 433, "ASSET_ID": 2681, "LOCATION": "RAINBOW PARK", "ALTERNATIVE_NAME": "Rainbow Park Playground Drinking Fountain", "TYPE": "Drinking Fountain", "ACCESSIBLE_FEATURES": "None", "HOURS": "None", "LOCATION_DETAILS": "Located next to the playground.", "URL": "https://www.toronto.ca/explore-enjoy/parks-recreation/places-spaces/parks-and-recreation-facilities/location/?id=150", "ADDRESS": "47 Denison Ave  ", "PostedDate": "2026-05-14T10:45:48", "AssetName": "Rainbow Park Playground Drinking Fountain", "Reason": "None", "Comments": "None", "Status": "1" }, "geometry": { "type": "MultiPoint", "coordinates": [ [ -79.48360928, 43.72041069 ] ] } },
{ "type": "Feature", "properties": { "_id": 434, "ASSET_ID": 2175, "LOCATION": "Lindylou Park", "ALTERNATIVE_NAME": "Lindylou Park Drinking Fountain", "TYPE": "Drinking Fountain", "ACCESSIBLE_FEATURES": "None", "HOURS": "None", "LOCATION_DETAILS": "Located across the pathway from the shade structure.", "URL": "https://www.toronto.ca/explore-enjoy/parks-recreation/places-spaces/parks-and-recreation-facilities/location/?id=683", "ADDRESS": "14 Lanyard Rd  ", "PostedDate": "2026-05-14T10:44:19", "AssetName": "Lindylou Park Drinking Fountain", "Reason": "None", "Comments": "None", "Status": "1" }, "geometry": { "type": "MultiPoint", "coordinates": [ [ -79.54503983, 43.74955124 ] ] } },
{ "type": "Feature", "properties": { "_id": 435, "ASSET_ID": 102191, "LOCATION": "Beaumonde Heights Park", "ALTERNATIVE_NAME": "Beaumonde Heights Park Drinking Fountain", "TYPE": "Drinking Fountain", "ACCESSIBLE_FEATURES": "None", "HOURS": "None", "LOCATION_DETAILS": "Located on the grassy area next to the sidewalk south of the baseball diamond.", "URL": "https://www.toronto.ca/explore-enjoy/parks-recreation/places-spaces/parks-and-recreation-facilities/location/?id=826", "ADDRESS": "17 Waltham Dr  ", "PostedDate": "2026-05-14T10:43:37", "AssetName": "Beaumonde Heights Park Drinking Fountain", "Reason": "None", "Comments": "None", "Status": "1" }, "geometry": { "type": "MultiPoint", "coordinates": [ [ -79.57332234, 43.74010064 ] ] } },
{ "type": "Feature", "properties": { "_id": 436, "ASSET_ID": 102235, "LOCATION": "Summerlea Park", "ALTERNATIVE_NAME": "Summerlea Park Drinking Fountain", "TYPE": "Drinking Fountain", "ACCESSIBLE_FEATURES": "None", "HOURS": "None", "LOCATION_DETAILS": "Located north of the tennis courts along the pathway.", "URL": "https://www.toronto.ca/explore-enjoy/parks-recreation/places-spaces/parks-and-recreation-facilities/location/?id=870", "ADDRESS": "2 Arcot Blvd  ", "PostedDate": "2026-05-14T10:42:40", "AssetName": "Summerlea Park Drinking Fountain", "Reason": "None", "Comments": "None", "Status": "1" }, "geometry": { "type": "MultiPoint", "coordinates": [ [ -79.55274753, 43.72831145 ] ] } },
{ "type": "Feature", "properties": { "_id": 437, "ASSET_ID": 2197, "LOCATION": "Kingsview Park", "ALTERNATIVE_NAME": "Kingsview Park Drinking Fountain", "TYPE": "Drinking Fountain", "ACCESSIBLE_FEATURES": "None", "HOURS": "None", "LOCATION_DETAILS": "Located along the pathway, east of the tennis courts.", "URL": "https://www.toronto.ca/explore-enjoy/parks-recreation/places-spaces/parks-and-recreation-facilities/location/?id=959", "ADDRESS": "46 Kingsview Blvd  ", "PostedDate": "2026-05-14T10:34:41", "AssetName": "Kingsview Park Drinking Fountain", "Reason": "None", "Comments": "None", "Status": "1" }, "geometry": { "type": "MultiPoint", "coordinates": [ [ -79.55453817, 43.69910147 ] ] } },
{ "type": "Feature", "properties": { "_id": 438, "ASSET_ID": 102189, "LOCATION": "Martingrove Gardens Park", "ALTERNATIVE_NAME": "Martingrove Gardens Park Splash Pad Drinking Fountain", "TYPE": "Drinking Fountain", "ACCESSIBLE_FEATURES": "None", "HOURS": "None", "LOCATION_DETAILS": "Located west of the splash pad along the pathway.", "URL": "https://www.toronto.ca/explore-enjoy/parks-recreation/places-spaces/parks-and-recreation-facilities/location/?id=849", "ADDRESS": "31 Lavington Dr  ", "PostedDate": "2026-05-14T10:31:42", "AssetName": "Martingrove Gardens Park Splash Pad Drinking Fountain", "Reason": "None", "Comments": "None", "Status": "1" }, "geometry": { "type": "MultiPoint", "coordinates": [ [ -79.56339896, 43.68974703 ] ] } },
{ "type": "Feature", "properties": { "_id": 439, "ASSET_ID": 102210, "LOCATION": "La Rose Park", "ALTERNATIVE_NAME": "La Rose Park Playground Drinking Fountain", "TYPE": "Drinking Fountain", "ACCESSIBLE_FEATURES": "None", "HOURS": "None", "LOCATION_DETAILS": "Located north of the playground along the pathway.", "URL": "https://www.toronto.ca/explore-enjoy/parks-recreation/places-spaces/parks-and-recreation-facilities/location/?id=848", "ADDRESS": "65 La Rose Ave  ", "PostedDate": "2026-05-14T10:27:19", "AssetName": "La Rose Park Playground Drinking Fountain", "Reason": "None", "Comments": "None", "Status": "1" }, "geometry": { "type": "MultiPoint", "coordinates": [ [ -79.518608, 43.68591438 ] ] } },
{ "type": "Feature", "properties": { "_id": 440, "ASSET_ID": 2620, "LOCATION": "Sir Casimir Gzowski Park", "ALTERNATIVE_NAME": "Sir Casimir Gzowski Park Drinking Fountain", "TYPE": "Drinking Fountain", "ACCESSIBLE_FEATURES": "None", "HOURS": "None", "LOCATION_DETAILS": "Located along the pathway leading from the southeast end of the east parking lot.", "URL": "https://www.toronto.ca/explore-enjoy/parks-recreation/places-spaces/parks-and-recreation-facilities/location/?id=71", "ADDRESS": "2001 Lake Shore Blvd  W ", "PostedDate": "2026-05-14T09:51:05", "AssetName": "Sir Casimir Gzowski Park Drinking Fountain", "Reason": "None", "Comments": "None", "Status": "1" }, "geometry": { "type": "MultiPoint", "coordinates": [ [ -79.46104651, 43.63673868 ] ] } },
{ "type": "Feature", "properties": { "_id": 441, "ASSET_ID": 2292, "LOCATION": "Gracedale Park", "ALTERNATIVE_NAME": "Gracedale Park Drinking Fountain", "TYPE": "Drinking Fountain", "ACCESSIBLE_FEATURES": "None", "HOURS": "None", "LOCATION_DETAILS": "Loacted on the grassy area south of the playground.", "URL": "https://www.toronto.ca/explore-enjoy/parks-recreation/places-spaces/parks-and-recreation-facilities/location/?id=645", "ADDRESS": "176 Gracedale Blvd  ", "PostedDate": "2026-05-14T09:41:22", "AssetName": "Gracedale Park Drinking Fountain", "Reason": "None", "Comments": "None", "Status": "1" }, "geometry": { "type": "MultiPoint", "coordinates": [ [ -79.56134855, 43.75250275 ] ] } },
{ "type": "Feature", "properties": { "_id": 442, "ASSET_ID": 74882, "LOCATION": "North Humber Park", "ALTERNATIVE_NAME": "North Humber Park Drinking Fountain", "TYPE": "Drinking Fountain", "ACCESSIBLE_FEATURES": "None", "HOURS": "None", "LOCATION_DETAILS": "Located to the west of the shade structure.", "URL": "https://www.toronto.ca/explore-enjoy/parks-recreation/places-spaces/parks-and-recreation-facilities/location/?id=998", "ADDRESS": "2851 Kipling Ave  ", "PostedDate": "2026-05-14T09:40:44", "AssetName": "North Humber Park Drinking Fountain", "Reason": "None", "Comments": "None", "Status": "1" }, "geometry": { "type": "MultiPoint", "coordinates": [ [ -79.58822092, 43.75775265 ] ] } },
{ "type": "Feature", "properties": { "_id": 443, "ASSET_ID": 78354, "LOCATION": "Grange Park", "ALTERNATIVE_NAME": "Grange Park Playground Bottle Filling Station", "TYPE": "Bottle Filling Station", "ACCESSIBLE_FEATURES": "None", "HOURS": "None", "LOCATION_DETAILS": "Located on the pathway on the west side of the playground.", "URL": "https://www.toronto.ca/explore-enjoy/parks-recreation/places-spaces/parks-and-recreation-facilities/location/?id=1431", "ADDRESS": "26 Grange Rd  W ", "PostedDate": "2026-05-13T12:49:57", "AssetName": "Grange Park Playground Bottle Filling Station", "Reason": "None", "Comments": "None", "Status": "1" }, "geometry": { "type": "MultiPoint", "coordinates": [ [ -79.39175715, 43.65255254 ] ] } },
{ "type": "Feature", "properties": { "_id": 444, "ASSET_ID": 78355, "LOCATION": "Grange Park", "ALTERNATIVE_NAME": "Grange Park Bottle Filling Station", "TYPE": "Bottle Filling Station", "ACCESSIBLE_FEATURES": "None", "HOURS": "None", "LOCATION_DETAILS": "Located on the east side of main pathway from Stephanie Street, across from the dog off-leash area.", "URL": "https://www.toronto.ca/explore-enjoy/parks-recreation/places-spaces/parks-and-recreation-facilities/location/?id=1431", "ADDRESS": "26 Grange Rd  W ", "PostedDate": "2026-05-13T12:49:38", "AssetName": "Grange Park Bottle Filling Station", "Reason": "None", "Comments": "None", "Status": "1" }, "geometry": { "type": "MultiPoint", "coordinates": [ [ -79.39194228, 43.65213423 ] ] } },
{ "type": "Feature", "properties": { "_id": 445, "ASSET_ID": 2300, "LOCATION": "Glen Cedar Park", "ALTERNATIVE_NAME": "Glen Cedar Park Drinking Fountain", "TYPE": "Drinking Fountain", "ACCESSIBLE_FEATURES": "None", "HOURS": "None", "LOCATION_DETAILS": "Located on the pathway east of the playground.", "URL": "https://www.toronto.ca/explore-enjoy/parks-recreation/places-spaces/parks-and-recreation-facilities/location/?id=1069", "ADDRESS": "50 Glen Cedar Rd  ", "PostedDate": "2026-05-13T12:49:19", "AssetName": "Glen Cedar Park Drinking Fountain", "Reason": "None", "Comments": "None", "Status": "1" }, "geometry": { "type": "MultiPoint", "coordinates": [ [ -79.42902192, 43.69551129 ] ] } },
{ "type": "Feature", "properties": { "_id": 446, "ASSET_ID": 102083, "LOCATION": "DIEPPE PARK", "ALTERNATIVE_NAME": "Dieppe Park Splash Pad Bottle Filling Station", "TYPE": "Bottle Filling Station", "ACCESSIBLE_FEATURES": "None", "HOURS": "None", "LOCATION_DETAILS": "Located on the outside of the washroom building next to the splash pad.", "URL": "https://www.toronto.ca/explore-enjoy/parks-recreation/places-spaces/parks-and-recreation-facilities/location/?id=327", "ADDRESS": "495 Huron St  ", "PostedDate": "2026-05-13T12:48:47", "AssetName": "Dieppe Park Splash Pad Bottle Filling Station", "Reason": "None", "Comments": "None", "Status": "1" }, "geometry": { "type": "MultiPoint", "coordinates": [ [ -79.33470742, 43.6918138 ] ] } },
{ "type": "Feature", "properties": { "_id": 447, "ASSET_ID": 102162, "LOCATION": "Dieppe Park", "ALTERNATIVE_NAME": "Dieppe Park Drinking Water Station", "TYPE": "Drinking Fountain, Dog Fountain", "ACCESSIBLE_FEATURES": "None", "HOURS": "None", "LOCATION_DETAILS": "Located on the grassy area between Cosburn Ave and the car parking lot.", "URL": "https://www.toronto.ca/explore-enjoy/parks-recreation/places-spaces/parks-and-recreation-facilities/location/?id=327", "ADDRESS": "455 Cosburn Ave  ", "PostedDate": "2026-05-13T12:48:39", "AssetName": "Dieppe Park Drinking Water Station", "Reason": "None", "Comments": "None", "Status": "1" }, "geometry": { "type": "MultiPoint", "coordinates": [ [ -79.33545785, 43.6923707 ] ] } },
{ "type": "Feature", "properties": { "_id": 448, "ASSET_ID": 2312, "LOCATION": "Fred Hamilton Playground", "ALTERNATIVE_NAME": "Fred Hamilton Playground Wading Pool Drinking Fountain", "TYPE": "Drinking Fountain", "ACCESSIBLE_FEATURES": "None", "HOURS": "None", "LOCATION_DETAILS": "Located on the west side of the wading pool. ", "URL": "https://www.toronto.ca/explore-enjoy/parks-recreation/places-spaces/parks-and-recreation-facilities/location/?id=72", "ADDRESS": "155 Roxton Rd  ", "PostedDate": "2026-05-13T12:47:13", "AssetName": "Fred Hamilton Playground Wading Pool Drinking Fountain", "Reason": "None", "Comments": "None", "Status": "1" }, "geometry": { "type": "MultiPoint", "coordinates": [ [ -79.4202495, 43.65206615 ] ] } },
{ "type": "Feature", "properties": { "_id": 449, "ASSET_ID": 2313, "LOCATION": "Fred Hamilton Playground", "ALTERNATIVE_NAME": "Fred Hamilton Playground Bicycle Rack Drinking Fountain", "TYPE": "Drinking Fountain", "ACCESSIBLE_FEATURES": "None", "HOURS": "None", "LOCATION_DETAILS": "Located beside the bicycle racks near the north end of the park beside Shaw Street.", "URL": "https://www.toronto.ca/explore-enjoy/parks-recreation/places-spaces/parks-and-recreation-facilities/location/?id=72", "ADDRESS": "155 Roxton Rd  ", "PostedDate": "2026-05-13T12:47:05", "AssetName": "Fred Hamilton Playground Bicycle Rack Drinking Fountain", "Reason": "None", "Comments": "None", "Status": "1" }, "geometry": { "type": "MultiPoint", "coordinates": [ [ -79.41992537, 43.65367102 ] ] } },
{ "type": "Feature", "properties": { "_id": 450, "ASSET_ID": 2306, "LOCATION": "George Hislop Park", "ALTERNATIVE_NAME": "George Hislop Park Drinking Fountain", "TYPE": "Drinking Fountain", "ACCESSIBLE_FEATURES": "None", "HOURS": "None", "LOCATION_DETAILS": "Located at the north end of the park, beside Charles Street East.", "URL": "https://www.toronto.ca/explore-enjoy/parks-recreation/places-spaces/parks-and-recreation-facilities/location/?id=440", "ADDRESS": "20 Isabella St  ", "PostedDate": "2026-05-13T12:46:42", "AssetName": "George Hislop Park Drinking Fountain", "Reason": "None", "Comments": "None", "Status": "1" }, "geometry": { "type": "MultiPoint", "coordinates": [ [ -79.38521329, 43.66871471 ] ] } },
{ "type": "Feature", "properties": { "_id": 451, "ASSET_ID": 2705, "LOCATION": "Pearen Park", "ALTERNATIVE_NAME": "Pearen Park Playground Drinking Fountain", "TYPE": "Drinking Fountain", "ACCESSIBLE_FEATURES": "None", "HOURS": "None", "LOCATION_DETAILS": "Located north of the playground.", "URL": "https://www.toronto.ca/explore-enjoy/parks-recreation/places-spaces/parks-and-recreation-facilities/location/?id=2523", "ADDRESS": "30 Pearen St  ", "PostedDate": "2026-05-12T08:56:03", "AssetName": "Pearen Park Playground Drinking Fountain", "Reason": "None", "Comments": "None", "Status": "1" }, "geometry": { "type": "MultiPoint", "coordinates": [ [ -79.49241783, 43.68691567 ] ] } },
{ "type": "Feature", "properties": { "_id": 452, "ASSET_ID": 2185, "LOCATION": "Lora Hill Park", "ALTERNATIVE_NAME": "Lora Hill Park Drinking Fountain", "TYPE": "Drinking Fountain", "ACCESSIBLE_FEATURES": "None", "HOURS": "None", "LOCATION_DETAILS": "Located next to the tennis courts.", "URL": "https://www.toronto.ca/explore-enjoy/parks-recreation/places-spaces/parks-and-recreation-facilities/location/?id=922", "ADDRESS": "36 Fernalroy Blvd  ", "PostedDate": "2026-05-12T08:55:13", "AssetName": "Lora Hill Park Drinking Fountain", "Reason": "None", "Comments": "None", "Status": "1" }, "geometry": { "type": "MultiPoint", "coordinates": [ [ -79.51425214, 43.6383129 ] ] } },
{ "type": "Feature", "properties": { "_id": 453, "ASSET_ID": 2740, "LOCATION": "Westway Park", "ALTERNATIVE_NAME": "Westway Park Baseball Diamond Drinking Fountain", "TYPE": "Drinking Fountain", "ACCESSIBLE_FEATURES": "None", "HOURS": "None", "LOCATION_DETAILS": "Located west of the baseball diamond.", "URL": "https://www.toronto.ca/explore-enjoy/parks-recreation/places-spaces/parks-and-recreation-facilities/location/?id=874", "ADDRESS": "175 The Westway ", "PostedDate": "2026-05-12T08:54:33", "AssetName": "Westway Park Baseball Diamond Drinking Fountain", "Reason": "None", "Comments": "None", "Status": "1" }, "geometry": { "type": "MultiPoint", "coordinates": [ [ -79.54206153, 43.68740046 ] ] } },
{ "type": "Feature", "properties": { "_id": 454, "ASSET_ID": 102103, "LOCATION": "Rustic Park", "ALTERNATIVE_NAME": "Rustic Park Playground Bottle Filling Station", "TYPE": "Bottle Filling Station", "ACCESSIBLE_FEATURES": "None", "HOURS": "None", "LOCATION_DETAILS": "Located south of the playground along the pathway.", "URL": "https://www.toronto.ca/explore-enjoy/parks-recreation/places-spaces/parks-and-recreation-facilities/location/?id=2556", "ADDRESS": "35 Raven Rd  ", "PostedDate": "2026-05-12T08:48:45", "AssetName": "Rustic Park Playground Bottle Filling Station", "Reason": "None", "Comments": "None", "Status": "1" }, "geometry": { "type": "MultiPoint", "coordinates": [ [ -79.50441326, 43.7131719 ] ] } },
{ "type": "Feature", "properties": { "_id": 455, "ASSET_ID": 102193, "LOCATION": "CY Townsend Park", "ALTERNATIVE_NAME": "CY Townsend Park Drinking Fountain", "TYPE": "Drinking Fountain", "ACCESSIBLE_FEATURES": "None", "HOURS": "None", "LOCATION_DETAILS": "Located next to the paved seating area south of the playground.", "URL": "https://www.toronto.ca/explore-enjoy/parks-recreation/places-spaces/parks-and-recreation-facilities/location/?id=2690", "ADDRESS": "455 Winona Dr  ", "PostedDate": "2026-05-11T10:29:53", "AssetName": "CY Townsend Park Drinking Fountain", "Reason": "None", "Comments": "None", "Status": "1" }, "geometry": { "type": "MultiPoint", "coordinates": [ [ -79.43513225, 43.68937327 ] ] } },
{ "type": "Feature", "properties": { "_id": 456, "ASSET_ID": 2377, "LOCATION": "Coxwell Common", "ALTERNATIVE_NAME": "Coxwell Common Drinking Fountain", "TYPE": "Drinking Fountain", "ACCESSIBLE_FEATURES": "None", "HOURS": "None", "LOCATION_DETAILS": "Located on the north side of the parkette, near Danforth Avenue.", "URL": "https://www.toronto.ca/explore-enjoy/parks-recreation/places-spaces/parks-and-recreation-facilities/location/?id=1096", "ADDRESS": "1555 Danforth Ave  ", "PostedDate": "2026-05-11T10:29:04", "AssetName": "Coxwell Common Drinking Fountain", "Reason": "None", "Comments": "None", "Status": "1" }, "geometry": { "type": "MultiPoint", "coordinates": [ [ -79.32411791, 43.68310718 ] ] } },
{ "type": "Feature", "properties": { "_id": 457, "ASSET_ID": 102227, "LOCATION": "Coxwell Avenue Playground", "ALTERNATIVE_NAME": "Coxwell Avenue Playground Drinking Fountain", "TYPE": "Drinking Fountain", "ACCESSIBLE_FEATURES": "None", "HOURS": "None", "LOCATION_DETAILS": "Located on the pathway next to the playground.", "URL": "https://www.toronto.ca/explore-enjoy/parks-recreation/places-spaces/parks-and-recreation-facilities/location/?id=2712", "ADDRESS": "450 Coxwell Ave  ", "PostedDate": "2026-05-11T10:28:51", "AssetName": "Coxwell Avenue Playground Drinking Fountain", "Reason": "None", "Comments": "None", "Status": "1" }, "geometry": { "type": "MultiPoint", "coordinates": [ [ -79.32145403, 43.67746425 ] ] } },
{ "type": "Feature", "properties": { "_id": 458, "ASSET_ID": 2383, "LOCATION": "Coxwell Avenue Parkette", "ALTERNATIVE_NAME": "Coxwell Avenue Parkette Drinking Fountain", "TYPE": "Drinking Fountain", "ACCESSIBLE_FEATURES": "None", "HOURS": "None", "LOCATION_DETAILS": "Located on the pathway south of the basketball court. ", "URL": "https://www.toronto.ca/explore-enjoy/parks-recreation/places-spaces/parks-and-recreation-facilities/location/?id=2236", "ADDRESS": "429 Coxwell Ave  ", "PostedDate": "2026-05-11T10:28:44", "AssetName": "Coxwell Avenue Parkette Drinking Fountain", "Reason": "None", "Comments": "None", "Status": "1" }, "geometry": { "type": "MultiPoint", "coordinates": [ [ -79.32086912, 43.67781548 ] ] } },
{ "type": "Feature", "properties": { "_id": 459, "ASSET_ID": 2391, "LOCATION": "Coronation Park - Toronto", "ALTERNATIVE_NAME": "Coronation Park Toronto Remembrance Drive Drinking Fountain", "TYPE": "Drinking Fountain", "ACCESSIBLE_FEATURES": "None", "HOURS": "None", "LOCATION_DETAILS": "Located at the south end of the large park building on Remembrance Drive.", "URL": "https://www.toronto.ca/explore-enjoy/parks-recreation/places-spaces/parks-and-recreation-facilities/location/?id=467", "ADDRESS": "711 Lake Shore Blvd  W ", "PostedDate": "2026-05-11T10:28:24", "AssetName": "Coronation Park Toronto Remembrance Drive Drinking Fountain", "Reason": "None", "Comments": "None", "Status": "1" }, "geometry": { "type": "MultiPoint", "coordinates": [ [ -79.40461715, 43.63414207 ] ] } },
{ "type": "Feature", "properties": { "_id": 460, "ASSET_ID": 102122, "LOCATION": "Coronation Park - Toronto", "ALTERNATIVE_NAME": "Coronation Park Toronto East Baseball Diamond Bottle Filling Station", "TYPE": "Bottle Filling Station", "ACCESSIBLE_FEATURES": "None", "HOURS": "None", "LOCATION_DETAILS": "Located at the north end of the large park building between the central and east baseball diamonds.", "URL": "https://www.toronto.ca/explore-enjoy/parks-recreation/places-spaces/parks-and-recreation-facilities/location/?id=467", "ADDRESS": "711 Lake Shore Blvd  W ", "PostedDate": "2026-05-11T10:28:16", "AssetName": "Coronation Park Toronto East Baseball Diamond Bottle Filling Station", "Reason": "None", "Comments": "None", "Status": "1" }, "geometry": { "type": "MultiPoint", "coordinates": [ [ -79.40485966, 43.63455305 ] ] } },
{ "type": "Feature", "properties": { "_id": 461, "ASSET_ID": 76642, "LOCATION": "Coronation Park - Toronto", "ALTERNATIVE_NAME": "Coronation Park Toronto Dog Off-Leash Area Drinking Water Station", "TYPE": "Drinking Fountain, Dog Fountain", "ACCESSIBLE_FEATURES": "None", "HOURS": "None", "LOCATION_DETAILS": "Located in the dog off-leash area near the north end.", "URL": "https://www.toronto.ca/explore-enjoy/parks-recreation/places-spaces/parks-and-recreation-facilities/location/?id=467", "ADDRESS": "711 Lake Shore Blvd  W ", "PostedDate": "2026-05-11T10:28:10", "AssetName": "Coronation Park Toronto Dog Off-Leash Area Drinking Water Station", "Reason": "None", "Comments": "None", "Status": "1" }, "geometry": { "type": "MultiPoint", "coordinates": [ [ -79.40394718, 43.63399097 ] ] } },
{ "type": "Feature", "properties": { "_id": 462, "ASSET_ID": 76643, "LOCATION": "Coronation Park - Toronto", "ALTERNATIVE_NAME": "Coronation Park Toronto Central Baseball Diamond Bottle Filling Station", "TYPE": "Bottle Filling Station", "ACCESSIBLE_FEATURES": "None", "HOURS": "None", "LOCATION_DETAILS": "Located on the east side of the washroom building south of the central baseball diamond.", "URL": "https://www.toronto.ca/explore-enjoy/parks-recreation/places-spaces/parks-and-recreation-facilities/location/?id=467", "ADDRESS": "711 Lake Shore Blvd  W ", "PostedDate": "2026-05-11T10:28:01", "AssetName": "Coronation Park Toronto Central Baseball Diamond Bottle Filling Station", "Reason": "None", "Comments": "None", "Status": "1" }, "geometry": { "type": "MultiPoint", "coordinates": [ [ -79.40542649, 43.63408178 ] ] } },
{ "type": "Feature", "properties": { "_id": 463, "ASSET_ID": 138471, "LOCATION": "Allan Gardens", "ALTERNATIVE_NAME": "Allan Gardens South Entrance Drinking Water Source", "TYPE": "Bottle Filling Station, Drinking Fountain", "ACCESSIBLE_FEATURES": "None", "HOURS": "None", "LOCATION_DETAILS": "Located on the east side of the path at the south entrance to the park from Gerrard St E", "URL": "https://www.toronto.ca/explore-enjoy/parks-recreation/places-spaces/parks-and-recreation-facilities/location/?id=41", "ADDRESS": "160 Gerrard St E", "PostedDate": "2026-05-11T10:27:22", "AssetName": "Allan Gardens South Entrance Drinking Water Source", "Reason": "None", "Comments": "None", "Status": "1" }, "geometry": { "type": "MultiPoint", "coordinates": [ [ -79.37355817, 43.66113867 ] ] } },
{ "type": "Feature", "properties": { "_id": 464, "ASSET_ID": 2501, "LOCATION": "Allan Gardens", "ALTERNATIVE_NAME": "Allan Gardens Playground Drinking Fountain", "TYPE": "Drinking Fountain", "ACCESSIBLE_FEATURES": "None", "HOURS": "None", "LOCATION_DETAILS": "Located on the grassy area near the Jarvis Street sidewalk, west of the playground.", "URL": "https://www.toronto.ca/explore-enjoy/parks-recreation/places-spaces/parks-and-recreation-facilities/location/?id=41", "ADDRESS": "160 Gerrard St  E ", "PostedDate": "2026-05-11T10:27:15", "AssetName": "Allan Gardens Playground Drinking Fountain", "Reason": "None", "Comments": "None", "Status": "1" }, "geometry": { "type": "MultiPoint", "coordinates": [ [ -79.37598614, 43.66120184 ] ] } },
{ "type": "Feature", "properties": { "_id": 465, "ASSET_ID": 77854, "LOCATION": "Allan Gardens", "ALTERNATIVE_NAME": "Allan Gardens Dog Off-Leash Area Dog Fountain", "TYPE": "Dog Fountain", "ACCESSIBLE_FEATURES": "None", "HOURS": "None", "LOCATION_DETAILS": "Located in the dog off-leash area.", "URL": "https://www.toronto.ca/explore-enjoy/parks-recreation/places-spaces/parks-and-recreation-facilities/location/?id=41", "ADDRESS": "160 Gerrard St  E ", "PostedDate": "2026-05-11T10:27:08", "AssetName": "Allan Gardens Dog Off-Leash Area Dog Fountain", "Reason": "None", "Comments": "None", "Status": "1" }, "geometry": { "type": "MultiPoint", "coordinates": [ [ -79.37473768, 43.66248359 ] ] } },
{ "type": "Feature", "properties": { "_id": 466, "ASSET_ID": 102962, "LOCATION": "150 Harrison Street Park", "ALTERNATIVE_NAME": "Harrison-Dovercourt Parkette Drinking Water Station", "TYPE": "Bottle Filling Station, Drinking Fountain, Dog Fountain", "ACCESSIBLE_FEATURES": "None", "HOURS": "None", "LOCATION_DETAILS": "Located on the west side of the park near Dovercourt Road.", "URL": "https://www.toronto.ca/explore-enjoy/parks-recreation/places-spaces/parks-and-recreation-facilities/location/?id=3786", "ADDRESS": "150 Harrison St", "PostedDate": "2026-05-11T10:26:48", "AssetName": "Harrison-Dovercourt Parkette Drinking Water Station", "Reason": "None", "Comments": "None", "Status": "1" }, "geometry": { "type": "MultiPoint", "coordinates": [ [ -79.42497212, 43.65040799 ] ] } },
{ "type": "Feature", "properties": { "_id": 467, "ASSET_ID": 79165, "LOCATION": "Baird Park", "ALTERNATIVE_NAME": "Baird Park Wading Pool Drinking Fountain", "TYPE": "Drinking Fountain", "ACCESSIBLE_FEATURES": "None", "HOURS": "None", "LOCATION_DETAILS": "Located on the east side of the wading pool.", "URL": "https://www.toronto.ca/explore-enjoy/parks-recreation/places-spaces/parks-and-recreation-facilities/location/?id=137", "ADDRESS": "275 Keele St  ", "PostedDate": "2026-05-11T10:26:09", "AssetName": "Baird Park Wading Pool Drinking Fountain", "Reason": "None", "Comments": "None", "Status": "1" }, "geometry": { "type": "MultiPoint", "coordinates": [ [ -79.46241101, 43.6626995 ] ] } },
{ "type": "Feature", "properties": { "_id": 468, "ASSET_ID": 849785, "LOCATION": "Bell Manor Park", "ALTERNATIVE_NAME": "Bell Manor Park Drinking Water Station", "TYPE": "Bottle Filling Station, Drinking Fountain", "ACCESSIBLE_FEATURES": "None", "HOURS": "None", "LOCATION_DETAILS": "Located on the pathway at the entrance to the splash pad.", "URL": "https://www.toronto.ca/explore-enjoy/parks-recreation/places-spaces/parks-and-recreation-facilities/location/?id=1032", "ADDRESS": "1 Bayside Ln", "PostedDate": "2026-05-11T08:44:38", "AssetName": "Bell Manor Park Drinking Water Station", "Reason": "None", "Comments": "None", "Status": "1" }, "geometry": { "type": "MultiPoint", "coordinates": [ [ -79.49235365, 43.63752134 ] ] } },
{ "type": "Feature", "properties": { "_id": 469, "ASSET_ID": 2281, "LOCATION": "Harding Park", "ALTERNATIVE_NAME": "Harding Park Drinking Fountain", "TYPE": "Drinking Fountain", "ACCESSIBLE_FEATURES": "None", "HOURS": "None", "LOCATION_DETAILS": "Location on the west side of the main pathway.", "URL": "https://www.toronto.ca/explore-enjoy/parks-recreation/places-spaces/parks-and-recreation-facilities/location/?id=1466", "ADDRESS": "59 Hearst Cir  ", "PostedDate": "2026-05-11T08:25:00", "AssetName": "Harding Park Drinking Fountain", "Reason": "None", "Comments": "None", "Status": "1" }, "geometry": { "type": "MultiPoint", "coordinates": [ [ -79.49790348, 43.6997051 ] ] } },
{ "type": "Feature", "properties": { "_id": 470, "ASSET_ID": 102094, "LOCATION": "Maple Claire Park", "ALTERNATIVE_NAME": "Maple Claire Park Splash Pad Drinking Water Station", "TYPE": "Bottle Filling Station, Drinking Fountain", "ACCESSIBLE_FEATURES": "None", "HOURS": "None", "LOCATION_DETAILS": "Located south of the splash pad along the pathway.", "URL": "https://www.toronto.ca/explore-enjoy/parks-recreation/places-spaces/parks-and-recreation-facilities/location/?id=2663", "ADDRESS": "20 Viella St  ", "PostedDate": "2026-05-11T07:58:40", "AssetName": "Maple Claire Park Splash Pad Drinking Water Station", "Reason": "None", "Comments": "None", "Status": "1" }, "geometry": { "type": "MultiPoint", "coordinates": [ [ -79.47319793, 43.67261307 ] ] } },
{ "type": "Feature", "properties": { "_id": 471, "ASSET_ID": 13249, "LOCATION": "Burnett Park", "ALTERNATIVE_NAME": "Burnett Park Drinking Fountain", "TYPE": "Drinking Fountain", "ACCESSIBLE_FEATURES": "None", "HOURS": "None", "LOCATION_DETAILS": "Located on the grassy area north of where the pathway meets Burnett Avenue.", "URL": "https://www.toronto.ca/explore-enjoy/parks-recreation/places-spaces/parks-and-recreation-facilities/location/?id=2181", "ADDRESS": "352 Burnett Ave  ", "PostedDate": "2026-05-08T14:30:42", "AssetName": "Burnett Park Drinking Fountain", "Reason": "None", "Comments": "None", "Status": "1" }, "geometry": { "type": "MultiPoint", "coordinates": [ [ -79.43128951, 43.76016396 ] ] } },
{ "type": "Feature", "properties": { "_id": 472, "ASSET_ID": 2560, "LOCATION": "Woburn Park - North York", "ALTERNATIVE_NAME": "Woburn Park Playground Drinking Fountain", "TYPE": "Drinking Fountain", "ACCESSIBLE_FEATURES": "None", "HOURS": "None", "LOCATION_DETAILS": "Located south of the playground along the pathway.", "URL": "https://www.toronto.ca/explore-enjoy/parks-recreation/places-spaces/parks-and-recreation-facilities/location/?id=2238", "ADDRESS": "575 Cranbrooke Ave  ", "PostedDate": "2026-05-08T14:30:31", "AssetName": "Woburn Park Playground Drinking Fountain", "Reason": "None", "Comments": "None", "Status": "1" }, "geometry": { "type": "MultiPoint", "coordinates": [ [ -79.42829906, 43.72351669 ] ] } },
{ "type": "Feature", "properties": { "_id": 473, "ASSET_ID": 13281, "LOCATION": "Ledbury Park", "ALTERNATIVE_NAME": "Ledbury Park Outdoor Pool Drinking Fountain", "TYPE": "Drinking Fountain", "ACCESSIBLE_FEATURES": "None", "HOURS": "View outdoor pool hours", "LOCATION_DETAILS": "Located on the deck of the outdoor pool.", "URL": "https://www.toronto.ca/explore-enjoy/parks-recreation/places-spaces/parks-and-recreation-facilities/location/?id=678", "ADDRESS": "160 Ledbury St  ", "PostedDate": "2026-05-08T14:30:13", "AssetName": "Ledbury Park Outdoor Pool Drinking Fountain", "Reason": "None", "Comments": "None", "Status": "1" }, "geometry": { "type": "MultiPoint", "coordinates": [ [ -79.42536339, 43.72694301 ] ] } },
{ "type": "Feature", "properties": { "_id": 474, "ASSET_ID": 13280, "LOCATION": "Ledbury Park", "ALTERNATIVE_NAME": "Ledbury Park Drinking Fountain", "TYPE": "Drinking Fountain", "ACCESSIBLE_FEATURES": "None", "HOURS": "None", "LOCATION_DETAILS": "Located west of the outdoor ice rink.", "URL": "https://www.toronto.ca/explore-enjoy/parks-recreation/places-spaces/parks-and-recreation-facilities/location/?id=678", "ADDRESS": "160 Ledbury St  ", "PostedDate": "2026-05-08T14:30:01", "AssetName": "Ledbury Park Drinking Fountain", "Reason": "None", "Comments": "None", "Status": "1" }, "geometry": { "type": "MultiPoint", "coordinates": [ [ -79.42519284, 43.7273749 ] ] } },
{ "type": "Feature", "properties": { "_id": 475, "ASSET_ID": 2631, "LOCATION": "Shawnee Park", "ALTERNATIVE_NAME": "Shawnee Park Tennis Court Drinking Water Station", "TYPE": "Drinking Fountain, Dog Fountain", "ACCESSIBLE_FEATURES": "None", "HOURS": "None", "LOCATION_DETAILS": "Located on the southwest corner of the tennis courts.", "URL": "https://www.toronto.ca/explore-enjoy/parks-recreation/places-spaces/parks-and-recreation-facilities/location/?id=2595", "ADDRESS": "81 Shawnee Cir  ", "PostedDate": "2026-05-08T14:29:48", "AssetName": "Shawnee Park Tennis Court Drinking Water Station", "Reason": "None", "Comments": "None", "Status": "1" }, "geometry": { "type": "MultiPoint", "coordinates": [ [ -79.33866376, 43.79710411 ] ] } },
{ "type": "Feature", "properties": { "_id": 476, "ASSET_ID": 102143, "LOCATION": "David Caplan Park", "ALTERNATIVE_NAME": "David Caplan Park Drinking Water Station", "TYPE": "Bottle Filling Station, Drinking Fountain", "ACCESSIBLE_FEATURES": "None", "HOURS": "None", "LOCATION_DETAILS": "Located along the pathway, next to the shade structures.", "URL": "https://www.toronto.ca/explore-enjoy/parks-recreation/places-spaces/parks-and-recreation-facilities/location/?id=3738", "ADDRESS": "125 Consumers Rd   ", "PostedDate": "2026-05-08T14:29:39", "AssetName": "David Caplan Park Drinking Water Station", "Reason": "None", "Comments": "None", "Status": "1" }, "geometry": { "type": "MultiPoint", "coordinates": [ [ -79.33209728, 43.77420471 ] ] } },
{ "type": "Feature", "properties": { "_id": 477, "ASSET_ID": 102240, "LOCATION": "Owen Park", "ALTERNATIVE_NAME": "Owen Park Drinking Fountain", "TYPE": "Drinking Fountain", "ACCESSIBLE_FEATURES": "None", "HOURS": "None", "LOCATION_DETAILS": "Located on the west side of the park along the pathway next to the public school.", "URL": "https://www.toronto.ca/explore-enjoy/parks-recreation/places-spaces/parks-and-recreation-facilities/location/?id=2347", "ADDRESS": "150 Gordon Rd  ", "PostedDate": "2026-05-08T14:29:18", "AssetName": "Owen Park Drinking Fountain", "Reason": "None", "Comments": "None", "Status": "1" }, "geometry": { "type": "MultiPoint", "coordinates": [ [ -79.39146584, 43.74922122 ] ] } },
{ "type": "Feature", "properties": { "_id": 478, "ASSET_ID": 102229, "LOCATION": "Edwards Gardens", "ALTERNATIVE_NAME": "Edwards Gardens Drinking Fountain", "TYPE": "Drinking Fountain", "ACCESSIBLE_FEATURES": "None", "HOURS": "None", "LOCATION_DETAILS": "Located in the circle pathway west of the fieldhouse and east of the shade structure.", "URL": "https://www.toronto.ca/explore-enjoy/parks-recreation/places-spaces/parks-and-recreation-facilities/location/?id=473", "ADDRESS": "755 Lawrence Ave  E ", "PostedDate": "2026-05-08T14:29:06", "AssetName": "Edwards Gardens Drinking Fountain", "Reason": "None", "Comments": "None", "Status": "1" }, "geometry": { "type": "MultiPoint", "coordinates": [ [ -79.3605852, 43.73251126 ] ] } },
{ "type": "Feature", "properties": { "_id": 479, "ASSET_ID": 2339, "LOCATION": "Edwards Gardens", "ALTERNATIVE_NAME": "Edwards Gardens Courtyard Drinking Fountain", "TYPE": "Drinking Fountain", "ACCESSIBLE_FEATURES": "None", "HOURS": "None", "LOCATION_DETAILS": "Located in the courtyard between the greenhouses. ", "URL": "https://www.toronto.ca/explore-enjoy/parks-recreation/places-spaces/parks-and-recreation-facilities/location/?id=473", "ADDRESS": "755 Lawrence Ave  E ", "PostedDate": "2026-05-08T14:28:54", "AssetName": "Edwards Gardens Courtyard Drinking Fountain", "Reason": "None", "Comments": "None", "Status": "1" }, "geometry": { "type": "MultiPoint", "coordinates": [ [ -79.35923858, 43.7337649 ] ] } },
{ "type": "Feature", "properties": { "_id": 480, "ASSET_ID": 102260, "LOCATION": "Weston Lions Park", "ALTERNATIVE_NAME": "Weston Lions Park Tennis Court Drinking Fountain", "TYPE": "Drinking Fountain", "ACCESSIBLE_FEATURES": "None", "HOURS": "None", "LOCATION_DETAILS": "Located east of the tennis courts along the pathway.", "URL": "https://www.toronto.ca/explore-enjoy/parks-recreation/places-spaces/parks-and-recreation-facilities/location/?id=508", "ADDRESS": "2125 Lawrence Ave  W ", "PostedDate": "2026-05-08T14:25:48", "AssetName": "Weston Lions Park Tennis Court Drinking Fountain", "Reason": "None", "Comments": "None", "Status": "1" }, "geometry": { "type": "MultiPoint", "coordinates": [ [ -79.5176568, 43.69756633 ] ] } },
{ "type": "Feature", "properties": { "_id": 481, "ASSET_ID": 967490, "LOCATION": "Zorra Park", "ALTERNATIVE_NAME": "Zorra Park Drinking Water Station", "TYPE": "Bottle Filling Station, Drinking Fountain, Dog Fountain", "ACCESSIBLE_FEATURES": "None", "HOURS": "None", "LOCATION_DETAILS": "Located on the South side of park outside of the fenced area.", "URL": "https://www.toronto.ca/explore-enjoy/parks-recreation/places-spaces/parks-and-recreation-facilities/location/?id=3826", "ADDRESS": "28 Zorra St", "PostedDate": "2026-05-08T12:59:07", "AssetName": "Zorra Park Drinking Water Station", "Reason": "None", "Comments": "None", "Status": "1" }, "geometry": { "type": "MultiPoint", "coordinates": [ [ -79.52194642, 43.62031861 ] ] } },
{ "type": "Feature", "properties": { "_id": 482, "ASSET_ID": 2243, "LOCATION": "Holley Park", "ALTERNATIVE_NAME": "Holley Park Playground Drinking Fountain", "TYPE": "Drinking Fountain", "ACCESSIBLE_FEATURES": "None", "HOURS": "None", "LOCATION_DETAILS": "Located north of the playground.", "URL": "https://www.toronto.ca/explore-enjoy/parks-recreation/places-spaces/parks-and-recreation-facilities/location/?id=1953", "ADDRESS": "2335 Weston Rd  ", "PostedDate": "2026-05-08T12:32:08", "AssetName": "Holley Park Playground Drinking Fountain", "Reason": "None", "Comments": "None", "Status": "1" }, "geometry": { "type": "MultiPoint", "coordinates": [ [ -79.53052402, 43.70617144 ] ] } },
{ "type": "Feature", "properties": { "_id": 483, "ASSET_ID": 102031, "LOCATION": "Lithuania Park", "ALTERNATIVE_NAME": "Lithuania Park Splash Pad Drinking Water Station", "TYPE": "Bottle Filling Station, Drinking Fountain", "ACCESSIBLE_FEATURES": "None", "HOURS": "None", "LOCATION_DETAILS": "Located south of the splash pad.", "URL": "https://www.toronto.ca/explore-enjoy/parks-recreation/places-spaces/parks-and-recreation-facilities/location/?id=125", "ADDRESS": "155 Oakmount Rd  ", "PostedDate": "2026-05-08T11:59:04", "AssetName": "Lithuania Park Splash Pad Drinking Water Station", "Reason": "None", "Comments": "None", "Status": "1" }, "geometry": { "type": "MultiPoint", "coordinates": [ [ -79.46256419, 43.65892731 ] ] } },
{ "type": "Feature", "properties": { "_id": 484, "ASSET_ID": 2608, "LOCATION": "Spenvalley Park", "ALTERNATIVE_NAME": "Spenvallley Park Playground Drinking Fountain", "TYPE": "Drinking Fountain", "ACCESSIBLE_FEATURES": "None", "HOURS": "None", "LOCATION_DETAILS": "Located along the pathway northeast of the playground.", "URL": "https://www.toronto.ca/explore-enjoy/parks-recreation/places-spaces/parks-and-recreation-facilities/location/?id=349", "ADDRESS": "130 Spenvalley Dr  ", "PostedDate": "2026-05-08T10:52:25", "AssetName": "Spenvallley Park Playground Drinking Fountain", "Reason": "None", "Comments": "None", "Status": "1" }, "geometry": { "type": "MultiPoint", "coordinates": [ [ -79.50677889, 43.74415838 ] ] } },
{ "type": "Feature", "properties": { "_id": 485, "ASSET_ID": 13269, "LOCATION": "G. Ross Lord Park", "ALTERNATIVE_NAME": "G. Ross Lord Park Yard Building Drinking Fountain", "TYPE": "Drinking Fountain", "ACCESSIBLE_FEATURES": "None", "HOURS": "None", "LOCATION_DETAILS": "Located on the north side of the park road south of the yard building.", "URL": "https://www.toronto.ca/explore-enjoy/parks-recreation/places-spaces/parks-and-recreation-facilities/location/?id=11", "ADDRESS": "4801 Dufferin St  ", "PostedDate": "2026-05-08T10:52:09", "AssetName": "G. Ross Lord Park Yard Building Drinking Fountain", "Reason": "None", "Comments": "None", "Status": "1" }, "geometry": { "type": "MultiPoint", "coordinates": [ [ -79.46591125, 43.78004866 ] ] } },
{ "type": "Feature", "properties": { "_id": 486, "ASSET_ID": 13265, "LOCATION": "Esther Shiner Stadium", "ALTERNATIVE_NAME": "Esther Shiner Stadium Drinking Fountain", "TYPE": "Drinking Fountain", "ACCESSIBLE_FEATURES": "None", "HOURS": "None", "LOCATION_DETAILS": "Located on the west side of the washroom building.", "URL": "https://www.toronto.ca/explore-enjoy/parks-recreation/places-spaces/parks-and-recreation-facilities/location/?id=320", "ADDRESS": "5720 Bathurst St   ", "PostedDate": "2026-05-08T10:51:54", "AssetName": "Esther Shiner Stadium Fields Drinking Fountain", "Reason": "None", "Comments": "None", "Status": "1" }, "geometry": { "type": "MultiPoint", "coordinates": [ [ -79.44567035, 43.77612316 ] ] } },
{ "type": "Feature", "properties": { "_id": 487, "ASSET_ID": 2707, "LOCATION": "Parkview Park", "ALTERNATIVE_NAME": "Parkview Park Drinking Fountain", "TYPE": "Drinking Fountain", "ACCESSIBLE_FEATURES": "None", "HOURS": "None", "LOCATION_DETAILS": "Located west of the sidewalk, east of the playground.", "URL": "https://www.toronto.ca/explore-enjoy/parks-recreation/places-spaces/parks-and-recreation-facilities/location/?id=2520", "ADDRESS": "355 Parkview Ave  ", "PostedDate": "2026-05-08T10:51:38", "AssetName": "Parkview Park Drinking Fountain", "Reason": "None", "Comments": "None", "Status": "1" }, "geometry": { "type": "MultiPoint", "coordinates": [ [ -79.39313471, 43.77514839 ] ] } },
{ "type": "Feature", "properties": { "_id": 488, "ASSET_ID": 2125, "LOCATION": "Alamosa Park", "ALTERNATIVE_NAME": "Alamosa Park Drinking Fountain", "TYPE": "Drinking Fountain", "ACCESSIBLE_FEATURES": "None", "HOURS": "None", "LOCATION_DETAILS": "Located on the pathway near the entrance to the tennis courts.", "URL": "https://www.toronto.ca/explore-enjoy/parks-recreation/places-spaces/parks-and-recreation-facilities/location/?id=1044", "ADDRESS": "111 Alamosa Dr  ", "PostedDate": "2026-05-08T10:51:19", "AssetName": "Alamosa Park Drinking Fountain", "Reason": "None", "Comments": "None", "Status": "1" }, "geometry": { "type": "MultiPoint", "coordinates": [ [ -79.36972106, 43.78123905 ] ] } },
{ "type": "Feature", "properties": { "_id": 489, "ASSET_ID": 13322, "LOCATION": "Princess Park", "ALTERNATIVE_NAME": "Princess Park Drinking Fountain", "TYPE": "Drinking Fountain", "ACCESSIBLE_FEATURES": "None", "HOURS": "None", "LOCATION_DETAILS": "Located at the top of the stairs in the southeast corner of the park.", "URL": "https://www.toronto.ca/explore-enjoy/parks-recreation/places-spaces/parks-and-recreation-facilities/location/?id=1490", "ADDRESS": "214 Doris Ave  ", "PostedDate": "2026-05-08T10:51:04", "AssetName": "Princess Park Drinking Fountain", "Reason": "None", "Comments": "None", "Status": "1" }, "geometry": { "type": "MultiPoint", "coordinates": [ [ -79.41075324, 43.76872129 ] ] } },
{ "type": "Feature", "properties": { "_id": 490, "ASSET_ID": 2368, "LOCATION": "Dell Park", "ALTERNATIVE_NAME": "Dell Park Drinking Fountain", "TYPE": "Drinking Fountain", "ACCESSIBLE_FEATURES": "None", "HOURS": "None", "LOCATION_DETAILS": "Located on the grassy area southeast of the playground.", "URL": "https://www.toronto.ca/explore-enjoy/parks-recreation/places-spaces/parks-and-recreation-facilities/location/?id=2258", "ADDRESS": "50 Dell Park Ave  ", "PostedDate": "2026-05-08T10:50:50", "AssetName": "Dell Park Drinking Fountain", "Reason": "None", "Comments": "None", "Status": "1" }, "geometry": { "type": "MultiPoint", "coordinates": [ [ -79.43364579, 43.71714082 ] ] } },
{ "type": "Feature", "properties": { "_id": 491, "ASSET_ID": 2245, "LOCATION": "Hillmount Parkette", "ALTERNATIVE_NAME": "Hillmount Parkette Playground Drinking Fountain", "TYPE": "Drinking Fountain", "ACCESSIBLE_FEATURES": "None", "HOURS": "None", "LOCATION_DETAILS": "Located north of the playground.", "URL": "https://www.toronto.ca/explore-enjoy/parks-recreation/places-spaces/parks-and-recreation-facilities/location/?id=2373", "ADDRESS": "393 Hillmount Ave  ", "PostedDate": "2026-05-08T10:50:37", "AssetName": "Hillmount Parkette Playground Drinking Fountain", "Reason": "None", "Comments": "None", "Status": "1" }, "geometry": { "type": "MultiPoint", "coordinates": [ [ -79.45174245, 43.70625762 ] ] } },
{ "type": "Feature", "properties": { "_id": 492, "ASSET_ID": 75146, "LOCATION": "Walter Saunders Memorial Park", "ALTERNATIVE_NAME": "Walter Saunders Memorial Park Splash Pad Bottle Filling Station", "TYPE": "Bottle Filling Station", "ACCESSIBLE_FEATURES": "None", "HOURS": "None", "LOCATION_DETAILS": "Located southwest of the splash pad along the pathway. ", "URL": "https://www.toronto.ca/explore-enjoy/parks-recreation/places-spaces/parks-and-recreation-facilities/location/?id=836", "ADDRESS": "440 Hopewell Ave  ", "PostedDate": "2026-05-08T10:50:17", "AssetName": "Walter Saunders Memorial Park Splash Pad Bottle Filling Station", "Reason": "None", "Comments": "None", "Status": "1" }, "geometry": { "type": "MultiPoint", "coordinates": [ [ -79.44642252, 43.69987782 ] ] } },
{ "type": "Feature", "properties": { "_id": 493, "ASSET_ID": 75147, "LOCATION": "Walter Saunders Memorial Park", "ALTERNATIVE_NAME": "Walter Saunders Memorial Park Basketball Court Bottle Filling Station", "TYPE": "Bottle Filling Station", "ACCESSIBLE_FEATURES": "None", "HOURS": "None", "LOCATION_DETAILS": "Located near the southeast corner of the basketball court.", "URL": "https://www.toronto.ca/explore-enjoy/parks-recreation/places-spaces/parks-and-recreation-facilities/location/?id=836", "ADDRESS": "440 Hopewell Ave  ", "PostedDate": "2026-05-08T10:50:04", "AssetName": "Walter Saunders Memorial Park Basketball Court Bottle Filling Station", "Reason": "None", "Comments": "None", "Status": "1" }, "geometry": { "type": "MultiPoint", "coordinates": [ [ -79.44884583, 43.69940342 ] ] } },
{ "type": "Feature", "properties": { "_id": 494, "ASSET_ID": 13307, "LOCATION": "Willowdale Park", "ALTERNATIVE_NAME": "Willowdale Park Sheppard Avenue Entrance Drinking Fountain", "TYPE": "Drinking Fountain", "ACCESSIBLE_FEATURES": "None", "HOURS": "None", "LOCATION_DETAILS": "Located near the Sheppard Avenue park entrance along the pathway.", "URL": "https://www.toronto.ca/explore-enjoy/parks-recreation/places-spaces/parks-and-recreation-facilities/location/?id=865", "ADDRESS": "75 Hollywood Ave  ", "PostedDate": "2026-05-07T10:39:34", "AssetName": "Willowdale Park Sheppard Avenue Entrance Drinking Fountain", "Reason": "Technical Issue", "Comments": "MAJOR ISSUE WITH WATER SUPPLY FROM CHAMBER", "Status": "2" }, "geometry": { "type": "MultiPoint", "coordinates": [ [ -79.4040612, 43.76319395 ] ] } },
{ "type": "Feature", "properties": { "_id": 495, "ASSET_ID": 102052, "LOCATION": "Gwendolen Park", "ALTERNATIVE_NAME": "Gwendolen Park Tennis Court Drinking Water Station", "TYPE": "Bottle Filling Station, Drinking Fountain, Dog Fountain", "ACCESSIBLE_FEATURES": "None", "HOURS": "None", "LOCATION_DETAILS": "Located north of the tennis courts.", "URL": "https://www.toronto.ca/explore-enjoy/parks-recreation/places-spaces/parks-and-recreation-facilities/location/?id=651", "ADDRESS": "3 Gwendolen Cres  ", "PostedDate": "2026-05-06T13:39:12", "AssetName": "Gwendolen Park Tennis Court Drinking Water Station", "Reason": "None", "Comments": "None", "Status": "1" }, "geometry": { "type": "MultiPoint", "coordinates": [ [ -79.42023628, 43.75118452 ] ] } },
{ "type": "Feature", "properties": { "_id": 496, "ASSET_ID": 102119, "LOCATION": "Sweeney Park", "ALTERNATIVE_NAME": "Sweeney Park Tennis Court Bottle Filling Station", "TYPE": "Bottle Filling Station", "ACCESSIBLE_FEATURES": "None", "HOURS": "None", "LOCATION_DETAILS": "Located south of the tennis courts along the pathway.", "URL": "https://www.toronto.ca/explore-enjoy/parks-recreation/places-spaces/parks-and-recreation-facilities/location/?id=763", "ADDRESS": "110 Sweeney Dr", "PostedDate": "2026-05-06T13:38:58", "AssetName": "Sweeney Park Tennis Court Bottle Filling Station", "Reason": "None", "Comments": "None", "Status": "1" }, "geometry": { "type": "MultiPoint", "coordinates": [ [ -79.31584283, 43.73564183 ] ] } },
{ "type": "Feature", "properties": { "_id": 497, "ASSET_ID": 2131, "LOCATION": "Alexander Muir Memorial Gardens", "ALTERNATIVE_NAME": "Alexander Muir Memorial Gardens Drinking Fountain", "TYPE": "Drinking Fountain", "ACCESSIBLE_FEATURES": "None", "HOURS": "None", "LOCATION_DETAILS": "Located in the grassy area northwest of the tennis courts.", "URL": "https://www.toronto.ca/explore-enjoy/parks-recreation/places-spaces/parks-and-recreation-facilities/location/?id=193", "ADDRESS": "2901 Yonge St  ", "PostedDate": "2026-05-06T13:38:44", "AssetName": "Alexander Muir Memorial Gardens Drinking Fountain", "Reason": "None", "Comments": "None", "Status": "1" }, "geometry": { "type": "MultiPoint", "coordinates": [ [ -79.39983752, 43.72085656 ] ] } },
{ "type": "Feature", "properties": { "_id": 498, "ASSET_ID": 75144, "LOCATION": "Mcnicoll Park", "ALTERNATIVE_NAME": "Mcnicoll Park Bottle Filling Station", "TYPE": "Bottle Filling Station", "ACCESSIBLE_FEATURES": "None", "HOURS": "None", "LOCATION_DETAILS": "Located north of the pathway and outdoor table tennis tables.", "URL": "https://www.toronto.ca/explore-enjoy/parks-recreation/places-spaces/parks-and-recreation-facilities/location/?id=689", "ADDRESS": "215 Mcnicoll Ave  ", "PostedDate": "2026-05-06T13:38:30", "AssetName": "Mcnicoll Park Bottle Filling Station", "Reason": "None", "Comments": "None", "Status": "1" }, "geometry": { "type": "MultiPoint", "coordinates": [ [ -79.3534744, 43.7992578 ] ] } },
{ "type": "Feature", "properties": { "_id": 499, "ASSET_ID": 2356, "LOCATION": "Duncan Creek Park", "ALTERNATIVE_NAME": "Duncan Creek Park Playground Drinking Fountain", "TYPE": "Drinking Fountain", "ACCESSIBLE_FEATURES": "None", "HOURS": "None", "LOCATION_DETAILS": "Located on the pathway to the playground near Cliffwood Road.", "URL": "https://www.toronto.ca/explore-enjoy/parks-recreation/places-spaces/parks-and-recreation-facilities/location/?id=2263", "ADDRESS": "3700 Don Mills Rd  ", "PostedDate": "2026-05-06T13:38:18", "AssetName": "Duncan Creek Park Playground Drinking Fountain", "Reason": "None", "Comments": "None", "Status": "1" }, "geometry": { "type": "MultiPoint", "coordinates": [ [ -79.36077999, 43.80560531 ] ] } },
{ "type": "Feature", "properties": { "_id": 500, "ASSET_ID": 102124, "LOCATION": "Cliffwood Park", "ALTERNATIVE_NAME": "Cliffwood Park Drinking Water Station", "TYPE": "Bottle Filling Station, Drinking Fountain", "ACCESSIBLE_FEATURES": "None", "HOURS": "None", "LOCATION_DETAILS": "Located on the pathway at the entrance to the tennis courts.", "URL": "https://www.toronto.ca/explore-enjoy/parks-recreation/places-spaces/parks-and-recreation-facilities/location/?id=493", "ADDRESS": "280 Cliffwood Rd  ", "PostedDate": "2026-05-06T13:38:09", "AssetName": "Cliffwood Park Drinking Water Station", "Reason": "None", "Comments": "None", "Status": "1" }, "geometry": { "type": "MultiPoint", "coordinates": [ [ -79.35470807, 43.80799027 ] ] } },
{ "type": "Feature", "properties": { "_id": 501, "ASSET_ID": 102041, "LOCATION": "Glendora Park", "ALTERNATIVE_NAME": "Glendora Park Bottle Filling Station", "TYPE": "Bottle Filling Station", "ACCESSIBLE_FEATURES": "None", "HOURS": "None", "LOCATION_DETAILS": "Located on the pathway west of the splash pad.", "URL": "https://www.toronto.ca/explore-enjoy/parks-recreation/places-spaces/parks-and-recreation-facilities/location/?id=640", "ADDRESS": "201 Glendora Ave  ", "PostedDate": "2026-05-06T13:37:54", "AssetName": "Glendora Park Bottle Filling Station", "Reason": "None", "Comments": "None", "Status": "1" }, "geometry": { "type": "MultiPoint", "coordinates": [ [ -79.39997673, 43.76135549 ] ] } },
{ "type": "Feature", "properties": { "_id": 502, "ASSET_ID": 102258, "LOCATION": "Cynthia Lai Park", "ALTERNATIVE_NAME": "Cynthia Lai Park Drinking Fountain", "TYPE": "Drinking Fountain", "ACCESSIBLE_FEATURES": "None", "HOURS": "None", "LOCATION_DETAILS": "Located along the pathway south of the playground and the basketball courts.", "URL": "https://www.toronto.ca/explore-enjoy/parks-recreation/places-spaces/parks-and-recreation-facilities/location/?id=961", "ADDRESS": "1051 Progress Ave  ", "PostedDate": "2026-05-06T07:55:37", "AssetName": "Rosebank Park Drinking Fountain", "Reason": "None", "Comments": "None", "Status": "1" }, "geometry": { "type": "MultiPoint", "coordinates": [ [ -79.23352375, 43.79240963 ] ] } },
{ "type": "Feature", "properties": { "_id": 503, "ASSET_ID": 2568, "LOCATION": "Symington Avenue Playground", "ALTERNATIVE_NAME": "Symington Avenue Playground Fitness Area Drinking Water Station", "TYPE": "Drinking Fountain, Dog Fountain", "ACCESSIBLE_FEATURES": "None", "HOURS": "None", "LOCATION_DETAILS": "Located south of the outdoor fitness equipment area and baseball diamond.", "URL": "https://www.toronto.ca/explore-enjoy/parks-recreation/places-spaces/parks-and-recreation-facilities/location/?id=216", "ADDRESS": "431 Perth Ave  ", "PostedDate": "2026-05-06T06:34:11", "AssetName": "Symington Avenue Playground Fitness Area Drinking Water Station", "Reason": "None", "Comments": "None", "Status": "1" }, "geometry": { "type": "MultiPoint", "coordinates": [ [ -79.45276984, 43.66669337 ] ] } },
{ "type": "Feature", "properties": { "_id": 504, "ASSET_ID": 102063, "LOCATION": "Suydam Park", "ALTERNATIVE_NAME": "Suydam Park Drinking Water Station", "TYPE": "Bottle Filling Station, Drinking Fountain", "ACCESSIBLE_FEATURES": "None", "HOURS": "None", "LOCATION_DETAILS": "Located on the northeast corner of the park along Spadina Road.", "URL": "https://www.toronto.ca/explore-enjoy/parks-recreation/places-spaces/parks-and-recreation-facilities/location/?id=208", "ADDRESS": "22 Relmar Rd  ", "PostedDate": "2026-05-06T06:30:45", "AssetName": "Suydam Park Drinking Water Station", "Reason": "None", "Comments": "None", "Status": "1" }, "geometry": { "type": "MultiPoint", "coordinates": [ [ -79.41362293, 43.69071518 ] ] } },
{ "type": "Feature", "properties": { "_id": 505, "ASSET_ID": 2582, "LOCATION": "Sugar Beach Park", "ALTERNATIVE_NAME": "Sugar Beach Splash Pad Drinking Water Station", "TYPE": "Drinking Fountain, Dog Fountain", "ACCESSIBLE_FEATURES": "None", "HOURS": "None", "LOCATION_DETAILS": "Located east of the splash pad.", "URL": "https://www.toronto.ca/explore-enjoy/parks-recreation/places-spaces/parks-and-recreation-facilities/location/?id=2261", "ADDRESS": "11 Dockside Dr  ", "PostedDate": "2026-05-06T06:30:22", "AssetName": "Sugar Beach Splash Pad Drinking Water Station", "Reason": "None", "Comments": "None", "Status": "1" }, "geometry": { "type": "MultiPoint", "coordinates": [ [ -79.36697242, 43.64301365 ] ] } },
{ "type": "Feature", "properties": { "_id": 506, "ASSET_ID": 102006, "LOCATION": "Stadium Road Park", "ALTERNATIVE_NAME": "Stadium Road Park North Drinking Water Station", "TYPE": "Bottle Filling Station, Drinking Fountain, Dog Fountain", "ACCESSIBLE_FEATURES": "None", "HOURS": "None", "LOCATION_DETAILS": "Located  on the north end of the park along the pathway on the east side close to Stadium Road.", "URL": "https://www.toronto.ca/explore-enjoy/parks-recreation/places-spaces/parks-and-recreation-facilities/location/?id=2619", "ADDRESS": "10 Stadium Rd  ", "PostedDate": "2026-05-06T06:30:05", "AssetName": "Stadium Road Park North Drinking Water Station", "Reason": "None", "Comments": "None", "Status": "1" }, "geometry": { "type": "MultiPoint", "coordinates": [ [ -79.40063102, 43.63440991 ] ] } },
{ "type": "Feature", "properties": { "_id": 507, "ASSET_ID": 2598, "LOCATION": "St. Mary Street Parkette", "ALTERNATIVE_NAME": "St. Mary Street Parkette Drinking Fountain", "TYPE": "Drinking Fountain", "ACCESSIBLE_FEATURES": "None", "HOURS": "None", "LOCATION_DETAILS": "Located on the south side of the parkette. ", "URL": "https://www.toronto.ca/explore-enjoy/parks-recreation/places-spaces/parks-and-recreation-facilities/location/?id=195", "ADDRESS": "26 St Mary St  ", "PostedDate": "2026-05-06T06:29:52", "AssetName": "St. Mary Street Parkette Drinking Fountain", "Reason": "None", "Comments": "None", "Status": "1" }, "geometry": { "type": "MultiPoint", "coordinates": [ [ -79.38691408, 43.66786604 ] ] } },
{ "type": "Feature", "properties": { "_id": 508, "ASSET_ID": 2609, "LOCATION": "Spencer - Cowan Parkette", "ALTERNATIVE_NAME": "Spencer - Cowan Wading Pool Drinking Fountain", "TYPE": "Drinking Fountain", "ACCESSIBLE_FEATURES": "None", "HOURS": "None", "LOCATION_DETAILS": "Located east of the wading pool.", "URL": "https://www.toronto.ca/explore-enjoy/parks-recreation/places-spaces/parks-and-recreation-facilities/location/?id=172", "ADDRESS": "80 Spencer Ave  ", "PostedDate": "2026-05-06T06:28:46", "AssetName": "Spencer - Cowan Wading Pool Drinking Fountain", "Reason": "None", "Comments": "None", "Status": "1" }, "geometry": { "type": "MultiPoint", "coordinates": [ [ -79.43059795, 43.63636384 ] ] } },
{ "type": "Feature", "properties": { "_id": 509, "ASSET_ID": 102038, "LOCATION": "Sir Winston Churchill Park", "ALTERNATIVE_NAME": "Sir Winston Churchill Park Playground Drinking Water Station", "TYPE": "Bottle Filling Station, Drinking Fountain, Dog Fountain", "ACCESSIBLE_FEATURES": "None", "HOURS": "None", "LOCATION_DETAILS": "Located east of the playground outside of the clubhouse/washroom building.", "URL": "https://www.toronto.ca/explore-enjoy/parks-recreation/places-spaces/parks-and-recreation-facilities/location/?id=200", "ADDRESS": "301 St. Clair Ave  W ", "PostedDate": "2026-05-06T06:28:25", "AssetName": "Sir Winston Churchill Park Playground Drinking Water Station", "Reason": "None", "Comments": "None", "Status": "1" }, "geometry": { "type": "MultiPoint", "coordinates": [ [ -79.40848391, 43.68435321 ] ] } },
{ "type": "Feature", "properties": { "_id": 510, "ASSET_ID": 102201, "LOCATION": "Sir Winston Churchill Park", "ALTERNATIVE_NAME": "Sir Winston Churchill Park Dog Off-Leash Area Dog Fountain", "TYPE": "Dog Fountain", "ACCESSIBLE_FEATURES": "None", "HOURS": "None", "LOCATION_DETAILS": "Located inside the dog off-leash area on the south side.", "URL": "https://www.toronto.ca/explore-enjoy/parks-recreation/places-spaces/parks-and-recreation-facilities/location/?id=200", "ADDRESS": "301 St. Clair Ave  W ", "PostedDate": "2026-05-06T06:28:16", "AssetName": "Sir Winston Churchill Park Dog Off-Leash Area Dog Fountain", "Reason": "None", "Comments": "None", "Status": "1" }, "geometry": { "type": "MultiPoint", "coordinates": [ [ -79.40981435, 43.68232716 ] ] } },
{ "type": "Feature", "properties": { "_id": 511, "ASSET_ID": 2628, "LOCATION": "Sherbourne Common", "ALTERNATIVE_NAME": "Sherbourne Common Playground Drinking Fountain", "TYPE": "Drinking Fountain", "ACCESSIBLE_FEATURES": "None", "HOURS": "None", "LOCATION_DETAILS": "Located along the pathway in between the two playground areas.", "URL": "https://www.toronto.ca/explore-enjoy/parks-recreation/places-spaces/parks-and-recreation-facilities/location/?id=1860", "ADDRESS": "5 Lower Sherbourne St  ", "PostedDate": "2026-05-06T06:27:58", "AssetName": "Sherbourne Common Playground Drinking Fountain", "Reason": "None", "Comments": "None", "Status": "1" }, "geometry": { "type": "MultiPoint", "coordinates": [ [ -79.36565672, 43.64583805 ] ] } },
{ "type": "Feature", "properties": { "_id": 512, "ASSET_ID": 2627, "LOCATION": "Sherbourne Common", "ALTERNATIVE_NAME": "Sherbourne Common Drinking Fountain", "TYPE": "Drinking Fountain", "ACCESSIBLE_FEATURES": "None", "HOURS": "None", "LOCATION_DETAILS": "Located in the outdoor ice rink building on the south side of Queens Quay East.", "URL": "https://www.toronto.ca/explore-enjoy/parks-recreation/places-spaces/parks-and-recreation-facilities/location/?id=1860", "ADDRESS": "5 Lower Sherbourne St  ", "PostedDate": "2026-05-06T06:27:48", "AssetName": "Sherbourne Common Drinking Fountain", "Reason": "None", "Comments": "None", "Status": "1" }, "geometry": { "type": "MultiPoint", "coordinates": [ [ -79.364601, 43.64454039 ] ] } },
{ "type": "Feature", "properties": { "_id": 513, "ASSET_ID": 2654, "LOCATION": "Roundhouse Park", "ALTERNATIVE_NAME": "Roundhouse Park Playground Drinking Fountain", "TYPE": "Drinking Fountain", "ACCESSIBLE_FEATURES": "None", "HOURS": "None", "LOCATION_DETAILS": "Located at the north end of the playground along the pathway. ", "URL": "https://www.toronto.ca/explore-enjoy/parks-recreation/places-spaces/parks-and-recreation-facilities/location/?id=386", "ADDRESS": "255 Bremner Blvd  ", "PostedDate": "2026-05-06T06:27:03", "AssetName": "Roundhouse Park Playground Drinking Fountain", "Reason": "None", "Comments": "None", "Status": "1" }, "geometry": { "type": "MultiPoint", "coordinates": [ [ -79.38426209, 43.64097603 ] ] } },
{ "type": "Feature", "properties": { "_id": 514, "ASSET_ID": 97064, "LOCATION": "Roundhouse Park", "ALTERNATIVE_NAME": "Roundhouse Park Don Station Drinking Fountain", "TYPE": "Drinking Fountain", "ACCESSIBLE_FEATURES": "None", "HOURS": "None", "LOCATION_DETAILS": "Located west of the Don Station building on the west side of the pathway.", "URL": "https://www.toronto.ca/explore-enjoy/parks-recreation/places-spaces/parks-and-recreation-facilities/location/?id=386", "ADDRESS": "255 Bremner Blvd  ", "PostedDate": "2026-05-06T06:26:55", "AssetName": "Roundhouse Park Don Station Drinking Fountain", "Reason": "None", "Comments": "None", "Status": "1" }, "geometry": { "type": "MultiPoint", "coordinates": [ [ -79.38542217, 43.64146377 ] ] } },
{ "type": "Feature", "properties": { "_id": 515, "ASSET_ID": 2660, "LOCATION": "Rosedale Park", "ALTERNATIVE_NAME": "Rosedale Park Wading Pool Drinking Fountain", "TYPE": "Drinking Fountain", "ACCESSIBLE_FEATURES": "None", "HOURS": "None", "LOCATION_DETAILS": "Located east of the wading pool.", "URL": "https://www.toronto.ca/explore-enjoy/parks-recreation/places-spaces/parks-and-recreation-facilities/location/?id=210", "ADDRESS": "20 Scholfield Ave  ", "PostedDate": "2026-05-06T06:26:18", "AssetName": "Rosedale Park Wading Pool Drinking Fountain", "Reason": "None", "Comments": "None", "Status": "1" }, "geometry": { "type": "MultiPoint", "coordinates": [ [ -79.37932471, 43.68314555 ] ] } },
{ "type": "Feature", "properties": { "_id": 516, "ASSET_ID": 102208, "LOCATION": "Rosedale Park", "ALTERNATIVE_NAME": "Rosedale Park Dog Fountain", "TYPE": "Dog Fountain", "ACCESSIBLE_FEATURES": "None", "HOURS": "None", "LOCATION_DETAILS": "Located on the outside on the south side of the tennis clubhouse building.", "URL": "https://www.toronto.ca/explore-enjoy/parks-recreation/places-spaces/parks-and-recreation-facilities/location/?id=210", "ADDRESS": "20 Scholfield Ave  ", "PostedDate": "2026-05-06T06:26:08", "AssetName": "Rosedale Park Dog Fountain", "Reason": "None", "Comments": "None", "Status": "1" }, "geometry": { "type": "MultiPoint", "coordinates": [ [ -79.37912819, 43.6832071 ] ] } },
{ "type": "Feature", "properties": { "_id": 517, "ASSET_ID": 2664, "LOCATION": "Robert Bateman Parkette", "ALTERNATIVE_NAME": "Robert Bateman Parkette Drinking Water Station", "TYPE": "Drinking Fountain, Dog Fountain", "ACCESSIBLE_FEATURES": "None", "HOURS": "None", "LOCATION_DETAILS": "Located along the pathway where Robert Bateman Parkette and Kay Gardner Beltline Park meet.", "URL": "https://www.toronto.ca/explore-enjoy/parks-recreation/places-spaces/parks-and-recreation-facilities/location/?id=237", "ADDRESS": "281 Chaplin Cres  ", "PostedDate": "2026-05-06T06:23:13", "AssetName": "Robert Bateman Parkette Drinking Water Station", "Reason": "None", "Comments": "None", "Status": "1" }, "geometry": { "type": "MultiPoint", "coordinates": [ [ -79.41468613, 43.70119931 ] ] } },
{ "type": "Feature", "properties": { "_id": 518, "ASSET_ID": 2670, "LOCATION": "Ritchie Avenue Parkette", "ALTERNATIVE_NAME": "Ritchie Avenue Parkette Drinking Fountain ", "TYPE": "Drinking Fountain", "ACCESSIBLE_FEATURES": "None", "HOURS": "None", "LOCATION_DETAILS": "Located west of the playground.", "URL": "https://www.toronto.ca/explore-enjoy/parks-recreation/places-spaces/parks-and-recreation-facilities/location/?id=186", "ADDRESS": "77 Ritchie Ave  ", "PostedDate": "2026-05-06T06:22:57", "AssetName": "Ritchie Avenue Parkette Drinking Fountain ", "Reason": "None", "Comments": "None", "Status": "1" }, "geometry": { "type": "MultiPoint", "coordinates": [ [ -79.4491458, 43.65391408 ] ] } },
{ "type": "Feature", "properties": { "_id": 519, "ASSET_ID": 102242, "LOCATION": "Rita Cox Park", "ALTERNATIVE_NAME": "Rita Cox Park Drinking Water Station", "TYPE": "Drinking Fountain, Dog Fountain", "ACCESSIBLE_FEATURES": "None", "HOURS": "None", "LOCATION_DETAILS": "Located east of the playground along the pathway.", "URL": "https://www.toronto.ca/explore-enjoy/parks-recreation/places-spaces/parks-and-recreation-facilities/location/?id=2021", "ADDRESS": "14 Machells Ave  ", "PostedDate": "2026-05-06T06:22:39", "AssetName": "Rita Cox Park Drinking Water Station", "Reason": "None", "Comments": "None", "Status": "1" }, "geometry": { "type": "MultiPoint", "coordinates": [ [ -79.42548756, 43.64016834 ] ] } },
{ "type": "Feature", "properties": { "_id": 520, "ASSET_ID": 45646, "LOCATION": "Regent Park", "ALTERNATIVE_NAME": "Regent Park Playground Drinking Fountain ", "TYPE": "Drinking Fountain", "ACCESSIBLE_FEATURES": "None", "HOURS": "None", "LOCATION_DETAILS": "Located south of the playground along the pathway.", "URL": "https://www.toronto.ca/explore-enjoy/parks-recreation/places-spaces/parks-and-recreation-facilities/location/?id=2788", "ADDRESS": "600 Dundas St  E ", "PostedDate": "2026-05-06T06:22:09", "AssetName": "Regent Park Playground Drinking Fountain ", "Reason": "None", "Comments": "None", "Status": "1" }, "geometry": { "type": "MultiPoint", "coordinates": [ [ -79.36165521, 43.66152915 ] ] } },
{ "type": "Feature", "properties": { "_id": 521, "ASSET_ID": 45647, "LOCATION": "Regent Park", "ALTERNATIVE_NAME": "Regent Park Drinking Fountain ", "TYPE": "Drinking Fountain", "ACCESSIBLE_FEATURES": "None", "HOURS": "None", "LOCATION_DETAILS": "Located on the southeast corner of the park, along the pathway.", "URL": "https://www.toronto.ca/explore-enjoy/parks-recreation/places-spaces/parks-and-recreation-facilities/location/?id=2788", "ADDRESS": "600 Dundas St  E ", "PostedDate": "2026-05-06T06:22:02", "AssetName": "Regent Park Drinking Fountain ", "Reason": "None", "Comments": "None", "Status": "1" }, "geometry": { "type": "MultiPoint", "coordinates": [ [ -79.36143817, 43.66091939 ] ] } },
{ "type": "Feature", "properties": { "_id": 522, "ASSET_ID": 77995, "LOCATION": "Regent Park", "ALTERNATIVE_NAME": "Regent Park Dog Off-Leash Area Drinking Water Station ", "TYPE": "Drinking Fountain, Dog Fountain", "ACCESSIBLE_FEATURES": "None", "HOURS": "None", "LOCATION_DETAILS": "Located inside on the northeast corner of the dog off-leash area.", "URL": "https://www.toronto.ca/explore-enjoy/parks-recreation/places-spaces/parks-and-recreation-facilities/location/?id=2788", "ADDRESS": "600 Dundas St  E ", "PostedDate": "2026-05-06T06:21:55", "AssetName": "Regent Park Dog Off-Leash Area Drinking Water Station ", "Reason": "None", "Comments": "None", "Status": "1" }, "geometry": { "type": "MultiPoint", "coordinates": [ [ -79.36269833, 43.66086282 ] ] } },
{ "type": "Feature", "properties": { "_id": 523, "ASSET_ID": 102265, "LOCATION": "Regent Park Athletic Grounds", "ALTERNATIVE_NAME": "Regent Park Athletic Grounds Drinking Fountain", "TYPE": "Drinking Fountain", "ACCESSIBLE_FEATURES": "None", "HOURS": "None", "LOCATION_DETAILS": "Located on the outside of the rink building west of the outdoor ice rink.", "URL": "https://www.toronto.ca/explore-enjoy/parks-recreation/places-spaces/parks-and-recreation-facilities/location/?id=419", "ADDRESS": "480 Shuter St  ", "PostedDate": "2026-05-06T06:21:47", "AssetName": "Regent Park Athletic Grounds Drinking Fountain", "Reason": "None", "Comments": "None", "Status": "1" }, "geometry": { "type": "MultiPoint", "coordinates": [ [ -79.35934333, 43.65867572 ] ] } },
{ "type": "Feature", "properties": { "_id": 524, "ASSET_ID": 2676, "LOCATION": "Randy Padmore Park", "ALTERNATIVE_NAME": "Randy Padmore Park Wading Pool Drinking Fountain", "TYPE": "Drinking Fountain", "ACCESSIBLE_FEATURES": "None", "HOURS": "None", "LOCATION_DETAILS": "Located next to the wading pool.", "URL": "https://www.toronto.ca/explore-enjoy/parks-recreation/places-spaces/parks-and-recreation-facilities/location/?id=150", "ADDRESS": "47 Denison Ave  ", "PostedDate": "2026-05-06T06:21:27", "AssetName": "Randy Padmore Park Wading Pool Drinking Fountain", "Reason": "None", "Comments": "None", "Status": "1" }, "geometry": { "type": "MultiPoint", "coordinates": [ [ -79.40096544, 43.64972316 ] ] } },
{ "type": "Feature", "properties": { "_id": 525, "ASSET_ID": 102080, "LOCATION": "Queen's Park", "ALTERNATIVE_NAME": "Queen's Park Drinking Water Station", "TYPE": "Bottle Filling Station, Drinking Fountain", "ACCESSIBLE_FEATURES": "None", "HOURS": "None", "LOCATION_DETAILS": "Located northeast of the statue in the middle of the park along the pathway.", "URL": "https://www.toronto.ca/explore-enjoy/parks-recreation/places-spaces/parks-and-recreation-facilities/location/?id=2674", "ADDRESS": "110 Wellesley St  W ", "PostedDate": "2026-05-06T06:20:20", "AssetName": "Queen's Park Drinking Water Station", "Reason": "None", "Comments": "None", "Status": "1" }, "geometry": { "type": "MultiPoint", "coordinates": [ [ -79.39244495, 43.66487485 ] ] } },
{ "type": "Feature", "properties": { "_id": 526, "ASSET_ID": 102086, "LOCATION": "Pottery Playground", "ALTERNATIVE_NAME": "Pottery Playground Splash Pad Drinking Water Station", "TYPE": "Bottle Filling Station, Drinking Fountain", "ACCESSIBLE_FEATURES": "None", "HOURS": "None", "LOCATION_DETAILS": "Located north of the splash pad along the pathway.", "URL": "https://www.toronto.ca/explore-enjoy/parks-recreation/places-spaces/parks-and-recreation-facilities/location/?id=307", "ADDRESS": "601 Merton St  ", "PostedDate": "2026-05-06T06:20:02", "AssetName": "Pottery Playground Splash Pad Drinking Water Station", "Reason": "None", "Comments": "None", "Status": "1" }, "geometry": { "type": "MultiPoint", "coordinates": [ [ -79.37862397, 43.69964914 ] ] } },
{ "type": "Feature", "properties": { "_id": 527, "ASSET_ID": 116980, "LOCATION": "Earlscourt Park", "ALTERNATIVE_NAME": "Earlscourt Park Splash Pad Bottle Filling Station", "TYPE": "Bottle Filling Station", "ACCESSIBLE_FEATURES": "None", "HOURS": "None", "LOCATION_DETAILS": "Located west of the splash pad on the outside the park building.", "URL": "https://www.toronto.ca/explore-enjoy/parks-recreation/places-spaces/parks-and-recreation-facilities/location/?id=514", "ADDRESS": "1200 Landsdowne Ave", "PostedDate": "2026-05-05T14:32:34", "AssetName": "Earlscourt Park Splash Pad Bottle Filling Station", "Reason": "None", "Comments": "None", "Status": "1" }, "geometry": { "type": "MultiPoint", "coordinates": [ [ -79.45147774, 43.67411244 ] ] } },
{ "type": "Feature", "properties": { "_id": 528, "ASSET_ID": 102177, "LOCATION": "S.A.D.R.A. Park", "ALTERNATIVE_NAME": "S.A.D.R.A. Park Drinking Fountain", "TYPE": "Drinking Fountain", "ACCESSIBLE_FEATURES": "None", "HOURS": "None", "LOCATION_DETAILS": "Located east of the playground, along the pathway close to Silverthorn Avenue.", "URL": "https://www.toronto.ca/explore-enjoy/parks-recreation/places-spaces/parks-and-recreation-facilities/location/?id=69", "ADDRESS": "455 Old Weston Rd  ", "PostedDate": "2026-05-05T14:32:03", "AssetName": "S.A.D.R.A. Park Drinking Fountain", "Reason": "None", "Comments": "None", "Status": "1" }, "geometry": { "type": "MultiPoint", "coordinates": [ [ -79.46084043, 43.67557674 ] ] } },
{ "type": "Feature", "properties": { "_id": 529, "ASSET_ID": 73802, "LOCATION": "Ravina Gardens", "ALTERNATIVE_NAME": "Ravina Gardens Splash Pad Bottle Filling Station", "TYPE": "Bottle Filling Station", "ACCESSIBLE_FEATURES": "None", "HOURS": "None", "LOCATION_DETAILS": "Located northwest of the splash pad.", "URL": "https://www.toronto.ca/explore-enjoy/parks-recreation/places-spaces/parks-and-recreation-facilities/location/?id=170", "ADDRESS": "290 Clendenan Ave  ", "PostedDate": "2026-05-05T14:31:41", "AssetName": "Ravina Gardens Splash Pad Bottle Filling Station", "Reason": "None", "Comments": "None", "Status": "1" }, "geometry": { "type": "MultiPoint", "coordinates": [ [ -79.47190874, 43.65913561 ] ] } },
{ "type": "Feature", "properties": { "_id": 530, "ASSET_ID": 102102, "LOCATION": "Harwood Park", "ALTERNATIVE_NAME": "Harwood Park Drinking Water Station", "TYPE": "Bottle Filling Station, Drinking Fountain", "ACCESSIBLE_FEATURES": "None", "HOURS": "None", "LOCATION_DETAILS": "Located on the corner of Leigh Street and McCormack Street.", "URL": "https://www.toronto.ca/explore-enjoy/parks-recreation/places-spaces/parks-and-recreation-facilities/location/?id=831", "ADDRESS": "51 Leigh St  ", "PostedDate": "2026-05-05T14:28:11", "AssetName": "Harwood Park Drinking Water Station", "Reason": "None", "Comments": "None", "Status": "1" }, "geometry": { "type": "MultiPoint", "coordinates": [ [ -79.47751109, 43.67597344 ] ] } },
{ "type": "Feature", "properties": { "_id": 531, "ASSET_ID": 2188, "LOCATION": "Lanyard Park", "ALTERNATIVE_NAME": "Lanyard Park Tennis Court Drinking Fountain", "TYPE": "Drinking Fountain", "ACCESSIBLE_FEATURES": "None", "HOURS": "None", "LOCATION_DETAILS": "Located along the pathway, south of the tennis courts.", "URL": "https://www.toronto.ca/explore-enjoy/parks-recreation/places-spaces/parks-and-recreation-facilities/location/?id=674", "ADDRESS": "138 Lanyard Rd  ", "PostedDate": "2026-05-05T14:27:00", "AssetName": "Lanyard Park Tennis Court Drinking Fountain", "Reason": "None", "Comments": "None", "Status": "1" }, "geometry": { "type": "MultiPoint", "coordinates": [ [ -79.54859252, 43.74700484 ] ] } },
{ "type": "Feature", "properties": { "_id": 532, "ASSET_ID": 102096, "LOCATION": "Henrietta Park", "ALTERNATIVE_NAME": "Henrietta Park Drinking Water Station", "TYPE": "Bottle Filling Station, Drinking Fountain", "ACCESSIBLE_FEATURES": "None", "HOURS": "None", "LOCATION_DETAILS": "Located along the pathway, north of the playground.", "URL": "https://www.toronto.ca/explore-enjoy/parks-recreation/places-spaces/parks-and-recreation-facilities/location/?id=832", "ADDRESS": "1 Henrietta St  ", "PostedDate": "2026-05-05T10:44:28", "AssetName": "Henrietta Park Drinking Water Station", "Reason": "None", "Comments": "None", "Status": "1" }, "geometry": { "type": "MultiPoint", "coordinates": [ [ -79.48093766, 43.67135154 ] ] } },
{ "type": "Feature", "properties": { "_id": 533, "ASSET_ID": 2323, "LOCATION": "FALSTAFF PARK", "ALTERNATIVE_NAME": "Falstaff Park Drinking Fountain", "TYPE": "Drinking Fountain", "ACCESSIBLE_FEATURES": "None", "HOURS": "None", "LOCATION_DETAILS": "Located on the grassy area south of the basketball courts.", "URL": "https://www.toronto.ca/explore-enjoy/parks-recreation/places-spaces/parks-and-recreation-facilities/location/?id=129", "ADDRESS": "60 Felstead Ave  ", "PostedDate": "2026-05-05T10:19:30", "AssetName": "Falstaff Park Drinking Fountain", "Reason": "Technical Issue", "Comments": "None", "Status": "0" }, "geometry": { "type": "MultiPoint", "coordinates": [ [ -79.5028796, 43.71658783 ] ] } },
{ "type": "Feature", "properties": { "_id": 534, "ASSET_ID": 2321, "LOCATION": "Fennimore Park", "ALTERNATIVE_NAME": "Fennimore Park Playground Drinking Fountain", "TYPE": "Drinking Fountain", "ACCESSIBLE_FEATURES": "None", "HOURS": "None", "LOCATION_DETAILS": "Located on the pathway south of the playground.", "URL": "https://www.toronto.ca/explore-enjoy/parks-recreation/places-spaces/parks-and-recreation-facilities/location/?id=559", "ADDRESS": "78 Fennimore Cres  ", "PostedDate": "2026-05-05T10:19:04", "AssetName": "Fennimore Park Playground Drinking Fountain", "Reason": "None", "Comments": "None", "Status": "1" }, "geometry": { "type": "MultiPoint", "coordinates": [ [ -79.52189559, 43.74540504 ] ] } },
{ "type": "Feature", "properties": { "_id": 535, "ASSET_ID": 2605, "LOCATION": "St. Clements - Yonge Parkette", "ALTERNATIVE_NAME": "St. Clements - Yonge Parkette Drinking Fountain", "TYPE": "Drinking Fountain", "ACCESSIBLE_FEATURES": "None", "HOURS": "None", "LOCATION_DETAILS": "Located along the pathway on the west side of the park. ", "URL": "https://www.toronto.ca/explore-enjoy/parks-recreation/places-spaces/parks-and-recreation-facilities/location/?id=1104", "ADDRESS": "14 St Clements Ave  ", "PostedDate": "2026-05-05T09:52:28", "AssetName": "St. Clements - Yonge Parkette Drinking Fountain", "Reason": "Under Construction", "Comments": "Area is not accessible. ", "Status": "2" }, "geometry": { "type": "MultiPoint", "coordinates": [ [ -79.4000322, 43.71313592 ] ] } },
{ "type": "Feature", "properties": { "_id": 536, "ASSET_ID": 132557, "LOCATION": "Phin Park", "ALTERNATIVE_NAME": "Phin Park Wading Pool Drinking Fountain", "TYPE": "Drinking Fountain", "ACCESSIBLE_FEATURES": "None", "HOURS": "None", "LOCATION_DETAILS": "Located next to the wading pool.", "URL": "https://www.toronto.ca/explore-enjoy/parks-recreation/places-spaces/parks-and-recreation-facilities/location/?id=292", "ADDRESS": "115 Condor Ave", "PostedDate": "2026-05-05T06:19:21", "AssetName": "Phin Park Wading Pool Drinking Fountain", "Reason": "None", "Comments": "None", "Status": "1" }, "geometry": { "type": "MultiPoint", "coordinates": [ [ -79.33630357, 43.67755115 ] ] } },
{ "type": "Feature", "properties": { "_id": 537, "ASSET_ID": 2702, "LOCATION": "Perth Square Park", "ALTERNATIVE_NAME": "Perth Square Park Splash Pad Drinking Fountain", "TYPE": "Drinking Fountain", "ACCESSIBLE_FEATURES": "None", "HOURS": "None", "LOCATION_DETAILS": "Located next to the splash pad.", "URL": "https://www.toronto.ca/explore-enjoy/parks-recreation/places-spaces/parks-and-recreation-facilities/location/?id=284", "ADDRESS": "350 Perth Ave  ", "PostedDate": "2026-05-05T06:18:58", "AssetName": "Perth Square Park Splash Pad Drinking Fountain", "Reason": "None", "Comments": "None", "Status": "1" }, "geometry": { "type": "MultiPoint", "coordinates": [ [ -79.45214404, 43.6641332 ] ] } },
{ "type": "Feature", "properties": { "_id": 538, "ASSET_ID": 2701, "LOCATION": "Perth Square Park", "ALTERNATIVE_NAME": "Perth Square Park Drinking Fountain", "TYPE": "Drinking Fountain", "ACCESSIBLE_FEATURES": "None", "HOURS": "None", "LOCATION_DETAILS": "Located in the southeast corner of the park.", "URL": "https://www.toronto.ca/explore-enjoy/parks-recreation/places-spaces/parks-and-recreation-facilities/location/?id=284", "ADDRESS": "350 Perth Ave  ", "PostedDate": "2026-05-05T06:18:51", "AssetName": "Perth Square Park Drinking Fountain", "Reason": "None", "Comments": "None", "Status": "1" }, "geometry": { "type": "MultiPoint", "coordinates": [ [ -79.45182493, 43.66377444 ] ] } },
{ "type": "Feature", "properties": { "_id": 539, "ASSET_ID": 2703, "LOCATION": "Perth Avenue Parkette", "ALTERNATIVE_NAME": "Perth Avenue Parkette Drinking Fountain", "TYPE": "Drinking Fountain", "ACCESSIBLE_FEATURES": "None", "HOURS": "None", "LOCATION_DETAILS": "Located at the corner of Perth Avenue and Randolph Avenue.", "URL": "https://www.toronto.ca/explore-enjoy/parks-recreation/places-spaces/parks-and-recreation-facilities/location/?id=385", "ADDRESS": "160 Perth Ave  ", "PostedDate": "2026-05-05T06:18:43", "AssetName": "Perth Avenue Parkette Drinking Fountain", "Reason": "None", "Comments": "None", "Status": "1" }, "geometry": { "type": "MultiPoint", "coordinates": [ [ -79.44976749, 43.65880092 ] ] } },
{ "type": "Feature", "properties": { "_id": 540, "ASSET_ID": 102186, "LOCATION": "Parkview Gardens", "ALTERNATIVE_NAME": "Parkview Gardens Drinking Fountain", "TYPE": "Drinking Fountain", "ACCESSIBLE_FEATURES": "None", "HOURS": "None", "LOCATION_DETAILS": "Located on the southwest area of the park at the corner of St. Clair Avenue East and Sandra Road.", "URL": "https://www.toronto.ca/explore-enjoy/parks-recreation/places-spaces/parks-and-recreation-facilities/location/?id=2585", "ADDRESS": "4 Sandra Rd  ", "PostedDate": "2026-05-05T06:18:22", "AssetName": "Parkview Gardens Drinking Fountain", "Reason": "None", "Comments": "None", "Status": "1" }, "geometry": { "type": "MultiPoint", "coordinates": [ [ -79.31471581, 43.70488465 ] ] } },
{ "type": "Feature", "properties": { "_id": 541, "ASSET_ID": 2713, "LOCATION": "Orchard Park", "ALTERNATIVE_NAME": "Orchard Park Splash Pad Drinking Fountain", "TYPE": "Drinking Fountain", "ACCESSIBLE_FEATURES": "None", "HOURS": "None", "LOCATION_DETAILS": "Located next to the splash pad.", "URL": "https://www.toronto.ca/explore-enjoy/parks-recreation/places-spaces/parks-and-recreation-facilities/location/?id=115", "ADDRESS": "1987 Dundas St  E ", "PostedDate": "2026-05-05T06:18:02", "AssetName": "Orchard Park Splash Pad Drinking Fountain", "Reason": "None", "Comments": "None", "Status": "1" }, "geometry": { "type": "MultiPoint", "coordinates": [ [ -79.31365546, 43.66886341 ] ] } },
{ "type": "Feature", "properties": { "_id": 542, "ASSET_ID": 102050, "LOCATION": "Moorevale Park", "ALTERNATIVE_NAME": "Moorevale Park Tennis Club Bottle Filling Station", "TYPE": "Bottle Filling Station", "ACCESSIBLE_FEATURES": "None", "HOURS": "None", "LOCATION_DETAILS": "Located north of the tennis club washroom building.", "URL": "https://www.toronto.ca/explore-enjoy/parks-recreation/places-spaces/parks-and-recreation-facilities/location/?id=168", "ADDRESS": "175 Moore Ave  ", "PostedDate": "2026-05-05T06:17:18", "AssetName": "Moorevale Park Tennis Club Bottle Filling Station", "Reason": "None", "Comments": "None", "Status": "1" }, "geometry": { "type": "MultiPoint", "coordinates": [ [ -79.38221949, 43.69372746 ] ] } },
{ "type": "Feature", "properties": { "_id": 543, "ASSET_ID": 102187, "LOCATION": "Moorevale Park", "ALTERNATIVE_NAME": "Moorevale Park Playground Drinking Fountain", "TYPE": "Drinking Fountain", "ACCESSIBLE_FEATURES": "None", "HOURS": "None", "LOCATION_DETAILS": "Located north of the playground.", "URL": "https://www.toronto.ca/explore-enjoy/parks-recreation/places-spaces/parks-and-recreation-facilities/location/?id=168", "ADDRESS": "175 Moore Ave  ", "PostedDate": "2026-05-05T06:17:12", "AssetName": "Moorevale Park Playground Drinking Fountain", "Reason": "None", "Comments": "None", "Status": "1" }, "geometry": { "type": "MultiPoint", "coordinates": [ [ -79.38184486, 43.69384116 ] ] } },
{ "type": "Feature", "properties": { "_id": 544, "ASSET_ID": 2118, "LOCATION": "Moncur Playground", "ALTERNATIVE_NAME": "Moncur Playground Drinking Fountain", "TYPE": "Drinking Fountain", "ACCESSIBLE_FEATURES": "None", "HOURS": "None", "LOCATION_DETAILS": "Located at the entrance to the park from Lower Coxwell Avenue.", "URL": "https://www.toronto.ca/explore-enjoy/parks-recreation/places-spaces/parks-and-recreation-facilities/location/?id=146", "ADDRESS": "10 Gainsborough Rd  ", "PostedDate": "2026-05-05T06:16:56", "AssetName": "Moncur Playground Drinking Fountain", "Reason": "None", "Comments": "None", "Status": "1" }, "geometry": { "type": "MultiPoint", "coordinates": [ [ -79.31822782, 43.67078773 ] ] } },
{ "type": "Feature", "properties": { "_id": 545, "ASSET_ID": 18524, "LOCATION": "McCleary Playground", "ALTERNATIVE_NAME": "McCleary Park Playground Drinking Fountain", "TYPE": "Drinking Fountain", "ACCESSIBLE_FEATURES": "None", "HOURS": "None", "LOCATION_DETAILS": "Located in the southeast corner of the park, along Mc Gee Street.", "URL": "https://www.toronto.ca/explore-enjoy/parks-recreation/places-spaces/parks-and-recreation-facilities/location/?id=2466", "ADDRESS": "80 Mc Gee St  ", "PostedDate": "2026-05-05T06:15:28", "AssetName": "McCleary Park Playground Drinking Fountain", "Reason": "None", "Comments": "None", "Status": "1" }, "geometry": { "type": "MultiPoint", "coordinates": [ [ -79.34522422, 43.65912171 ] ] } },
{ "type": "Feature", "properties": { "_id": 546, "ASSET_ID": 2132, "LOCATION": "McCleary Park", "ALTERNATIVE_NAME": "McCleary Park Drinking Fountain", "TYPE": "Drinking Fountain", "ACCESSIBLE_FEATURES": "None", "HOURS": "None", "LOCATION_DETAILS": "Located east of the washroom building.", "URL": "https://www.toronto.ca/explore-enjoy/parks-recreation/places-spaces/parks-and-recreation-facilities/location/?id=379", "ADDRESS": "755 Lake Shore Blvd  E ", "PostedDate": "2026-05-05T06:15:21", "AssetName": "McCleary Park Drinking Fountain", "Reason": "None", "Comments": "None", "Status": "1" }, "geometry": { "type": "MultiPoint", "coordinates": [ [ -79.3405874, 43.65343525 ] ] } },
{ "type": "Feature", "properties": { "_id": 547, "ASSET_ID": 2486, "LOCATION": "Balmy Beach Park", "ALTERNATIVE_NAME": "Balmy Beach Park Silver Birch Boathouse Drinking Fountain", "TYPE": "Drinking Fountain", "ACCESSIBLE_FEATURES": "None", "HOURS": "None", "LOCATION_DETAILS": "Located on the east side of the Silver Birch Boathouse.", "URL": "https://www.toronto.ca/explore-enjoy/parks-recreation/places-spaces/parks-and-recreation-facilities/location/?id=427", "ADDRESS": "1 Beech Ave  ", "PostedDate": "2026-05-05T06:14:47", "AssetName": "Balmy Beach Park Silver Birch Boathouse Drinking Fountain", "Reason": "None", "Comments": "None", "Status": "1" }, "geometry": { "type": "MultiPoint", "coordinates": [ [ -79.28454146, 43.67034125 ] ] } },
{ "type": "Feature", "properties": { "_id": 548, "ASSET_ID": 102069, "LOCATION": "Balmy Beach Park", "ALTERNATIVE_NAME": "Balmy Beach Park MacLean Drinking Water Station", "TYPE": "Bottle Filling Station, Drinking Fountain", "ACCESSIBLE_FEATURES": "None", "HOURS": "None", "LOCATION_DETAILS": "Located on the Martin Goodman Trail at MacLean Avenue.", "URL": "https://www.toronto.ca/explore-enjoy/parks-recreation/places-spaces/parks-and-recreation-facilities/location/?id=427", "ADDRESS": "1 Beech Ave  ", "PostedDate": "2026-05-05T06:14:40", "AssetName": "Balmy Beach Park MacLean Drinking Water Station", "Reason": "None", "Comments": "None", "Status": "1" }, "geometry": { "type": "MultiPoint", "coordinates": [ [ -79.28975508, 43.668915 ] ] } },
{ "type": "Feature", "properties": { "_id": 549, "ASSET_ID": 102010, "LOCATION": "Balmy Beach Park", "ALTERNATIVE_NAME": "Balmy Beach Park Boardwalk Bottle Filling Station", "TYPE": "Bottle Filling Station", "ACCESSIBLE_FEATURES": "None", "HOURS": "None", "LOCATION_DETAILS": "Located next to the Boardwalk at the west end of the Silver Birch Boathouse.", "URL": "https://www.toronto.ca/explore-enjoy/parks-recreation/places-spaces/parks-and-recreation-facilities/location/?id=427", "ADDRESS": "1 Beech Ave  ", "PostedDate": "2026-05-05T06:14:26", "AssetName": "Balmy Beach Park Boardwalk Bottle Filling Station", "Reason": "None", "Comments": "None", "Status": "1" }, "geometry": { "type": "MultiPoint", "coordinates": [ [ -79.28478768, 43.67021972 ] ] } },
{ "type": "Feature", "properties": { "_id": 550, "ASSET_ID": 2708, "LOCATION": "Matty Eckler Playground", "ALTERNATIVE_NAME": "Matty Eckler Playground Wading Pool Bottle Filling Station", "TYPE": "Bottle Filling Station", "ACCESSIBLE_FEATURES": "None", "HOURS": "None", "LOCATION_DETAILS": "Located next to the wading pool.", "URL": "https://www.toronto.ca/explore-enjoy/parks-recreation/places-spaces/parks-and-recreation-facilities/location/?id=384", "ADDRESS": "953 Gerrard St  E ", "PostedDate": "2026-05-05T06:14:10", "AssetName": "Matty Eckler Playground Wading Pool Bottle Filling Station", "Reason": "None", "Comments": "None", "Status": "1" }, "geometry": { "type": "MultiPoint", "coordinates": [ [ -79.33855407, 43.66790094 ] ] } },
{ "type": "Feature", "properties": { "_id": 551, "ASSET_ID": 2134, "LOCATION": "Massey Harris Park", "ALTERNATIVE_NAME": "Massey Harris Park Drinking Water Station", "TYPE": "Drinking Fountain, Dog Fountain", "ACCESSIBLE_FEATURES": "None", "HOURS": "None", "LOCATION_DETAILS": "Located under the shade structure.", "URL": "https://www.toronto.ca/explore-enjoy/parks-recreation/places-spaces/parks-and-recreation-facilities/location/?id=455", "ADDRESS": "945 King St  W ", "PostedDate": "2026-05-05T06:13:54", "AssetName": "Massey Harris Park Drinking Water Station", "Reason": "None", "Comments": "None", "Status": "1" }, "geometry": { "type": "MultiPoint", "coordinates": [ [ -79.4134128, 43.64143464 ] ] } },
{ "type": "Feature", "properties": { "_id": 552, "ASSET_ID": 2135, "LOCATION": "Masaryk Park", "ALTERNATIVE_NAME": "Masaryk Park Wading Pool Drinking Fountain", "TYPE": "Drinking Fountain", "ACCESSIBLE_FEATURES": "None", "HOURS": "None", "LOCATION_DETAILS": "Located north of the wading pool.", "URL": "https://www.toronto.ca/explore-enjoy/parks-recreation/places-spaces/parks-and-recreation-facilities/location/?id=49", "ADDRESS": "212 Cowan Ave  ", "PostedDate": "2026-05-05T06:13:38", "AssetName": "Masaryk Park Wading Pool Drinking Fountain", "Reason": "None", "Comments": "None", "Status": "1" }, "geometry": { "type": "MultiPoint", "coordinates": [ [ -79.43288841, 43.64023048 ] ] } },
{ "type": "Feature", "properties": { "_id": 553, "ASSET_ID": 102131, "LOCATION": "Marilyn Bell Park", "ALTERNATIVE_NAME": "Marilyn Bell Park South Drinking Water Station", "TYPE": "Bottle Filling Station, Drinking Fountain", "ACCESSIBLE_FEATURES": "None", "HOURS": "None", "LOCATION_DETAILS": "Located on the south side of the park, midway along the north side of Aquatic Drive Trail.", "URL": "https://www.toronto.ca/explore-enjoy/parks-recreation/places-spaces/parks-and-recreation-facilities/location/?id=471", "ADDRESS": "1095 Lake Shore Blvd  W ", "PostedDate": "2026-05-05T06:13:23", "AssetName": "Marilyn Bell Park South Drinking Water Station", "Reason": "None", "Comments": "None", "Status": "1" }, "geometry": { "type": "MultiPoint", "coordinates": [ [ -79.43083159, 43.63043556 ] ] } },
{ "type": "Feature", "properties": { "_id": 554, "ASSET_ID": 2142, "LOCATION": "Marilyn Bell Park", "ALTERNATIVE_NAME": "Marilyn Bell Park North Drinking Water Station", "TYPE": "Drinking Fountain, Dog Fountain", "ACCESSIBLE_FEATURES": "None", "HOURS": "None", "LOCATION_DETAILS": "Located on the north side of the park, midway along the south side of Martin Goodman Trail.", "URL": "https://www.toronto.ca/explore-enjoy/parks-recreation/places-spaces/parks-and-recreation-facilities/location/?id=471", "ADDRESS": "1095 Lake Shore Blvd  W ", "PostedDate": "2026-05-05T06:13:15", "AssetName": "Marilyn Bell Park North Drinking Water Station", "Reason": "None", "Comments": "None", "Status": "1" }, "geometry": { "type": "MultiPoint", "coordinates": [ [ -79.43051334, 43.6312762 ] ] } },
{ "type": "Feature", "properties": { "_id": 555, "ASSET_ID": 102037, "LOCATION": "MacGregor Playground", "ALTERNATIVE_NAME": "MacGregor Playground Splash Pad Bottle Filling Station", "TYPE": "Bottle Filling Station, Drinking Fountain", "ACCESSIBLE_FEATURES": "None", "HOURS": "None", "LOCATION_DETAILS": "Located north of the splash pad along the pathway.", "URL": "https://www.toronto.ca/explore-enjoy/parks-recreation/places-spaces/parks-and-recreation-facilities/location/?id=378", "ADDRESS": "346 Lansdowne Ave  ", "PostedDate": "2026-05-05T06:12:51", "AssetName": "MacGregor Playground Splash Pad Bottle Filling Station", "Reason": "None", "Comments": "None", "Status": "1" }, "geometry": { "type": "MultiPoint", "coordinates": [ [ -79.44144495, 43.65337212 ] ] } },
{ "type": "Feature", "properties": { "_id": 556, "ASSET_ID": 116976, "LOCATION": "Love Park", "ALTERNATIVE_NAME": "Love Park Bottle Filling Station", "TYPE": "Bottle Filling Station", "ACCESSIBLE_FEATURES": "None", "HOURS": "None", "LOCATION_DETAILS": "Located south of the dog off-leash area.", "URL": "https://www.toronto.ca/explore-enjoy/parks-recreation/places-spaces/parks-and-recreation-facilities/location/?id=3799", "ADDRESS": "96 Queens Quay W", "PostedDate": "2026-05-05T06:12:24", "AssetName": "Love Park Bottle Filling Station", "Reason": "None", "Comments": "None", "Status": "1" }, "geometry": { "type": "MultiPoint", "coordinates": [ [ -79.37959323, 43.64101989 ] ] } },
{ "type": "Feature", "properties": { "_id": 557, "ASSET_ID": 102091, "LOCATION": "Logan Green Field", "ALTERNATIVE_NAME": "Logan Green Field Drinking Water Station", "TYPE": "Bottle Filling Station, Drinking Fountain", "ACCESSIBLE_FEATURES": "None", "HOURS": "None", "LOCATION_DETAILS": "Located on the southwest corner of the park along the pathway.", "URL": "https://www.toronto.ca/explore-enjoy/parks-recreation/places-spaces/parks-and-recreation-facilities/location/?id=3733", "ADDRESS": "921 Logan Ave   ", "PostedDate": "2026-05-05T06:12:06", "AssetName": "Logan Green Field Drinking Water Station", "Reason": "None", "Comments": "None", "Status": "1" }, "geometry": { "type": "MultiPoint", "coordinates": [ [ -79.3494954, 43.67876461 ] ] } },
{ "type": "Feature", "properties": { "_id": 558, "ASSET_ID": 2176, "LOCATION": "Liberty Village Park", "ALTERNATIVE_NAME": "Liberty Village Park Drinking Water Station", "TYPE": "Drinking Fountain, Dog Fountain", "ACCESSIBLE_FEATURES": "None", "HOURS": "None", "LOCATION_DETAILS": "Located west of the heritage building.", "URL": "https://www.toronto.ca/explore-enjoy/parks-recreation/places-spaces/parks-and-recreation-facilities/location/?id=1084", "ADDRESS": "70 East Liberty St  ", "PostedDate": "2026-05-05T06:11:27", "AssetName": "Liberty Village Park Drinking Water Station", "Reason": "None", "Comments": "None", "Status": "1" }, "geometry": { "type": "MultiPoint", "coordinates": [ [ -79.41460351, 43.63878039 ] ] } },
{ "type": "Feature", "properties": { "_id": 559, "ASSET_ID": 101876, "LOCATION": "Grand Avenue Park", "ALTERNATIVE_NAME": "Grand Avenue Park Bottle Filling Station", "TYPE": "Bottle Filling Station", "ACCESSIBLE_FEATURES": "None", "HOURS": "None", "LOCATION_DETAILS": "Located north of the playground and dog off-leash area along the pathway.", "URL": "https://www.toronto.ca/explore-enjoy/parks-recreation/places-spaces/parks-and-recreation-facilities/location/?id=1465", "ADDRESS": "1 Grand Ave", "PostedDate": "2026-05-04T11:16:40", "AssetName": "Grand Avenue Park Bottle Filling Station", "Reason": "None", "Comments": "None", "Status": "1" }, "geometry": { "type": "MultiPoint", "coordinates": [ [ -79.49104537, 43.62211628 ] ] } },
{ "type": "Feature", "properties": { "_id": 560, "ASSET_ID": 970147, "LOCATION": "Canon Jackson Park", "ALTERNATIVE_NAME": "Canon Jackson Splash Pad Drinking Water Station", "TYPE": "Bottle Filling Station, Drinking Fountain", "ACCESSIBLE_FEATURES": "None", "HOURS": "None", "LOCATION_DETAILS": "Located to the east of the splash pad south of the playground and shade structure.", "URL": "https://www.toronto.ca/explore-enjoy/parks-recreation/places-spaces/parks-and-recreation-facilities/location/?id=3791", "ADDRESS": "80 Canon Jackson Dr.", "PostedDate": "2026-05-04T11:04:24", "AssetName": "Canon Jackson Splash Pad Drinking Water Station", "Reason": "None", "Comments": "None", "Status": "1" }, "geometry": { "type": "MultiPoint", "coordinates": [ [ -79.47183907, 43.69823939 ] ] } },
{ "type": "Feature", "properties": { "_id": 561, "ASSET_ID": 2406, "LOCATION": "Cliff Lumsdon Park", "ALTERNATIVE_NAME": "Cliff Lumsdon Park Drinking Fountain", "TYPE": "Drinking Fountain", "ACCESSIBLE_FEATURES": "None", "HOURS": "None", "LOCATION_DETAILS": "Located on the pathway near the west end of the park.", "URL": "https://www.toronto.ca/explore-enjoy/parks-recreation/places-spaces/parks-and-recreation-facilities/location/?id=1451", "ADDRESS": "101 Lake Shore Dr  ", "PostedDate": "2026-05-04T11:03:10", "AssetName": "Cliff Lumsdon Park Drinking Fountain", "Reason": "None", "Comments": "None", "Status": "1" }, "geometry": { "type": "MultiPoint", "coordinates": [ [ -79.50211789, 43.59505344 ] ] } },
{ "type": "Feature", "properties": { "_id": 562, "ASSET_ID": 96703, "LOCATION": "Syd Cole Park", "ALTERNATIVE_NAME": "Syd Cole Park Playground Bottle Filling Station", "TYPE": "Bottle Filling Station", "ACCESSIBLE_FEATURES": "None", "HOURS": "None", "LOCATION_DETAILS": "Located east of the playground.", "URL": "https://www.toronto.ca/explore-enjoy/parks-recreation/places-spaces/parks-and-recreation-facilities/location/?id=3609", "ADDRESS": "60 Eastwood Park Gardens   ", "PostedDate": "2026-05-04T10:54:40", "AssetName": "Syd Cole Park Playground Bottle Filling Station", "Reason": "None", "Comments": "None", "Status": "1" }, "geometry": { "type": "MultiPoint", "coordinates": [ [ -79.53363979, 43.59577052 ] ] } },
{ "type": "Feature", "properties": { "_id": 563, "ASSET_ID": 2452, "LOCATION": "Upwood Greenbelt", "ALTERNATIVE_NAME": "Upwood Greenbelt Playground Drinking Fountain", "TYPE": "Drinking Fountain", "ACCESSIBLE_FEATURES": "None", "HOURS": "None", "LOCATION_DETAILS": "Located southwest of the playground on the east side of the pathway.", "URL": "https://www.toronto.ca/explore-enjoy/parks-recreation/places-spaces/parks-and-recreation-facilities/location/?id=769", "ADDRESS": "44 Marshlynn Ave  ", "PostedDate": "2026-05-04T10:52:34", "AssetName": "Upwood Greenbelt Playground Drinking Fountain", "Reason": "None", "Comments": "None", "Status": "1" }, "geometry": { "type": "MultiPoint", "coordinates": [ [ -79.50074348, 43.70503733 ] ] } },
{ "type": "Feature", "properties": { "_id": 564, "ASSET_ID": 102013, "LOCATION": "Beaches Park", "ALTERNATIVE_NAME": "Beaches Park Boathouse Bottle Filling Station", "TYPE": "Bottle Filling Station", "ACCESSIBLE_FEATURES": "None", "HOURS": "None", "LOCATION_DETAILS": "Located on the pathway between the Martin Goodman Trail and the boathouse.", "URL": "https://www.toronto.ca/explore-enjoy/parks-recreation/places-spaces/parks-and-recreation-facilities/location/?id=219", "ADDRESS": "2075 Queen St  E ", "PostedDate": "2026-05-04T06:37:45", "AssetName": "Beaches Park Boathouse Bottle Filling Station", "Reason": "None", "Comments": "None", "Status": "1" }, "geometry": { "type": "MultiPoint", "coordinates": [ [ -79.29621946, 43.66695891 ] ] } },
{ "type": "Feature", "properties": { "_id": 565, "ASSET_ID": 102199, "LOCATION": "Kay Gardner Beltline Park", "ALTERNATIVE_NAME": "Kay Gardner Beltline Park Mount Pleasant Road Drinking Water Station", "TYPE": "Drinking Fountain, Dog Fountain", "ACCESSIBLE_FEATURES": "None", "HOURS": "None", "LOCATION_DETAILS": "Located behind the Toronto Water building, west of Mount Pleasant Road.", "URL": "https://www.toronto.ca/explore-enjoy/parks-recreation/places-spaces/parks-and-recreation-facilities/location/?id=884", "ADDRESS": "378 Mount Pleasant Rd  ", "PostedDate": "2026-05-04T06:37:25", "AssetName": "Kay Gardner Beltline Park Mount Pleasant Road Drinking Water Station", "Reason": "None", "Comments": "None", "Status": "1" }, "geometry": { "type": "MultiPoint", "coordinates": [ [ -79.38765384, 43.69746631 ] ] } },
{ "type": "Feature", "properties": { "_id": 566, "ASSET_ID": 2208, "LOCATION": "Kay Gardner Beltline Park", "ALTERNATIVE_NAME": "Kay Gardner Beltline Park Marton Street Drinking Water Station", "TYPE": "Drinking Fountain, Dog Fountain", "ACCESSIBLE_FEATURES": "None", "HOURS": "None", "LOCATION_DETAILS": "Located at the entrance to the trail off the Marton Street laneway.", "URL": "https://www.toronto.ca/explore-enjoy/parks-recreation/places-spaces/parks-and-recreation-facilities/location/?id=884", "ADDRESS": "378 Mount Pleasant Rd  ", "PostedDate": "2026-05-04T06:37:18", "AssetName": "Kay Gardner Beltline Park Marton Street Drinking Water Station", "Reason": "None", "Comments": "None", "Status": "1" }, "geometry": { "type": "MultiPoint", "coordinates": [ [ -79.39496507, 43.6958048 ] ] } },
{ "type": "Feature", "properties": { "_id": 567, "ASSET_ID": 132559, "LOCATION": "June Callwood Park", "ALTERNATIVE_NAME": "June Callwood Park Drinking Water Station", "TYPE": "Bottle Filling Station, Drinking Fountain", "ACCESSIBLE_FEATURES": "None", "HOURS": "None", "LOCATION_DETAILS": "Located on the west side of the park south of Fort York Boulevard.", "URL": "https://www.toronto.ca/explore-enjoy/parks-recreation/places-spaces/parks-and-recreation-facilities/location/?id=2825", "ADDRESS": "636 Fleet St", "PostedDate": "2026-05-04T06:36:55", "AssetName": "June Callwood Park Drinking Water Station", "Reason": "None", "Comments": "None", "Status": "1" }, "geometry": { "type": "MultiPoint", "coordinates": [ [ -79.40411959, 43.63721516 ] ] } },
{ "type": "Feature", "properties": { "_id": 568, "ASSET_ID": 102248, "LOCATION": "Joseph Burr Tyrrell Park", "ALTERNATIVE_NAME": "Joseph Burr Tyrrell Park Playground Drinking Water Station", "TYPE": "Bottle Filling Station, Drinking Fountain", "ACCESSIBLE_FEATURES": "None", "HOURS": "None", "LOCATION_DETAILS": "Located next to the playground.", "URL": "https://www.toronto.ca/explore-enjoy/parks-recreation/places-spaces/parks-and-recreation-facilities/location/?id=1467", "ADDRESS": "10 Dalton Rd  ", "PostedDate": "2026-05-04T06:36:38", "AssetName": "Joseph Burr Tyrrell Park Playground Drinking Water Station", "Reason": "None", "Comments": "None", "Status": "1" }, "geometry": { "type": "MultiPoint", "coordinates": [ [ -79.40711683, 43.66670543 ] ] } },
{ "type": "Feature", "properties": { "_id": 569, "ASSET_ID": 102077, "LOCATION": "Jesse Ketchum Park", "ALTERNATIVE_NAME": "Jesse Ketchum Park Bottle Filling Station", "TYPE": "Bottle Filling Station", "ACCESSIBLE_FEATURES": "None", "HOURS": "None", "LOCATION_DETAILS": "Located next to the shade structure.", "URL": "https://www.toronto.ca/explore-enjoy/parks-recreation/places-spaces/parks-and-recreation-facilities/location/?id=375", "ADDRESS": "1310 Bay St  ", "PostedDate": "2026-05-04T06:36:22", "AssetName": "Jesse Ketchum Park Bottle Filling Station", "Reason": "None", "Comments": "None", "Status": "1" }, "geometry": { "type": "MultiPoint", "coordinates": [ [ -79.39095603, 43.67258171 ] ] } },
{ "type": "Feature", "properties": { "_id": 570, "ASSET_ID": 80209, "LOCATION": "Jean Sibelius Square", "ALTERNATIVE_NAME": "Jean Sibelius Square Drinking Fountain", "TYPE": "Drinking Fountain", "ACCESSIBLE_FEATURES": "None", "HOURS": "None", "LOCATION_DETAILS": "Located next to the fieldhouse building, northwest corner of the park.", "URL": "https://www.toronto.ca/explore-enjoy/parks-recreation/places-spaces/parks-and-recreation-facilities/location/?id=151", "ADDRESS": "50 Kendal Ave  ", "PostedDate": "2026-05-04T06:36:07", "AssetName": "Jean Sibelius Square Drinking Fountain", "Reason": "None", "Comments": "None", "Status": "1" }, "geometry": { "type": "MultiPoint", "coordinates": [ [ -79.40912004, 43.67160856 ] ] } },
{ "type": "Feature", "properties": { "_id": 571, "ASSET_ID": 79137, "LOCATION": "Irene Avenue Parkette", "ALTERNATIVE_NAME": "Irene Avenue Parkette Playground Drinking Fountain", "TYPE": "Drinking Fountain", "ACCESSIBLE_FEATURES": "None", "HOURS": "None", "LOCATION_DETAILS": "Located east of the playground.", "URL": "https://www.toronto.ca/explore-enjoy/parks-recreation/places-spaces/parks-and-recreation-facilities/location/?id=97", "ADDRESS": "760 Shaw St  ", "PostedDate": "2026-05-04T06:35:53", "AssetName": "Irene Avenue Parkette Playground Drinking Fountain", "Reason": "None", "Comments": "None", "Status": "1" }, "geometry": { "type": "MultiPoint", "coordinates": [ [ -79.42368556, 43.66292775 ] ] } },
{ "type": "Feature", "properties": { "_id": 572, "ASSET_ID": 102082, "LOCATION": "Huron Street Playground", "ALTERNATIVE_NAME": "Huron Street Playground Drinking Water Station", "TYPE": "Bottle Filling Station, Drinking Fountain, Dog Fountain", "ACCESSIBLE_FEATURES": "None", "HOURS": "None", "LOCATION_DETAILS": "Located near the entrance by Lowther Avenue and Huron Street.", "URL": "https://www.toronto.ca/explore-enjoy/parks-recreation/places-spaces/parks-and-recreation-facilities/location/?id=93", "ADDRESS": "495 Huron St  ", "PostedDate": "2026-05-04T06:35:34", "AssetName": "Huron Street Playground Drinking Water Station", "Reason": "None", "Comments": "None", "Status": "1" }, "geometry": { "type": "MultiPoint", "coordinates": [ [ -79.40217802, 43.6694045 ] ] } },
{ "type": "Feature", "properties": { "_id": 573, "ASSET_ID": 2148, "LOCATION": "HTO Park West", "ALTERNATIVE_NAME": "HTO Park West Drinking Fountain", "TYPE": "Drinking Fountain", "ACCESSIBLE_FEATURES": "None", "HOURS": "None", "LOCATION_DETAILS": "Located in the northeast corner of the park.", "URL": "https://www.toronto.ca/explore-enjoy/parks-recreation/places-spaces/parks-and-recreation-facilities/location/?id=2542", "ADDRESS": "375 Queens Quay W ", "PostedDate": "2026-05-04T06:35:16", "AssetName": "HTO Park West Drinking Fountain", "Reason": "None", "Comments": "None", "Status": "1" }, "geometry": { "type": "MultiPoint", "coordinates": [ [ -79.38997649, 43.63779781 ] ] } },
{ "type": "Feature", "properties": { "_id": 574, "ASSET_ID": 2238, "LOCATION": "HTO Park", "ALTERNATIVE_NAME": "HTO Park Drinking Fountain", "TYPE": "Drinking Fountain", "ACCESSIBLE_FEATURES": "None", "HOURS": "None", "LOCATION_DETAILS": "Located in the southeast corner of the park.", "URL": "https://www.toronto.ca/explore-enjoy/parks-recreation/places-spaces/parks-and-recreation-facilities/location/?id=1663", "ADDRESS": "339 Queens Quay W ", "PostedDate": "2026-05-04T06:35:09", "AssetName": "HTO Park Drinking Fountain", "Reason": "None", "Comments": "None", "Status": "1" }, "geometry": { "type": "MultiPoint", "coordinates": [ [ -79.38749104, 43.63774287 ] ] } },
{ "type": "Feature", "properties": { "_id": 575, "ASSET_ID": 102405, "LOCATION": "Hillsdale Avenue Park", "ALTERNATIVE_NAME": "Hillsdale Avenue Park Bottle Filling Station", "TYPE": "Bottle Filling Station", "ACCESSIBLE_FEATURES": "None", "HOURS": "None", "LOCATION_DETAILS": "Located on the south side of the park off of Hillsdale Avenue.", "URL": "https://www.toronto.ca/explore-enjoy/parks-recreation/places-spaces/parks-and-recreation-facilities/location/?id=3788", "ADDRESS": "33 Soundan Ave", "PostedDate": "2026-05-04T06:34:48", "AssetName": "Hillsdale Avenue Park Bottle Filling Station", "Reason": "None", "Comments": "None", "Status": "1" }, "geometry": { "type": "MultiPoint", "coordinates": [ [ -79.3965727, 43.70373913 ] ] } },
{ "type": "Feature", "properties": { "_id": 576, "ASSET_ID": 2288, "LOCATION": "Greenwood Park", "ALTERNATIVE_NAME": "Greenwood Park Splash Pad Drinking Fountain", "TYPE": "Drinking Fountain", "ACCESSIBLE_FEATURES": "None", "HOURS": "None", "LOCATION_DETAILS": "Located next to the splash pad.", "URL": "https://www.toronto.ca/explore-enjoy/parks-recreation/places-spaces/parks-and-recreation-facilities/location/?id=70", "ADDRESS": "150 Greenwood Ave  ", "PostedDate": "2026-05-04T06:34:31", "AssetName": "Greenwood Park Splash Pad Drinking Fountain", "Reason": "None", "Comments": "None", "Status": "1" }, "geometry": { "type": "MultiPoint", "coordinates": [ [ -79.32915323, 43.66963945 ] ] } },
{ "type": "Feature", "properties": { "_id": 577, "ASSET_ID": 132642, "LOCATION": "Greenwood Park", "ALTERNATIVE_NAME": "Greenwood Park Dog Off-Leash Area South Dog Fountain", "TYPE": "Dog Fountain", "ACCESSIBLE_FEATURES": "None", "HOURS": "None", "LOCATION_DETAILS": "Located at the southeast entrance of the dog off-leash area.", "URL": "https://www.toronto.ca/explore-enjoy/parks-recreation/places-spaces/parks-and-recreation-facilities/location/?id=70", "ADDRESS": "150 Greenwood Ave", "PostedDate": "2026-05-04T06:34:24", "AssetName": "Greenwood Park Dog Off-Leash Area South Dog Fountain", "Reason": "None", "Comments": "None", "Status": "1" }, "geometry": { "type": "MultiPoint", "coordinates": [ [ -79.32868659, 43.66769117 ] ] } },
{ "type": "Feature", "properties": { "_id": 578, "ASSET_ID": 78240, "LOCATION": "Greenwood Park", "ALTERNATIVE_NAME": "Greenwood Park Dog Off-Leash Area Dog Fountain", "TYPE": "Dog Fountain", "ACCESSIBLE_FEATURES": "None", "HOURS": "None", "LOCATION_DETAILS": "Located at the west entrance of the dog off-leash area.", "URL": "https://www.toronto.ca/explore-enjoy/parks-recreation/places-spaces/parks-and-recreation-facilities/location/?id=70", "ADDRESS": "150 Greenwood Ave  ", "PostedDate": "2026-05-04T06:34:17", "AssetName": "Greenwood Park Dog Off-Leash Area Dog Fountain", "Reason": "None", "Comments": "None", "Status": "1" }, "geometry": { "type": "MultiPoint", "coordinates": [ [ -79.32937271, 43.66788301 ] ] } },
{ "type": "Feature", "properties": { "_id": 579, "ASSET_ID": 2301, "LOCATION": "Gledhill Park", "ALTERNATIVE_NAME": "Gledhill Park Drinking Water Station", "TYPE": "Bottle Filling Station, Drinking Fountain", "ACCESSIBLE_FEATURES": "None", "HOURS": "None", "LOCATION_DETAILS": "Located next to the splash pad.", "URL": "https://www.toronto.ca/explore-enjoy/parks-recreation/places-spaces/parks-and-recreation-facilities/location/?id=2030", "ADDRESS": "125 Gledhill Ave  ", "PostedDate": "2026-05-04T06:34:00", "AssetName": "Gledhill Park Drinking Water Station", "Reason": "None", "Comments": "None", "Status": "1" }, "geometry": { "type": "MultiPoint", "coordinates": [ [ -79.30980294, 43.69092462 ] ] } },
{ "type": "Feature", "properties": { "_id": 580, "ASSET_ID": 102045, "LOCATION": "George Webster Park", "ALTERNATIVE_NAME": "George Webster Park Drinking Water Station", "TYPE": "Bottle Filling Station, Drinking Fountain", "ACCESSIBLE_FEATURES": "None", "HOURS": "None", "LOCATION_DETAILS": "Located between the spash pad and wading pool.", "URL": "https://www.toronto.ca/explore-enjoy/parks-recreation/places-spaces/parks-and-recreation-facilities/location/?id=426", "ADDRESS": "30 Chapman Ave  ", "PostedDate": "2026-05-04T06:33:39", "AssetName": "George Webster Park Drinking Water Station", "Reason": "None", "Comments": "None", "Status": "1" }, "geometry": { "type": "MultiPoint", "coordinates": [ [ -79.30084042, 43.70063439 ] ] } },
{ "type": "Feature", "properties": { "_id": 581, "ASSET_ID": 2322, "LOCATION": "Felstead Avenue Playground", "ALTERNATIVE_NAME": "Felstead Avenue Playground Drinking Fountain", "TYPE": "Drinking Fountain", "ACCESSIBLE_FEATURES": "None", "HOURS": "None", "LOCATION_DETAILS": "Located on the pathway north of the playground.", "URL": "https://www.toronto.ca/explore-enjoy/parks-recreation/places-spaces/parks-and-recreation-facilities/location/?id=129", "ADDRESS": "60 Felstead Ave  ", "PostedDate": "2026-05-04T06:33:24", "AssetName": "Felstead Avenue Playground Drinking Fountain", "Reason": "None", "Comments": "None", "Status": "1" }, "geometry": { "type": "MultiPoint", "coordinates": [ [ -79.32974202, 43.68026431 ] ] } },
{ "type": "Feature", "properties": { "_id": 582, "ASSET_ID": 2329, "LOCATION": "Erwin Krickhahn Park", "ALTERNATIVE_NAME": "Erwin Krickhahn Park Bottle Filling Station", "TYPE": "Bottle Filling Station", "ACCESSIBLE_FEATURES": "None", "HOURS": "None", "LOCATION_DETAILS": "Located on the pathway south of the playground.", "URL": "https://www.toronto.ca/explore-enjoy/parks-recreation/places-spaces/parks-and-recreation-facilities/location/?id=2554", "ADDRESS": "121 Rankin Cres  ", "PostedDate": "2026-05-04T06:33:08", "AssetName": "Erwin Krickhahn Park Bottle Filling Station", "Reason": "None", "Comments": "None", "Status": "1" }, "geometry": { "type": "MultiPoint", "coordinates": [ [ -79.44615105, 43.65898923 ] ] } },
{ "type": "Feature", "properties": { "_id": 583, "ASSET_ID": 2357, "LOCATION": "Dufferin Grove Park", "ALTERNATIVE_NAME": "Dufferin Grove Park Wading Pool Drinking Fountain", "TYPE": "Drinking Fountain", "ACCESSIBLE_FEATURES": "None", "HOURS": "None", "LOCATION_DETAILS": "Located on the pathway south of the wading pool.", "URL": "https://www.toronto.ca/explore-enjoy/parks-recreation/places-spaces/parks-and-recreation-facilities/location/?id=87", "ADDRESS": "875 Dufferin St  ", "PostedDate": "2026-05-04T06:32:50", "AssetName": "Dufferin Grove Park Wading Pool Drinking Fountain", "Reason": "None", "Comments": "None", "Status": "1" }, "geometry": { "type": "MultiPoint", "coordinates": [ [ -79.43175403, 43.65565829 ] ] } },
{ "type": "Feature", "properties": { "_id": 584, "ASSET_ID": 2358, "LOCATION": "Dufferin Grove Park", "ALTERNATIVE_NAME": "Dufferin Grove Park Sports Field Drinking Fountain", "TYPE": "Drinking Fountain", "ACCESSIBLE_FEATURES": "None", "HOURS": "None", "LOCATION_DETAILS": "Located on north side of the washroom building beside the sports field.", "URL": "https://www.toronto.ca/explore-enjoy/parks-recreation/places-spaces/parks-and-recreation-facilities/location/?id=87", "ADDRESS": "875 Dufferin St  ", "PostedDate": "2026-05-04T06:32:43", "AssetName": "Dufferin Grove Park Sports Field Drinking Fountain", "Reason": "None", "Comments": "None", "Status": "1" }, "geometry": { "type": "MultiPoint", "coordinates": [ [ -79.43226473, 43.65709265 ] ] } },
{ "type": "Feature", "properties": { "_id": 585, "ASSET_ID": 102261, "LOCATION": "Diamond Jubilee Promenade", "ALTERNATIVE_NAME": "Diamond Jubilee Promenade Drinking Fountain", "TYPE": "Drinking Fountain", "ACCESSIBLE_FEATURES": "None", "HOURS": "None", "LOCATION_DETAILS": "Located along the sidewalk on the east side of  Tannery Road.", "URL": "https://www.toronto.ca/explore-enjoy/parks-recreation/places-spaces/parks-and-recreation-facilities/location/?id=3584", "ADDRESS": "475 Front St  E ", "PostedDate": "2026-05-04T06:31:21", "AssetName": "Diamond Jubilee Promenade Drinking Fountain", "Reason": "None", "Comments": "None", "Status": "1" }, "geometry": { "type": "MultiPoint", "coordinates": [ [ -79.35478388, 43.65353289 ] ] } },
{ "type": "Feature", "properties": { "_id": 586, "ASSET_ID": 102262, "LOCATION": "Diamond Jubilee Promenade", "ALTERNATIVE_NAME": "Diamond Jubilee Promenade Drinking Fountain", "TYPE": "Drinking Fountain", "ACCESSIBLE_FEATURES": "None", "HOURS": "None", "LOCATION_DETAILS": "Located along the sidewalk on the east side of  Rolling Mills Road.", "URL": "https://www.toronto.ca/explore-enjoy/parks-recreation/places-spaces/parks-and-recreation-facilities/location/?id=3584", "ADDRESS": "475 Front St  E ", "PostedDate": "2026-05-04T06:31:13", "AssetName": "Diamond Jubilee Promenade Drinking Fountain", "Reason": "None", "Comments": "None", "Status": "1" }, "geometry": { "type": "MultiPoint", "coordinates": [ [ -79.35575897, 43.65330484 ] ] } },
{ "type": "Feature", "properties": { "_id": 587, "ASSET_ID": 102263, "LOCATION": "Diamond Jubilee Promenade", "ALTERNATIVE_NAME": "Diamond Jubilee Promenade Drinking Fountain", "TYPE": "Drinking Fountain", "ACCESSIBLE_FEATURES": "None", "HOURS": "None", "LOCATION_DETAILS": "Located along the sidewalk on the east side of  Cooperage Street.", "URL": "https://www.toronto.ca/explore-enjoy/parks-recreation/places-spaces/parks-and-recreation-facilities/location/?id=3584", "ADDRESS": "475 Front St  E ", "PostedDate": "2026-05-04T06:31:05", "AssetName": "Diamond Jubilee Promenade Drinking Fountain", "Reason": "None", "Comments": "None", "Status": "1" }, "geometry": { "type": "MultiPoint", "coordinates": [ [ -79.35672602, 43.65308185 ] ] } },
{ "type": "Feature", "properties": { "_id": 588, "ASSET_ID": 2389, "LOCATION": "Cosburn Park", "ALTERNATIVE_NAME": "Cosburn Park Bowling Green Drinking Fountain", "TYPE": "Drinking Fountain", "ACCESSIBLE_FEATURES": "None", "HOURS": "None", "LOCATION_DETAILS": "Located between the lawn bowling and tennis club buildings, inside the bowling greens.", "URL": "https://www.toronto.ca/explore-enjoy/parks-recreation/places-spaces/parks-and-recreation-facilities/location/?id=2568", "ADDRESS": "115 Roosevelt Rd  ", "PostedDate": "2026-05-04T06:30:46", "AssetName": "Cosburn Park Bowling Green Drinking Fountain", "Reason": "None", "Comments": "None", "Status": "1" }, "geometry": { "type": "MultiPoint", "coordinates": [ [ -79.33039303, 43.69308529 ] ] } },
{ "type": "Feature", "properties": { "_id": 589, "ASSET_ID": 102016, "LOCATION": "College Park", "ALTERNATIVE_NAME": "College Park Bottle Filling Station", "TYPE": "Bottle Filling Station", "ACCESSIBLE_FEATURES": "None", "HOURS": "None", "LOCATION_DETAILS": "Located next to the Barbara Ann Scott outdoor rink building.", "URL": "https://www.toronto.ca/explore-enjoy/parks-recreation/places-spaces/parks-and-recreation-facilities/location/?id=223", "ADDRESS": "420 Yonge St  ", "PostedDate": "2026-05-04T06:30:23", "AssetName": "College Park Bottle Filling Station", "Reason": "None", "Comments": "None", "Status": "1" }, "geometry": { "type": "MultiPoint", "coordinates": [ [ -79.38358943, 43.65982995 ] ] } },
{ "type": "Feature", "properties": { "_id": 590, "ASSET_ID": 102021, "LOCATION": "Coleman Park", "ALTERNATIVE_NAME": "Coleman Park Wading Pool Drinking Fountain", "TYPE": "Drinking Fountain", "ACCESSIBLE_FEATURES": "None", "HOURS": "None", "LOCATION_DETAILS": "Located on the pathway at the north side of the wading pool.", "URL": "https://www.toronto.ca/explore-enjoy/parks-recreation/places-spaces/parks-and-recreation-facilities/location/?id=220", "ADDRESS": "19 Coleman Ave  ", "PostedDate": "2026-05-04T06:30:09", "AssetName": "Coleman Park Wading Pool Drinking Fountain", "Reason": "None", "Comments": "None", "Status": "1" }, "geometry": { "type": "MultiPoint", "coordinates": [ [ -79.30009388, 43.68930783 ] ] } },
{ "type": "Feature", "properties": { "_id": 591, "ASSET_ID": 78976, "LOCATION": "Clover Hill Park", "ALTERNATIVE_NAME": "Clover Hill Park Bottle Filling Station", "TYPE": "Bottle Filling Station", "ACCESSIBLE_FEATURES": "None", "HOURS": "None", "LOCATION_DETAILS": "Located on the pathway north of the splash pad.", "URL": "https://www.toronto.ca/explore-enjoy/parks-recreation/places-spaces/parks-and-recreation-facilities/location/?id=3697", "ADDRESS": "50 St. Joseph St.   ", "PostedDate": "2026-05-04T06:29:54", "AssetName": "Clover Hill Park Bottle Filling Station", "Reason": "None", "Comments": "None", "Status": "1" }, "geometry": { "type": "MultiPoint", "coordinates": [ [ -79.38838684, 43.66627072 ] ] } },
{ "type": "Feature", "properties": { "_id": 592, "ASSET_ID": 2404, "LOCATION": "Close Avenue Parkette", "ALTERNATIVE_NAME": "Close Avenue Parkette Bottle Filling Station", "TYPE": "Bottle Filling Station", "ACCESSIBLE_FEATURES": "None", "HOURS": "None", "LOCATION_DETAILS": "Located on the north side of the wading pool.", "URL": "https://www.toronto.ca/explore-enjoy/parks-recreation/places-spaces/parks-and-recreation-facilities/location/?id=211", "ADDRESS": "116 Close Ave  ", "PostedDate": "2026-05-04T06:29:37", "AssetName": "Close Avenue Parkette Bottle Filling Station", "Reason": "None", "Comments": "None", "Status": "1" }, "geometry": { "type": "MultiPoint", "coordinates": [ [ -79.43488364, 43.63703889 ] ] } },
{ "type": "Feature", "properties": { "_id": 593, "ASSET_ID": 2432, "LOCATION": "Cedarvale Park", "ALTERNATIVE_NAME": "Cedarvale Park Tennis Court Drinking Water Station", "TYPE": "Drinking Fountain, Dog Fountain", "ACCESSIBLE_FEATURES": "None", "HOURS": "None", "LOCATION_DETAILS": "Located on the pathway at the west side of the tennis courts.", "URL": "https://www.toronto.ca/explore-enjoy/parks-recreation/places-spaces/parks-and-recreation-facilities/location/?id=629", "ADDRESS": "443 Arlington Ave  ", "PostedDate": "2026-05-04T06:28:51", "AssetName": "Cedarvale Park Tennis Court Drinking Water Station", "Reason": "None", "Comments": "None", "Status": "1" }, "geometry": { "type": "MultiPoint", "coordinates": [ [ -79.43242818, 43.6927999 ] ] } },
{ "type": "Feature", "properties": { "_id": 594, "ASSET_ID": 78151, "LOCATION": "Cedarvale Park", "ALTERNATIVE_NAME": "Cedarvale Park Dog Off-Leash Area Drinking Water Station", "TYPE": "Drinking Fountain, Dog Fountain", "ACCESSIBLE_FEATURES": "None", "HOURS": "None", "LOCATION_DETAILS": "Located inside the dog off-leash area just north of the west gate.", "URL": "https://www.toronto.ca/explore-enjoy/parks-recreation/places-spaces/parks-and-recreation-facilities/location/?id=629", "ADDRESS": "443 Arlington Ave  ", "PostedDate": "2026-05-04T06:28:43", "AssetName": "Cedarvale Park Dog Off-Leash Area Drinking Water Station", "Reason": "None", "Comments": "None", "Status": "1" }, "geometry": { "type": "MultiPoint", "coordinates": [ [ -79.429654, 43.69202577 ] ] } },
{ "type": "Feature", "properties": { "_id": 595, "ASSET_ID": 78119, "LOCATION": "Cedarvale Park", "ALTERNATIVE_NAME": "Cedarvale Park Bottle Filling Station", "TYPE": "Bottle Filling Station", "ACCESSIBLE_FEATURES": "None", "HOURS": "None", "LOCATION_DETAILS": "Located on the pathway north of the west gate into the dog off-leash area.", "URL": "https://www.toronto.ca/explore-enjoy/parks-recreation/places-spaces/parks-and-recreation-facilities/location/?id=629", "ADDRESS": "443 Arlington Ave  ", "PostedDate": "2026-05-04T06:28:36", "AssetName": "Cedarvale Park Bottle Filling Station", "Reason": "None", "Comments": "None", "Status": "1" }, "geometry": { "type": "MultiPoint", "coordinates": [ [ -79.42971036, 43.69202406 ] ] } },
{ "type": "Feature", "properties": { "_id": 596, "ASSET_ID": 2658, "LOCATION": "Prince Edward Viaduct Parkette", "ALTERNATIVE_NAME": "Prince Edward Viaduct Parkette Drinking Fountain", "TYPE": "Drinking Fountain", "ACCESSIBLE_FEATURES": "None", "HOURS": "None", "LOCATION_DETAILS": "Located along the west side of the parkette.", "URL": "https://www.toronto.ca/explore-enjoy/parks-recreation/places-spaces/parks-and-recreation-facilities/location/?id=318", "ADDRESS": "725 Bloor St  E ", "PostedDate": "2026-05-04T06:27:46", "AssetName": "Prince Edward Viaduct Parkette Drinking Fountain", "Reason": "None", "Comments": "None", "Status": "1" }, "geometry": { "type": "MultiPoint", "coordinates": [ [ -79.36830608, 43.67433325 ] ] } },
{ "type": "Feature", "properties": { "_id": 597, "ASSET_ID": 2438, "LOCATION": "Cassels Avenue Playground", "ALTERNATIVE_NAME": "Cassels Avenue Playground Drinking Fountain", "TYPE": "Drinking Fountain", "ACCESSIBLE_FEATURES": "None", "HOURS": "None", "LOCATION_DETAILS": "Located at the south side of the splash pad. ", "URL": "https://www.toronto.ca/explore-enjoy/parks-recreation/places-spaces/parks-and-recreation-facilities/location/?id=157", "ADDRESS": "69 Cassels Ave  ", "PostedDate": "2026-05-04T06:27:21", "AssetName": "Cassels Avenue Playground Drinking Fountain", "Reason": "None", "Comments": "None", "Status": "1" }, "geometry": { "type": "MultiPoint", "coordinates": [ [ -79.30668354, 43.67995139 ] ] } },
{ "type": "Feature", "properties": { "_id": 598, "ASSET_ID": 79139, "LOCATION": "Spadina Park", "ALTERNATIVE_NAME": "Spadina Park Drinking Water Station", "TYPE": "Bottle Filling Station, Drinking Fountain", "ACCESSIBLE_FEATURES": "None", "HOURS": "None", "LOCATION_DETAILS": "Located on the south end of the park before the stairs coming off Davenport Road entrance. ", "URL": "https://www.toronto.ca/explore-enjoy/parks-recreation/places-spaces/parks-and-recreation-facilities/location/?id=2723", "ADDRESS": "486 Davenport Rd  ", "PostedDate": "2026-05-04T06:26:40", "AssetName": "Spadina Park Drinking Water Station", "Reason": "None", "Comments": "None", "Status": "1" }, "geometry": { "type": "MultiPoint", "coordinates": [ [ -79.40828063, 43.67790085 ] ] } },
{ "type": "Feature", "properties": { "_id": 599, "ASSET_ID": 2442, "LOCATION": "Canoe Landing Park", "ALTERNATIVE_NAME": "Canoe Landing Park Drinking Fountain", "TYPE": "Drinking Fountain", "ACCESSIBLE_FEATURES": "None", "HOURS": "None", "LOCATION_DETAILS": "Located on the pathway north of the sports field and east of the playground.", "URL": "https://www.toronto.ca/explore-enjoy/parks-recreation/places-spaces/parks-and-recreation-facilities/location/?id=2708", "ADDRESS": "95 Fort York Blvd  ", "PostedDate": "2026-05-04T06:26:19", "AssetName": "Canoe Landing Park Drinking Fountain", "Reason": "None", "Comments": "None", "Status": "1" }, "geometry": { "type": "MultiPoint", "coordinates": [ [ -79.39645661, 43.63912777 ] ] } },
{ "type": "Feature", "properties": { "_id": 600, "ASSET_ID": 2445, "LOCATION": "Campbell Avenue Park", "ALTERNATIVE_NAME": "Campbell Avenue Park Drinking Fountain", "TYPE": "Drinking Fountain", "ACCESSIBLE_FEATURES": "None", "HOURS": "None", "LOCATION_DETAILS": "Located on the west side of the wading pool. ", "URL": "https://www.toronto.ca/explore-enjoy/parks-recreation/places-spaces/parks-and-recreation-facilities/location/?id=1053", "ADDRESS": "225 Campbell Ave  ", "PostedDate": "2026-05-04T06:26:06", "AssetName": "Campbell Avenue Playground Drinking Fountain", "Reason": "None", "Comments": "None", "Status": "1" }, "geometry": { "type": "MultiPoint", "coordinates": [ [ -79.44873637, 43.66329898 ] ] } },
{ "type": "Feature", "properties": { "_id": 601, "ASSET_ID": 2449, "LOCATION": "Budapest Park", "ALTERNATIVE_NAME": "Budapest Park Wading Pool Drinking Fountain", "TYPE": "Drinking Fountain", "ACCESSIBLE_FEATURES": "None", "HOURS": "None", "LOCATION_DETAILS": "Located on the north side of the wading pool.", "URL": "https://www.toronto.ca/explore-enjoy/parks-recreation/places-spaces/parks-and-recreation-facilities/location/?id=335", "ADDRESS": "1575 Lake Shore Blvd  W ", "PostedDate": "2026-05-04T06:25:44", "AssetName": "Budapest Park Wading Pool Drinking Fountain", "Reason": "None", "Comments": "None", "Status": "1" }, "geometry": { "type": "MultiPoint", "coordinates": [ [ -79.45299299, 43.63743955 ] ] } },
{ "type": "Feature", "properties": { "_id": 602, "ASSET_ID": 102127, "LOCATION": "Budapest Park", "ALTERNATIVE_NAME": "Budapest Park East Drinking Water Station", "TYPE": "Bottle Filling Station, Drinking Fountain", "ACCESSIBLE_FEATURES": "None", "HOURS": "None", "LOCATION_DETAILS": "Located at the east end of the park on the Martin Goodman Trail opposite from the pedestrian bridge over the highway. ", "URL": "https://www.toronto.ca/explore-enjoy/parks-recreation/places-spaces/parks-and-recreation-facilities/location/?id=335", "ADDRESS": "1575 Lake Shore Blvd  W ", "PostedDate": "2026-05-04T06:25:35", "AssetName": "Budapest Park East Drinking Water Station", "Reason": "None", "Comments": "None", "Status": "1" }, "geometry": { "type": "MultiPoint", "coordinates": [ [ -79.44762289, 43.63687158 ] ] } },
{ "type": "Feature", "properties": { "_id": 603, "ASSET_ID": 79245, "LOCATION": "Bellevue Square Park", "ALTERNATIVE_NAME": "Bellevue Square Park Drinking Water Station", "TYPE": "Bottle Filling Station, Drinking Fountain", "ACCESSIBLE_FEATURES": "None", "HOURS": "None", "LOCATION_DETAILS": "Located on the pathway at the west end of the playground.", "URL": "https://www.toronto.ca/explore-enjoy/parks-recreation/places-spaces/parks-and-recreation-facilities/location/?id=263", "ADDRESS": "5 Bellevue Ave  ", "PostedDate": "2026-05-04T06:25:06", "AssetName": "Bellevue Square Park Drinking Water Station", "Reason": "None", "Comments": "None", "Status": "1" }, "geometry": { "type": "MultiPoint", "coordinates": [ [ -79.40272571, 43.65346048 ] ] } },
{ "type": "Feature", "properties": { "_id": 604, "ASSET_ID": 102160, "LOCATION": "Art Eggleton Park", "ALTERNATIVE_NAME": "Art Eggleton Park Drinking Water Station", "TYPE": "Drinking Fountain, Dog Fountain", "ACCESSIBLE_FEATURES": "None", "HOURS": "None", "LOCATION_DETAILS": "Located next to wading pool.", "URL": "https://www.toronto.ca/explore-enjoy/parks-recreation/places-spaces/parks-and-recreation-facilities/location/?id=73", "ADDRESS": "323 Harbord St  ", "PostedDate": "2026-05-04T06:24:48", "AssetName": "Art Eggleton Park Drinking Water Station", "Reason": "None", "Comments": "None", "Status": "1" }, "geometry": { "type": "MultiPoint", "coordinates": [ [ -79.41836545, 43.65906229 ] ] } },
{ "type": "Feature", "properties": { "_id": 605, "ASSET_ID": 2494, "LOCATION": "Anniversary Park", "ALTERNATIVE_NAME": "Anniversary Park Drinking Fountain", "TYPE": "Drinking Fountain", "ACCESSIBLE_FEATURES": "None", "HOURS": "None", "LOCATION_DETAILS": "Located on the pathway behind the transit shelter.", "URL": "https://www.toronto.ca/explore-enjoy/parks-recreation/places-spaces/parks-and-recreation-facilities/location/?id=57", "ADDRESS": "410 Parliament St  ", "PostedDate": "2026-05-04T06:24:27", "AssetName": "Anniversary Park Drinking Fountain", "Reason": "None", "Comments": "None", "Status": "1" }, "geometry": { "type": "MultiPoint", "coordinates": [ [ -79.36728905, 43.66211936 ] ] } },
{ "type": "Feature", "properties": { "_id": 606, "ASSET_ID": 2745, "LOCATION": "Alexander The Great Parkette", "ALTERNATIVE_NAME": "Alexander the Great Parkette Drinking Fountain", "TYPE": "Drinking Fountain", "ACCESSIBLE_FEATURES": "None", "HOURS": "None", "LOCATION_DETAILS": "Located at the south end of the park near the corner of Logan Avenue and Danforth Avenue.", "URL": "https://www.toronto.ca/explore-enjoy/parks-recreation/places-spaces/parks-and-recreation-facilities/location/?id=2732", "ADDRESS": " Logan Ave  ", "PostedDate": "2026-05-04T06:23:48", "AssetName": "Alexander the Great Parkette Drinking Fountain", "Reason": "None", "Comments": "None", "Status": "1" }, "geometry": { "type": "MultiPoint", "coordinates": [ [ -79.34947102, 43.67820984 ] ] } },
{ "type": "Feature", "properties": { "_id": 607, "ASSET_ID": 70962, "LOCATION": "Alexandra Park", "ALTERNATIVE_NAME": "Alexandra Park Bottle Filling Station", "TYPE": "Bottle Filling Station", "ACCESSIBLE_FEATURES": "None", "HOURS": "None", "LOCATION_DETAILS": "Located at the south end of the splash pad.", "URL": "https://www.toronto.ca/explore-enjoy/parks-recreation/places-spaces/parks-and-recreation-facilities/location/?id=31", "ADDRESS": "275 Bathurst St  ", "PostedDate": "2026-05-04T06:23:09", "AssetName": "Alexandra Park Bottle Filling Station", "Reason": "None", "Comments": "None", "Status": "1" }, "geometry": { "type": "MultiPoint", "coordinates": [ [ -79.40381478, 43.65070643 ] ] } },
{ "type": "Feature", "properties": { "_id": 608, "ASSET_ID": 2504, "LOCATION": "Alexander Street Parkette", "ALTERNATIVE_NAME": "Alexander Street Parkette Drinking Fountain", "TYPE": "Drinking Fountain", "ACCESSIBLE_FEATURES": "None", "HOURS": "None", "LOCATION_DETAILS": "Located on the west pathway near Alexander Street.", "URL": "https://www.toronto.ca/explore-enjoy/parks-recreation/places-spaces/parks-and-recreation-facilities/location/?id=20", "ADDRESS": "16 Alexander St  ", "PostedDate": "2026-05-04T06:22:52", "AssetName": "Alexander Street Parkette Drinking Fountain", "Reason": "None", "Comments": "None", "Status": "1" }, "geometry": { "type": "MultiPoint", "coordinates": [ [ -79.38278715, 43.66321869 ] ] } },
{ "type": "Feature", "properties": { "_id": 609, "ASSET_ID": 2326, "LOCATION": "Fairfield Park", "ALTERNATIVE_NAME": "Fairfield Park Drinking Fountain", "TYPE": "Drinking Fountain", "ACCESSIBLE_FEATURES": "None", "HOURS": "None", "LOCATION_DETAILS": "Located on the south side of the pathway 45 metres from the Islington Avenue park entrance.", "URL": "https://www.toronto.ca/explore-enjoy/parks-recreation/places-spaces/parks-and-recreation-facilities/location/?id=1882", "ADDRESS": "90 Lothian Ave  ", "PostedDate": "2026-05-01T09:47:53", "AssetName": "Fairfield Park Drinking Fountain", "Reason": "None", "Comments": "None", "Status": "1" }, "geometry": { "type": "MultiPoint", "coordinates": [ [ -79.51998102, 43.63813441 ] ] } },
{ "type": "Feature", "properties": { "_id": 610, "ASSET_ID": 116979, "LOCATION": "Westlake Park", "ALTERNATIVE_NAME": "Westlake Park Playground Drinking Water Station", "TYPE": "Bottle Filling Station, Drinking Fountain, Dog Fountain", "ACCESSIBLE_FEATURES": "None", "HOURS": "None", "LOCATION_DETAILS": "Located northeast of the playground along the pathway.", "URL": "https://www.toronto.ca/explore-enjoy/parks-recreation/places-spaces/parks-and-recreation-facilities/location/?id=713", "ADDRESS": "86 Jasper Ave", "PostedDate": "2026-05-01T07:39:45", "AssetName": "Westlake Park Drinking Water Station", "Reason": "None", "Comments": "None", "Status": "1" }, "geometry": { "type": "MultiPoint", "coordinates": [ [ -79.48617175, 43.68205788 ] ] } },
{ "type": "Feature", "properties": { "_id": 611, "ASSET_ID": 2381, "LOCATION": "Cruickshank Park", "ALTERNATIVE_NAME": "Cruickshank Park Drinking Fountain", "TYPE": "Drinking Fountain", "ACCESSIBLE_FEATURES": "None", "HOURS": "None", "LOCATION_DETAILS": "Located on the grassy area near the pathway west of the playground.", "URL": "https://www.toronto.ca/explore-enjoy/parks-recreation/places-spaces/parks-and-recreation-facilities/location/?id=611", "ADDRESS": "2196 Weston Rd  ", "PostedDate": "2026-05-01T07:19:13", "AssetName": "Cruickshank Park Drinking Fountain", "Reason": "None", "Comments": "None", "Status": "1" }, "geometry": { "type": "MultiPoint", "coordinates": [ [ -79.52576547, 43.70240808 ] ] } },
{ "type": "Feature", "properties": { "_id": 612, "ASSET_ID": 2520, "LOCATION": "Trethewey Park West", "ALTERNATIVE_NAME": "Trethewey Park West Playground Drinking Fountain", "TYPE": "Drinking Fountain", "ACCESSIBLE_FEATURES": "None", "HOURS": "None", "LOCATION_DETAILS": "Located east of the playground on the south side of the pathway. ", "URL": "https://www.toronto.ca/explore-enjoy/parks-recreation/places-spaces/parks-and-recreation-facilities/location/?id=241", "ADDRESS": "790 Queen St  W ", "PostedDate": "2026-05-01T07:18:33", "AssetName": "Trethewey Park West Playground Drinking Fountain", "Reason": "None", "Comments": "None", "Status": "1" }, "geometry": { "type": "MultiPoint", "coordinates": [ [ -79.49853546, 43.69678103 ] ] } },
{ "type": "Feature", "properties": { "_id": 613, "ASSET_ID": 2426, "LOCATION": "Charles Brereton Park", "ALTERNATIVE_NAME": "Charles Brereton Park Drinking Fountain", "TYPE": "Drinking Fountain", "ACCESSIBLE_FEATURES": "None", "HOURS": "None", "LOCATION_DETAILS": "Located on the pathway at the west end of the park.", "URL": "https://www.toronto.ca/explore-enjoy/parks-recreation/places-spaces/parks-and-recreation-facilities/location/?id=829", "ADDRESS": "306 Oakwood Ave  ", "PostedDate": "2026-05-01T07:16:36", "AssetName": "Charles Brereton Park Drinking Fountain", "Reason": "Planned Closure", "Comments": "None", "Status": "0" }, "geometry": { "type": "MultiPoint", "coordinates": [ [ -79.43854637, 43.68503664 ] ] } },
{ "type": "Feature", "properties": { "_id": 614, "ASSET_ID": 74582, "LOCATION": "Bert Robinson Park", "ALTERNATIVE_NAME": "Bert Robinson Park Drinking Fountain", "TYPE": "Drinking Fountain", "ACCESSIBLE_FEATURES": "None", "HOURS": "None", "LOCATION_DETAILS": "Located on the grassy area north of the sports field and close to Gilbert Avenue.", "URL": "https://www.toronto.ca/explore-enjoy/parks-recreation/places-spaces/parks-and-recreation-facilities/location/?id=606", "ADDRESS": "400 Caledonia Rd  ", "PostedDate": "2026-05-01T07:15:05", "AssetName": "Bert Robinson Park Drinking Fountain", "Reason": "None", "Comments": "None", "Status": "1" }, "geometry": { "type": "MultiPoint", "coordinates": [ [ -79.46186395, 43.68849002 ] ] } },
{ "type": "Feature", "properties": { "_id": 615, "ASSET_ID": 102023, "LOCATION": "Charles Caccia Park", "ALTERNATIVE_NAME": "Charles Caccia Park Drinking Water Station", "TYPE": "Bottle Filling Station, Drinking Fountain", "ACCESSIBLE_FEATURES": "None", "HOURS": "None", "LOCATION_DETAILS": "Located on the pathway between the splash pad and the playground.", "URL": "https://www.toronto.ca/explore-enjoy/parks-recreation/places-spaces/parks-and-recreation-facilities/location/?id=834", "ADDRESS": "348 Nairn Ave  ", "PostedDate": "2026-05-01T07:14:26", "AssetName": "Charles Caccia Park Drinking Water Station", "Reason": "None", "Comments": "None", "Status": "1" }, "geometry": { "type": "MultiPoint", "coordinates": [ [ -79.4539768, 43.6883614 ] ] } },
{ "type": "Feature", "properties": { "_id": 616, "ASSET_ID": 2330, "LOCATION": "Eringate Park", "ALTERNATIVE_NAME": "Eringate Park South Baseball Diamond Drinking Fountain", "TYPE": "Drinking Fountain", "ACCESSIBLE_FEATURES": "None", "HOURS": "None", "LOCATION_DETAILS": "Located on the west side of the south baseball diamond. ", "URL": "https://www.toronto.ca/explore-enjoy/parks-recreation/places-spaces/parks-and-recreation-facilities/location/?id=840", "ADDRESS": "121 Wellesworth Dr  ", "PostedDate": "2026-05-01T06:25:14", "AssetName": "Eringate Park South Baseball Diamond Drinking Fountain", "Reason": "None", "Comments": "None", "Status": "1" }, "geometry": { "type": "MultiPoint", "coordinates": [ [ -79.58139543, 43.66160494 ] ] } },
{ "type": "Feature", "properties": { "_id": 617, "ASSET_ID": 103283, "LOCATION": "Birunthan Park", "ALTERNATIVE_NAME": "Birunthan Park Basketball Court Bottle Filling Station", "TYPE": "Bottle Filling Station", "ACCESSIBLE_FEATURES": "None", "HOURS": "None", "LOCATION_DETAILS": "Located east of the basketball courts along the pathway.", "URL": "https://www.toronto.ca/explore-enjoy/parks-recreation/places-spaces/parks-and-recreation-facilities/location/?id=1480", "ADDRESS": "31 Dragonfly Cres", "PostedDate": "2026-04-30T14:34:41", "AssetName": "Birunthan Park Basketball Court Bottle Filling Station", "Reason": "None", "Comments": "None", "Status": "1" }, "geometry": { "type": "MultiPoint", "coordinates": [ [ -79.22559329, 43.82201265 ] ] } },
{ "type": "Feature", "properties": { "_id": 618, "ASSET_ID": 2656, "LOCATION": "Rosetta McClain Gardens", "ALTERNATIVE_NAME": "Rosetta McClain Gardens Drinking Fountain", "TYPE": "Drinking Fountain", "ACCESSIBLE_FEATURES": "None", "HOURS": "None", "LOCATION_DETAILS": "Located on the east side of the pathway leading from the north end of the washroom building.", "URL": "https://www.toronto.ca/explore-enjoy/parks-recreation/places-spaces/parks-and-recreation-facilities/location/?id=19", "ADDRESS": "5 Glen Everest Rd  ", "PostedDate": "2026-04-30T14:30:01", "AssetName": "Rosetta McClain Gardens Drinking Fountain", "Reason": "None", "Comments": "None", "Status": "1" }, "geometry": { "type": "MultiPoint", "coordinates": [ [ -79.25584175, 43.69683527 ] ] } },
{ "type": "Feature", "properties": { "_id": 619, "ASSET_ID": 13285, "LOCATION": "Mel Lastman Square", "ALTERNATIVE_NAME": "Mel Lastman Square Upper Level Drinking Fountain", "TYPE": "Drinking Fountain", "ACCESSIBLE_FEATURES": "None", "HOURS": "None", "LOCATION_DETAILS": "Located on the upper level of the north staircase.", "URL": "https://www.toronto.ca/explore-enjoy/parks-recreation/places-spaces/parks-and-recreation-facilities/location/?id=956", "ADDRESS": "5100 Yonge St  ", "PostedDate": "2026-04-30T08:50:04", "AssetName": "Mel Lastman Square Upper Level Drinking Fountain", "Reason": "None", "Comments": "None", "Status": "1" }, "geometry": { "type": "MultiPoint", "coordinates": [ [ -79.41365127, 43.7679175 ] ] } },
{ "type": "Feature", "properties": { "_id": 620, "ASSET_ID": 102276, "LOCATION": "Mel Lastman Square", "ALTERNATIVE_NAME": "Mel Lastman Square Lower Level Drinking Fountain", "TYPE": "Drinking Fountain", "ACCESSIBLE_FEATURES": "None", "HOURS": "None", "LOCATION_DETAILS": "Located on the lower level east of the reflecting pond.", "URL": "https://www.toronto.ca/explore-enjoy/parks-recreation/places-spaces/parks-and-recreation-facilities/location/?id=956", "ADDRESS": "5100 Yonge St  ", "PostedDate": "2026-04-30T08:49:44", "AssetName": "Mel Lastman Square Lower Level Drinking Fountain", "Reason": "None", "Comments": "None", "Status": "1" }, "geometry": { "type": "MultiPoint", "coordinates": [ [ -79.4136997, 43.76789979 ] ] } },
{ "type": "Feature", "properties": { "_id": 621, "ASSET_ID": 102056, "LOCATION": "Old Orchard Park", "ALTERNATIVE_NAME": "Old Orchard Park Playground Bottle Filling Station", "TYPE": "Bottle Filling Station", "ACCESSIBLE_FEATURES": "None", "HOURS": "None", "LOCATION_DETAILS": "Located south of the playground along the pathway.", "URL": "https://www.toronto.ca/explore-enjoy/parks-recreation/places-spaces/parks-and-recreation-facilities/location/?id=711", "ADDRESS": "465 Old Orchard Grv  ", "PostedDate": "2026-04-30T08:49:33", "AssetName": "Old Orchard Park Playground Bottle Filling Station", "Reason": "None", "Comments": "None", "Status": "1" }, "geometry": { "type": "MultiPoint", "coordinates": [ [ -79.42189214, 43.73041014 ] ] } },
{ "type": "Feature", "properties": { "_id": 622, "ASSET_ID": 80165, "LOCATION": "Wenderly Park", "ALTERNATIVE_NAME": "Wenderly Park Baseball Diamond Bottle Filling Station", "TYPE": "Bottle Filling Station", "ACCESSIBLE_FEATURES": "None", "HOURS": "None", "LOCATION_DETAILS": "Located north of the baseball diamond along the pathway. ", "URL": "https://www.toronto.ca/explore-enjoy/parks-recreation/places-spaces/parks-and-recreation-facilities/location/?id=774", "ADDRESS": "89 Wenderly Dr  ", "PostedDate": "2026-04-30T08:49:23", "AssetName": "Wenderly Park Baseball Diamond Bottle Filling Station", "Reason": "None", "Comments": "None", "Status": "1" }, "geometry": { "type": "MultiPoint", "coordinates": [ [ -79.44611976, 43.71197192 ] ] } },
{ "type": "Feature", "properties": { "_id": 623, "ASSET_ID": 102211, "LOCATION": "York Mills Valley Park", "ALTERNATIVE_NAME": "York Mills Valley Park Tennis Court Drinking Fountain", "TYPE": "Drinking Fountain", "ACCESSIBLE_FEATURES": "None", "HOURS": "None", "LOCATION_DETAILS": "Located outdoor the tennis clubhouse on the northwest corner.", "URL": "https://www.toronto.ca/explore-enjoy/parks-recreation/places-spaces/parks-and-recreation-facilities/location/?id=1476", "ADDRESS": "3865 Yonge St  ", "PostedDate": "2026-04-30T08:49:14", "AssetName": "York Mills Valley Park Tennis Court Drinking Fountain", "Reason": "None", "Comments": "None", "Status": "1" }, "geometry": { "type": "MultiPoint", "coordinates": [ [ -79.40507326, 43.73994774 ] ] } },
{ "type": "Feature", "properties": { "_id": 624, "ASSET_ID": 2686, "LOCATION": "York Mills Valley Park", "ALTERNATIVE_NAME": "York Mills Valley Park Playground Drinking Fountain", "TYPE": "Drinking Fountain", "ACCESSIBLE_FEATURES": "None", "HOURS": "None", "LOCATION_DETAILS": "Located north of the playground along the pathway.", "URL": "https://www.toronto.ca/explore-enjoy/parks-recreation/places-spaces/parks-and-recreation-facilities/location/?id=1476", "ADDRESS": "3865 Yonge St  ", "PostedDate": "2026-04-30T08:49:02", "AssetName": "York Mills Valley Park Playground Drinking Fountain", "Reason": "None", "Comments": "None", "Status": "1" }, "geometry": { "type": "MultiPoint", "coordinates": [ [ -79.40378171, 43.73963353 ] ] } },
{ "type": "Feature", "properties": { "_id": 625, "ASSET_ID": 102059, "LOCATION": "Duplex Parkette", "ALTERNATIVE_NAME": "Duplex Parkette East Drinking Water Station", "TYPE": "Bottle Filling Station, Drinking Fountain", "ACCESSIBLE_FEATURES": "None", "HOURS": "None", "LOCATION_DETAILS": "Located on the pathway west of the Yonge Street park entrance.", "URL": "https://www.toronto.ca/explore-enjoy/parks-recreation/places-spaces/parks-and-recreation-facilities/location/?id=2753", "ADDRESS": "2906 Yonge St  ", "PostedDate": "2026-04-30T08:48:41", "AssetName": "Duplex Parkette East Drinking Water Station", "Reason": "None", "Comments": "None", "Status": "1" }, "geometry": { "type": "MultiPoint", "coordinates": [ [ -79.40186736, 43.72146787 ] ] } },
{ "type": "Feature", "properties": { "_id": 626, "ASSET_ID": 13292, "LOCATION": "Ranee Park", "ALTERNATIVE_NAME": "Ranee Park Playground Drinking Fountain", "TYPE": "Drinking Fountain", "ACCESSIBLE_FEATURES": "None", "HOURS": "None", "LOCATION_DETAILS": "Located along the pathway, east of the playground.", "URL": "https://www.toronto.ca/explore-enjoy/parks-recreation/places-spaces/parks-and-recreation-facilities/location/?id=982", "ADDRESS": "326 Ranee Ave  ", "PostedDate": "2026-04-30T08:48:31", "AssetName": "Ranee Park Playground Drinking Fountain", "Reason": "None", "Comments": "None", "Status": "1" }, "geometry": { "type": "MultiPoint", "coordinates": [ [ -79.45356199, 43.72282616 ] ] } },
{ "type": "Feature", "properties": { "_id": 627, "ASSET_ID": 2462, "LOCATION": "Bluffer's Park", "ALTERNATIVE_NAME": "Bluffer's Park West Pavillion Drinking Fountain", "TYPE": "Drinking Fountain", "ACCESSIBLE_FEATURES": "None", "HOURS": "None", "LOCATION_DETAILS": "Located on the pathway on the north side of the west washroom.", "URL": "https://www.toronto.ca/explore-enjoy/parks-recreation/places-spaces/parks-and-recreation-facilities/location/?id=2", "ADDRESS": "1 Brimley Rd  S ", "PostedDate": "2026-04-29T14:40:25", "AssetName": "Bluffer's Park West Pavillion Drinking Fountain", "Reason": "None", "Comments": "None", "Status": "1" }, "geometry": { "type": "MultiPoint", "coordinates": [ [ -79.23496781, 43.70625296 ] ] } },
{ "type": "Feature", "properties": { "_id": 628, "ASSET_ID": 121925, "LOCATION": "Toronto Islands - Hanlan's Point", "ALTERNATIVE_NAME": "Toronto Islands - Hanlan's Point Picnic Site 111 Water Tap", "TYPE": "Water Tap", "ACCESSIBLE_FEATURES": "None", "HOURS": "None", "LOCATION_DETAILS": "Located east of Picnic Site #111, along the pathway.", "URL": "https://www.toronto.ca/explore-enjoy/parks-recreation/places-spaces/parks-and-recreation-facilities/location/?id=2541", "ADDRESS": "9 Queens Quay  W", "PostedDate": "2026-04-29T10:57:59", "AssetName": "Toronto Islands - Hanlan's Point Picnic Site 111 Water Tap", "Reason": "Under Construction", "Comments": "replacement scheduled 2026", "Status": "0" }, "geometry": { "type": "MultiPoint", "coordinates": [ [ -79.39028264, 43.62169997 ] ] } },
{ "type": "Feature", "properties": { "_id": 629, "ASSET_ID": 102048, "LOCATION": "Dane Parkette", "ALTERNATIVE_NAME": "Dane Parkette Drinking Water Station", "TYPE": "Bottle Filling Station, Drinking Fountain, Dog Fountain", "ACCESSIBLE_FEATURES": "None", "HOURS": "None", "LOCATION_DETAILS": "Located on the pathway southeast from the playground.", "URL": "https://www.toronto.ca/explore-enjoy/parks-recreation/places-spaces/parks-and-recreation-facilities/location/?id=2247", "ADDRESS": "21 Dane Ave  ", "PostedDate": "2026-04-29T07:50:02", "AssetName": "Dane Parkette Drinking Water Station", "Reason": "None", "Comments": "None", "Status": "1" }, "geometry": { "type": "MultiPoint", "coordinates": [ [ -79.45302196, 43.71559651 ] ] } },
{ "type": "Feature", "properties": { "_id": 630, "ASSET_ID": 102040, "LOCATION": "Sheppard East Park", "ALTERNATIVE_NAME": "Sheppard East Park Playground Bottle Filling Station", "TYPE": "Bottle Filling Station", "ACCESSIBLE_FEATURES": "None", "HOURS": "None", "LOCATION_DETAILS": "Located west of the playground along the pathway.", "URL": "https://www.toronto.ca/explore-enjoy/parks-recreation/places-spaces/parks-and-recreation-facilities/location/?id=1026", "ADDRESS": "229 Glendora Ave  ", "PostedDate": "2026-04-29T07:49:43", "AssetName": "Sheppard East Park Playground Bottle Filling Station", "Reason": "None", "Comments": "None", "Status": "1" }, "geometry": { "type": "MultiPoint", "coordinates": [ [ -79.39745995, 43.76422964 ] ] } },
{ "type": "Feature", "properties": { "_id": 631, "ASSET_ID": 102008, "LOCATION": "Leaside Park", "ALTERNATIVE_NAME": "Leaside Park Drinking Water Station", "TYPE": "Bottle Filling Station, Drinking Fountain", "ACCESSIBLE_FEATURES": "None", "HOURS": "None", "LOCATION_DETAILS": "Located outside on the west side of the washroom building.", "URL": "https://www.toronto.ca/explore-enjoy/parks-recreation/places-spaces/parks-and-recreation-facilities/location/?id=425", "ADDRESS": "5 Leaside Park Dr  ", "PostedDate": "2026-04-29T07:48:58", "AssetName": "Leaside Park Drinking Water Station", "Reason": "None", "Comments": "None", "Status": "1" }, "geometry": { "type": "MultiPoint", "coordinates": [ [ -79.35011806, 43.70240079 ] ] } },
{ "type": "Feature", "properties": { "_id": 632, "ASSET_ID": 13291, "LOCATION": "R.V. Burgess Park", "ALTERNATIVE_NAME": "R.V. Burgess Park Drinking Fountain", "TYPE": "Drinking Fountain", "ACCESSIBLE_FEATURES": "None", "HOURS": "None", "LOCATION_DETAILS": "Located east of the outdoor oven, along the pathway.", "URL": "https://www.toronto.ca/explore-enjoy/parks-recreation/places-spaces/parks-and-recreation-facilities/location/?id=423", "ADDRESS": "46 Thorncliffe Park Dr  ", "PostedDate": "2026-04-29T07:48:44", "AssetName": "R.V. Burgess Park Drinking Fountain", "Reason": "None", "Comments": "None", "Status": "1" }, "geometry": { "type": "MultiPoint", "coordinates": [ [ -79.34339909, 43.70352431 ] ] } },
{ "type": "Feature", "properties": { "_id": 633, "ASSET_ID": 13303, "LOCATION": "Wigmore Park", "ALTERNATIVE_NAME": "Wigmore Park Playground Drinking Fountain", "TYPE": "Drinking Fountain", "ACCESSIBLE_FEATURES": "None", "HOURS": "None", "LOCATION_DETAILS": "Located east of the playground along the pathway. ", "URL": "https://www.toronto.ca/explore-enjoy/parks-recreation/places-spaces/parks-and-recreation-facilities/location/?id=775", "ADDRESS": "106 Wigmore Dr  ", "PostedDate": "2026-04-29T07:48:21", "AssetName": "Wigmore Park Playground Drinking Fountain", "Reason": "None", "Comments": "None", "Status": "1" }, "geometry": { "type": "MultiPoint", "coordinates": [ [ -79.31291647, 43.7308369 ] ] } },
{ "type": "Feature", "properties": { "_id": 634, "ASSET_ID": 97126, "LOCATION": "Dr. Daniel Hill Park", "ALTERNATIVE_NAME": "Dr. Daniel Hill Park Bottle Filling Station", "TYPE": "Bottle Filling Station", "ACCESSIBLE_FEATURES": "None", "HOURS": "None", "LOCATION_DETAILS": "Located east of the playground on the west side of the pathway. ", "URL": "https://www.toronto.ca/explore-enjoy/parks-recreation/places-spaces/parks-and-recreation-facilities/location/?id=2194", "ADDRESS": "25 Cassandra Blvd  ", "PostedDate": "2026-04-29T07:48:07", "AssetName": "Dr. Daniel Hill Park Bottle Filling Station", "Reason": "None", "Comments": "None", "Status": "1" }, "geometry": { "type": "MultiPoint", "coordinates": [ [ -79.32786457, 43.74928439 ] ] } },
{ "type": "Feature", "properties": { "_id": 635, "ASSET_ID": 2455, "LOCATION": "Broadlands Park", "ALTERNATIVE_NAME": "Broadlands Park Drinking Fountain", "TYPE": "Drinking Fountain", "ACCESSIBLE_FEATURES": "None", "HOURS": "None", "LOCATION_DETAILS": "Located at the pathway intersection east of the tennis courts.", "URL": "https://www.toronto.ca/explore-enjoy/parks-recreation/places-spaces/parks-and-recreation-facilities/location/?id=215", "ADDRESS": "19 Castlegrove Blvd  ", "PostedDate": "2026-04-29T07:47:49", "AssetName": "Broadlands Park Drinking Fountain", "Reason": "None", "Comments": "None", "Status": "1" }, "geometry": { "type": "MultiPoint", "coordinates": [ [ -79.32149339, 43.74569434 ] ] } },
{ "type": "Feature", "properties": { "_id": 636, "ASSET_ID": 2454, "LOCATION": "Brookbanks Park", "ALTERNATIVE_NAME": "Brookbanks Park Fenside Drive Drinking Fountain", "TYPE": "Drinking Fountain", "ACCESSIBLE_FEATURES": "None", "HOURS": "None", "LOCATION_DETAILS": "Located on the pathway at the entrance on the corner of Fenside Drive and Brookbanks Drive.", "URL": "https://www.toronto.ca/explore-enjoy/parks-recreation/places-spaces/parks-and-recreation-facilities/location/?id=2178", "ADDRESS": "75 Brookbanks Dr  ", "PostedDate": "2026-04-29T07:47:37", "AssetName": "Brookbanks Park Fenside Drive Drinking Fountain", "Reason": "None", "Comments": "None", "Status": "1" }, "geometry": { "type": "MultiPoint", "coordinates": [ [ -79.32641906, 43.75916179 ] ] } },
{ "type": "Feature", "properties": { "_id": 637, "ASSET_ID": 2220, "LOCATION": "Jack Goodlad Park", "ALTERNATIVE_NAME": "Jack Goodlad Park Drinking Fountain", "TYPE": "Drinking Fountain", "ACCESSIBLE_FEATURES": "None", "HOURS": "None", "LOCATION_DETAILS": "Located on the outside of the washroom building next to the basketball court.", "URL": "https://www.toronto.ca/explore-enjoy/parks-recreation/places-spaces/parks-and-recreation-facilities/location/?id=2037", "ADDRESS": "929 Kennedy Rd  ", "PostedDate": "2026-04-29T07:18:34", "AssetName": "Jack Goodlad Park Drinking Fountain", "Reason": "None", "Comments": "None", "Status": "1" }, "geometry": { "type": "MultiPoint", "coordinates": [ [ -79.27091712, 43.74233319 ] ] } },
{ "type": "Feature", "properties": { "_id": 638, "ASSET_ID": 18692, "LOCATION": "Marble Hill Parkette", "ALTERNATIVE_NAME": "Marble Hill Parkette Drinking Fountain", "TYPE": "Drinking Fountain", "ACCESSIBLE_FEATURES": "None", "HOURS": "None", "LOCATION_DETAILS": "Located outside the playground fence.", "URL": "https://www.toronto.ca/explore-enjoy/parks-recreation/places-spaces/parks-and-recreation-facilities/location/?id=2303", "ADDRESS": "22 Ennerdale Rd  ", "PostedDate": "2026-04-28T14:03:08", "AssetName": "Marble Hill Parkette Drinking Fountain", "Reason": "Under Construction", "Comments": "None", "Status": "0" }, "geometry": { "type": "MultiPoint", "coordinates": [ [ -79.45074211, 43.68739701 ] ] } },
{ "type": "Feature", "properties": { "_id": 639, "ASSET_ID": 13245, "LOCATION": "Bishop Park", "ALTERNATIVE_NAME": "Bishop Park Drinking Fountain", "TYPE": "Drinking Fountain", "ACCESSIBLE_FEATURES": "None", "HOURS": "None", "LOCATION_DETAILS": "Located on the pathway north of the playground.", "URL": "https://www.toronto.ca/explore-enjoy/parks-recreation/places-spaces/parks-and-recreation-facilities/location/?id=2147", "ADDRESS": "45 Bishop Ave  ", "PostedDate": "2026-04-28T13:56:40", "AssetName": "Bishop Park Drinking Fountain", "Reason": "None", "Comments": "None", "Status": "1" }, "geometry": { "type": "MultiPoint", "coordinates": [ [ -79.41249639, 43.78185974 ] ] } },
{ "type": "Feature", "properties": { "_id": 640, "ASSET_ID": 59943, "LOCATION": "Lee Lifeson Art Park", "ALTERNATIVE_NAME": "Lee Lifeson Art Park Drinking Fountain", "TYPE": "Drinking Fountain", "ACCESSIBLE_FEATURES": "None", "HOURS": "None", "LOCATION_DETAILS": "Located to the east of the washroom building, north of the amphitheatre.", "URL": "https://www.toronto.ca/explore-enjoy/parks-recreation/places-spaces/parks-and-recreation-facilities/location/?id=3555", "ADDRESS": "45 Princess Ave   ", "PostedDate": "2026-04-28T13:56:24", "AssetName": "Lee Lifeson Art Park Drinking Fountain", "Reason": "None", "Comments": "None", "Status": "1" }, "geometry": { "type": "MultiPoint", "coordinates": [ [ -79.40981312, 43.76886621 ] ] } },
{ "type": "Feature", "properties": { "_id": 641, "ASSET_ID": 2204, "LOCATION": "Kenneth Park", "ALTERNATIVE_NAME": "Kenneth Park Playground Drinking Fountain", "TYPE": "Drinking Fountain", "ACCESSIBLE_FEATURES": "None", "HOURS": "None", "LOCATION_DETAILS": "Located west of the playground.", "URL": "https://www.toronto.ca/explore-enjoy/parks-recreation/places-spaces/parks-and-recreation-facilities/location/?id=2404", "ADDRESS": "417 Kenneth Ave  ", "PostedDate": "2026-04-28T13:56:13", "AssetName": "Kenneth Park Playground Drinking Fountain", "Reason": "None", "Comments": "None", "Status": "1" }, "geometry": { "type": "MultiPoint", "coordinates": [ [ -79.41075504, 43.77723326 ] ] } },
{ "type": "Feature", "properties": { "_id": 642, "ASSET_ID": 18703, "LOCATION": "Pinto Park", "ALTERNATIVE_NAME": "Pinto Park Drinking Fountain", "TYPE": "Drinking Fountain", "ACCESSIBLE_FEATURES": "None", "HOURS": "None", "LOCATION_DETAILS": "Located at the north end of the park, along Pinto Drive.", "URL": "https://www.toronto.ca/explore-enjoy/parks-recreation/places-spaces/parks-and-recreation-facilities/location/?id=729", "ADDRESS": "23 Pinto Dr  ", "PostedDate": "2026-04-28T13:55:47", "AssetName": "Pinto Park Drinking Fountain", "Reason": "None", "Comments": "None", "Status": "1" }, "geometry": { "type": "MultiPoint", "coordinates": [ [ -79.34051668, 43.79145432 ] ] } },
{ "type": "Feature", "properties": { "_id": 643, "ASSET_ID": 2271, "LOCATION": "Hickorynut Parkette", "ALTERNATIVE_NAME": "Hickorynut Parkette Drinking Fountain", "TYPE": "Drinking Fountain", "ACCESSIBLE_FEATURES": "None", "HOURS": "None", "LOCATION_DETAILS": "Located on the east side of the main pathway.", "URL": "https://www.toronto.ca/explore-enjoy/parks-recreation/places-spaces/parks-and-recreation-facilities/location/?id=2370", "ADDRESS": "87 Hickorynut Dr  ", "PostedDate": "2026-04-28T13:55:16", "AssetName": "Hickorynut Parkette Drinking Fountain", "Reason": "None", "Comments": "None", "Status": "1" }, "geometry": { "type": "MultiPoint", "coordinates": [ [ -79.32645345, 43.77508504 ] ] } },
{ "type": "Feature", "properties": { "_id": 644, "ASSET_ID": 103207, "LOCATION": "Dallington Park", "ALTERNATIVE_NAME": "Dallington Park Playground Bottle Filling Station", "TYPE": "Bottle Filling Station", "ACCESSIBLE_FEATURES": "None", "HOURS": "None", "LOCATION_DETAILS": "Located south of the playground along the pathway.", "URL": "https://www.toronto.ca/explore-enjoy/parks-recreation/places-spaces/parks-and-recreation-facilities/location/?id=2713", "ADDRESS": "32 Glentworth Rd", "PostedDate": "2026-04-28T13:55:01", "AssetName": "Dallington Park Playground Bottle Filling Station", "Reason": "None", "Comments": "None", "Status": "1" }, "geometry": { "type": "MultiPoint", "coordinates": [ [ -79.35477144, 43.77598721 ] ] } },
{ "type": "Feature", "properties": { "_id": 645, "ASSET_ID": 2401, "LOCATION": "Clydesdale Park", "ALTERNATIVE_NAME": "Clydesdale Park Drinking Fountain", "TYPE": "Drinking Fountain", "ACCESSIBLE_FEATURES": "None", "HOURS": "9 a.m. - 10 p.m.", "LOCATION_DETAILS": "Located on the west side of the clubhouse. ", "URL": "https://www.toronto.ca/explore-enjoy/parks-recreation/places-spaces/parks-and-recreation-facilities/location/?id=494", "ADDRESS": "116 Clydesdale Dr  ", "PostedDate": "2026-04-28T13:54:47", "AssetName": "Clydesdale Park Drinking Fountain", "Reason": "None", "Comments": "None", "Status": "1" }, "geometry": { "type": "MultiPoint", "coordinates": [ [ -79.329408, 43.78343115 ] ] } },
{ "type": "Feature", "properties": { "_id": 646, "ASSET_ID": 60583, "LOCATION": "Atria South Park", "ALTERNATIVE_NAME": "Atria South Park Bottle Filling Station", "TYPE": "Bottle Filling Station", "ACCESSIBLE_FEATURES": "None", "HOURS": "None", "LOCATION_DETAILS": "Located in the middle of the park on the east side of the pathway intersection.", "URL": "https://www.toronto.ca/explore-enjoy/parks-recreation/places-spaces/parks-and-recreation-facilities/location/?id=3635", "ADDRESS": "63 Ann O'reilly Rd   ", "PostedDate": "2026-04-28T13:54:30", "AssetName": "Atria South Park Bottle Filling Station", "Reason": "None", "Comments": "None", "Status": "1" }, "geometry": { "type": "MultiPoint", "coordinates": [ [ -79.32880746, 43.77368502 ] ] } },
{ "type": "Feature", "properties": { "_id": 647, "ASSET_ID": 102133, "LOCATION": "Atria North Park", "ALTERNATIVE_NAME": "Atria North Park Drinking Water Station", "TYPE": "Bottle Filling Station, Drinking Fountain", "ACCESSIBLE_FEATURES": "None", "HOURS": "None", "LOCATION_DETAILS": "Located in the middle of the playground.", "URL": "https://www.toronto.ca/explore-enjoy/parks-recreation/places-spaces/parks-and-recreation-facilities/location/?id=3741", "ADDRESS": "75 Atria Blvd   ", "PostedDate": "2026-04-28T13:54:21", "AssetName": "Atria North Park Drinking Water Station", "Reason": "None", "Comments": "None", "Status": "1" }, "geometry": { "type": "MultiPoint", "coordinates": [ [ -79.32904743, 43.77431291 ] ] } },
{ "type": "Feature", "properties": { "_id": 648, "ASSET_ID": 2513, "LOCATION": "Trinity Square", "ALTERNATIVE_NAME": "Trinity Square Drinking Fountain", "TYPE": "Drinking Fountain", "ACCESSIBLE_FEATURES": "None", "HOURS": "None", "LOCATION_DETAILS": "Located in the centre of the square. ", "URL": "https://www.toronto.ca/explore-enjoy/parks-recreation/places-spaces/parks-and-recreation-facilities/location/?id=238", "ADDRESS": "19 Trinity Sq  ", "PostedDate": "2026-04-28T06:29:21", "AssetName": "Trinity Square Drinking Fountain", "Reason": "None", "Comments": "None", "Status": "1" }, "geometry": { "type": "MultiPoint", "coordinates": [ [ -79.38192647, 43.65453269 ] ] } },
{ "type": "Feature", "properties": { "_id": 649, "ASSET_ID": 78120, "LOCATION": "Wychwood Barns Park", "ALTERNATIVE_NAME": "Wychwood Barns Park Volleyball Court Drinking Fountain", "TYPE": "Drinking Fountain", "ACCESSIBLE_FEATURES": "None", "HOURS": "None", "LOCATION_DETAILS": "Located east of the outdoor volleyball court. ", "URL": "https://www.toronto.ca/explore-enjoy/parks-recreation/places-spaces/parks-and-recreation-facilities/location/?id=461", "ADDRESS": "76 Wychwood Ave  ", "PostedDate": "2026-04-28T06:29:02", "AssetName": "Wychwood Barns Park Volleyball Court Drinking Fountain", "Reason": "None", "Comments": "None", "Status": "1" }, "geometry": { "type": "MultiPoint", "coordinates": [ [ -79.4242445, 43.67979804 ] ] } },
{ "type": "Feature", "properties": { "_id": 650, "ASSET_ID": 18718, "LOCATION": "Wychwood Barns Park", "ALTERNATIVE_NAME": "Wychwood Barns Park Playground Drinking Fountain", "TYPE": "Drinking Fountain", "ACCESSIBLE_FEATURES": "None", "HOURS": "None", "LOCATION_DETAILS": "Located north of the playground along the pathway.", "URL": "https://www.toronto.ca/explore-enjoy/parks-recreation/places-spaces/parks-and-recreation-facilities/location/?id=461", "ADDRESS": "76 Wychwood Ave  ", "PostedDate": "2026-04-28T06:28:53", "AssetName": "Wychwood Barns Park Playground Drinking Fountain", "Reason": "None", "Comments": "None", "Status": "1" }, "geometry": { "type": "MultiPoint", "coordinates": [ [ -79.42306414, 43.68014826 ] ] } },
{ "type": "Feature", "properties": { "_id": 651, "ASSET_ID": 18717, "LOCATION": "Wychwood Barns Park", "ALTERNATIVE_NAME": "Wychwood Barns Park Dog Off-Leash Area Drinking Water Station", "TYPE": "Drinking Fountain, Dog Fountain", "ACCESSIBLE_FEATURES": "None", "HOURS": "None", "LOCATION_DETAILS": "Located inside the dog off-leash area by the north end entrance.", "URL": "https://www.toronto.ca/explore-enjoy/parks-recreation/places-spaces/parks-and-recreation-facilities/location/?id=461", "ADDRESS": "76 Wychwood Ave  ", "PostedDate": "2026-04-28T06:28:44", "AssetName": "Wychwood Barns Park Dog Off-Leash Area Drinking Water Station", "Reason": "None", "Comments": "None", "Status": "1" }, "geometry": { "type": "MultiPoint", "coordinates": [ [ -79.4241798, 43.67949329 ] ] } },
{ "type": "Feature", "properties": { "_id": 652, "ASSET_ID": 2161, "LOCATION": "Logan Avenue Parkette", "ALTERNATIVE_NAME": "Logan Avenue Parkette Drinking Water Station", "TYPE": "Drinking Fountain, Dog Fountain", "ACCESSIBLE_FEATURES": "None", "HOURS": "None", "LOCATION_DETAILS": "Located south of the pathway, in the east section of the park.", "URL": "https://www.toronto.ca/explore-enjoy/parks-recreation/places-spaces/parks-and-recreation-facilities/location/?id=130", "ADDRESS": "916 Logan Ave  ", "PostedDate": "2026-04-28T06:28:20", "AssetName": "Logan Avenue Parkette Drinking Water Station", "Reason": "None", "Comments": "None", "Status": "1" }, "geometry": { "type": "MultiPoint", "coordinates": [ [ -79.35005076, 43.67868537 ] ] } },
{ "type": "Feature", "properties": { "_id": 653, "ASSET_ID": 2128, "LOCATION": "Melbourne Avenue Parkette", "ALTERNATIVE_NAME": "Melbourne Avenue Parkette Drinking Fountain", "TYPE": "Drinking Fountain", "ACCESSIBLE_FEATURES": "None", "HOURS": "None", "LOCATION_DETAILS": "Located on the west side of the pathway.", "URL": "https://www.toronto.ca/explore-enjoy/parks-recreation/places-spaces/parks-and-recreation-facilities/location/?id=2476", "ADDRESS": "7 Mebourne Ave  ", "PostedDate": "2026-04-28T06:27:59", "AssetName": "Melbourne Avenue Parkette Drinking Fountain", "Reason": "None", "Comments": "None", "Status": "1" }, "geometry": { "type": "MultiPoint", "coordinates": [ [ -79.42858531, 43.64035932 ] ] } },
{ "type": "Feature", "properties": { "_id": 654, "ASSET_ID": 61582, "LOCATION": "Paul E. Garfinkel Park", "ALTERNATIVE_NAME": "Paul E. Garfunkel Park Drinking Water Station", "TYPE": "Drinking Fountain, Dog Fountain", "ACCESSIBLE_FEATURES": "None", "HOURS": "None", "LOCATION_DETAILS": "Located in the northeast corner of the park.", "URL": "https://www.toronto.ca/explore-enjoy/parks-recreation/places-spaces/parks-and-recreation-facilities/location/?id=2539", "ADDRESS": "1071 Queen St  W ", "PostedDate": "2026-04-28T06:27:43", "AssetName": "Paul E. Garfunkel Park Drinking Water Station", "Reason": "None", "Comments": "None", "Status": "1" }, "geometry": { "type": "MultiPoint", "coordinates": [ [ -79.4213083, 43.6435831 ] ] } },
{ "type": "Feature", "properties": { "_id": 655, "ASSET_ID": 102214, "LOCATION": "Julius Deutsch Park", "ALTERNATIVE_NAME": "Julius Deutsch Park Drinking Fountain", "TYPE": "Drinking Fountain", "ACCESSIBLE_FEATURES": "None", "HOURS": "None", "LOCATION_DETAILS": "Located at the corner of Huron Street and Cecil Street.", "URL": "https://www.toronto.ca/explore-enjoy/parks-recreation/places-spaces/parks-and-recreation-facilities/location/?id=2197", "ADDRESS": "40 Cecil St  ", "PostedDate": "2026-04-28T06:27:14", "AssetName": "Julius Deutsch Park Drinking Fountain", "Reason": "None", "Comments": "None", "Status": "1" }, "geometry": { "type": "MultiPoint", "coordinates": [ [ -79.39736985, 43.65656637 ] ] } },
{ "type": "Feature", "properties": { "_id": 656, "ASSET_ID": 102109, "LOCATION": "Glasgow Parkette", "ALTERNATIVE_NAME": "Glasgow Parkette Bottle Filling Station", "TYPE": "Bottle Filling Station", "ACCESSIBLE_FEATURES": "None", "HOURS": "None", "LOCATION_DETAILS": "Located at the north end of the park.", "URL": "https://www.toronto.ca/explore-enjoy/parks-recreation/places-spaces/parks-and-recreation-facilities/location/?id=2339", "ADDRESS": "11 Glasgow St  ", "PostedDate": "2026-04-28T06:26:48", "AssetName": "Glasgow Parkette Bottle Filling Station", "Reason": "None", "Comments": "None", "Status": "1" }, "geometry": { "type": "MultiPoint", "coordinates": [ [ -79.39847892, 43.65682852 ] ] } },
{ "type": "Feature", "properties": { "_id": 657, "ASSET_ID": 2215, "LOCATION": "Joel Weeks Park", "ALTERNATIVE_NAME": "Joel Weeks Park Drinking Fountain", "TYPE": "Drinking Fountain", "ACCESSIBLE_FEATURES": "None", "HOURS": "None", "LOCATION_DETAILS": "Located next to the basketball court.", "URL": "https://www.toronto.ca/explore-enjoy/parks-recreation/places-spaces/parks-and-recreation-facilities/location/?id=268", "ADDRESS": "10 Thompson St  ", "PostedDate": "2026-04-28T06:26:26", "AssetName": "Joel Weeks Park Drinking Fountain", "Reason": "None", "Comments": "None", "Status": "1" }, "geometry": { "type": "MultiPoint", "coordinates": [ [ -79.35290861, 43.65942411 ] ] } },
{ "type": "Feature", "properties": { "_id": 658, "ASSET_ID": 2345, "LOCATION": "East Lynn Park", "ALTERNATIVE_NAME": "East Lynn Park Wading Pool Drinking Water Station", "TYPE": "Bottle Filling Station, Drinking Fountain", "ACCESSIBLE_FEATURES": "None", "HOURS": "None", "LOCATION_DETAILS": "Located at the south side of the wading pool.", "URL": "https://www.toronto.ca/explore-enjoy/parks-recreation/places-spaces/parks-and-recreation-facilities/location/?id=108", "ADDRESS": "1949 Danforth Ave  ", "PostedDate": "2026-04-28T06:26:04", "AssetName": "East Lynn Park Wading Pool Drinking Water Station", "Reason": "None", "Comments": "None", "Status": "1" }, "geometry": { "type": "MultiPoint", "coordinates": [ [ -79.31546696, 43.68419974 ] ] } },
{ "type": "Feature", "properties": { "_id": 659, "ASSET_ID": 2344, "LOCATION": "East Lynn Park", "ALTERNATIVE_NAME": "East Lynn Park North Drinking Fountain", "TYPE": "Drinking Fountain", "ACCESSIBLE_FEATURES": "None", "HOURS": "None", "LOCATION_DETAILS": "Located on the pathway at the north end of the park from Danforth Avenue.", "URL": "https://www.toronto.ca/explore-enjoy/parks-recreation/places-spaces/parks-and-recreation-facilities/location/?id=108", "ADDRESS": "1949 Danforth Ave  ", "PostedDate": "2026-04-28T06:25:56", "AssetName": "East Lynn Park North Drinking Fountain", "Reason": "None", "Comments": "None", "Status": "1" }, "geometry": { "type": "MultiPoint", "coordinates": [ [ -79.31565828, 43.68488014 ] ] } },
{ "type": "Feature", "properties": { "_id": 660, "ASSET_ID": 2309, "LOCATION": "Gamble Playground", "ALTERNATIVE_NAME": "Gamble Playground Drinking Fountain", "TYPE": "Drinking Fountain", "ACCESSIBLE_FEATURES": "None", "HOURS": "None", "LOCATION_DETAILS": "Located next to the splash pad.", "URL": "https://www.toronto.ca/explore-enjoy/parks-recreation/places-spaces/parks-and-recreation-facilities/location/?id=456", "ADDRESS": "150 Gamble Ave  ", "PostedDate": "2026-04-28T06:25:37", "AssetName": "Gamble Playground Drinking Fountain", "Reason": "None", "Comments": "None", "Status": "1" }, "geometry": { "type": "MultiPoint", "coordinates": [ [ -79.34697477, 43.69100045 ] ] } },
{ "type": "Feature", "properties": { "_id": 661, "ASSET_ID": 2437, "LOCATION": "Arena Gardens", "ALTERNATIVE_NAME": "Arena Gardens Drinking Water Station", "TYPE": "Drinking Fountain, Dog Fountain", "ACCESSIBLE_FEATURES": "None", "HOURS": "None", "LOCATION_DETAILS": "Located on the pathway next to the playground.", "URL": "https://www.toronto.ca/explore-enjoy/parks-recreation/places-spaces/parks-and-recreation-facilities/location/?id=1453", "ADDRESS": "78 Mutual St  ", "PostedDate": "2026-04-28T06:25:11", "AssetName": "Arena Gardens Drinking Water Station", "Reason": "None", "Comments": "None", "Status": "1" }, "geometry": { "type": "MultiPoint", "coordinates": [ [ -79.37557654, 43.65594331 ] ] } },
{ "type": "Feature", "properties": { "_id": 662, "ASSET_ID": 102128, "LOCATION": "Berczy Park", "ALTERNATIVE_NAME": "Berczy Park Bottle Filling Station", "TYPE": "Bottle Filling Station", "ACCESSIBLE_FEATURES": "None", "HOURS": "None", "LOCATION_DETAILS": "Located on the pathway near the corner of Scott Street and Front Street East.", "URL": "https://www.toronto.ca/explore-enjoy/parks-recreation/places-spaces/parks-and-recreation-facilities/location/?id=277", "ADDRESS": "35 Wellington St  E ", "PostedDate": "2026-04-28T06:24:45", "AssetName": "Berczy Park Bottle Filling Station", "Reason": "None", "Comments": "None", "Status": "1" }, "geometry": { "type": "MultiPoint", "coordinates": [ [ -79.37554906, 43.64776639 ] ] } },
{ "type": "Feature", "properties": { "_id": 663, "ASSET_ID": 2558, "LOCATION": "Tom Riley Park", "ALTERNATIVE_NAME": "Tom Riley Park Baseball Diamond Drinking Fountain", "TYPE": "Drinking Fountain", "ACCESSIBLE_FEATURES": "None", "HOURS": "None", "LOCATION_DETAILS": "Located west of the baseball diamond.", "URL": "https://www.toronto.ca/explore-enjoy/parks-recreation/places-spaces/parks-and-recreation-facilities/location/?id=837", "ADDRESS": "4725 Dundas St  W ", "PostedDate": "2026-04-24T11:17:11", "AssetName": "Tom Riley Park Baseball Diamond Drinking Fountain", "Reason": "None", "Comments": "None", "Status": "1" }, "geometry": { "type": "MultiPoint", "coordinates": [ [ -79.52496258, 43.64883798 ] ] } },
{ "type": "Feature", "properties": { "_id": 664, "ASSET_ID": 102238, "LOCATION": "Humber Bay Park West", "ALTERNATIVE_NAME": "Humber Bay Park West Drinking Fountain", "TYPE": "Drinking Fountain", "ACCESSIBLE_FEATURES": "None", "HOURS": "None", "LOCATION_DETAILS": "Located in the grassy area east of the boat launch.", "URL": "https://www.toronto.ca/explore-enjoy/parks-recreation/places-spaces/parks-and-recreation-facilities/location/?id=1074", "ADDRESS": "2225 Lake Shore Blvd  W ", "PostedDate": "2026-04-24T11:13:23", "AssetName": "Humber Bay Park West Drinking Fountain", "Reason": "None", "Comments": "None", "Status": "1" }, "geometry": { "type": "MultiPoint", "coordinates": [ [ -79.47843708, 43.61913034 ] ] } },
{ "type": "Feature", "properties": { "_id": 665, "ASSET_ID": 102135, "LOCATION": "Toronto Islands - Centre Island", "ALTERNATIVE_NAME": "Toronto Islands - Centre Island Drinking Water Station", "TYPE": "Bottle Filling Station, Drinking Fountain", "ACCESSIBLE_FEATURES": "None", "HOURS": "None", "LOCATION_DETAILS": "Located at the northeast end of Avenue of the Islands before the bridge to Island Park.", "URL": "https://www.toronto.ca/explore-enjoy/parks-recreation/places-spaces/parks-and-recreation-facilities/location/?id=2725", "ADDRESS": "9 Queens Quay  W ", "PostedDate": "2026-04-24T10:13:06", "AssetName": "Toronto Islands - Centre Island Drinking Water Station", "Reason": "None", "Comments": "None", "Status": "1" }, "geometry": { "type": "MultiPoint", "coordinates": [ [ -79.37363649, 43.618724 ] ] } },
{ "type": "Feature", "properties": { "_id": 666, "ASSET_ID": 2545, "LOCATION": "Toronto Islands - Hanlan's Point", "ALTERNATIVE_NAME": "Toronto Islands - Hanlan's Point Beach/Lakeshore Drinking Fountain", "TYPE": "Drinking Fountain", "ACCESSIBLE_FEATURES": "None", "HOURS": "None", "LOCATION_DETAILS": "Located west of the intersection of Beach Road and Lakeshore Avenue.", "URL": "https://www.toronto.ca/explore-enjoy/parks-recreation/places-spaces/parks-and-recreation-facilities/location/?id=2541", "ADDRESS": "9 Queens Quay  W ", "PostedDate": "2026-04-24T10:07:44", "AssetName": "Toronto Islands - Hanlan's Point Beach/Lakeshore Drinking Fountain", "Reason": "None", "Comments": "None", "Status": "1" }, "geometry": { "type": "MultiPoint", "coordinates": [ [ -79.38994207, 43.61501889 ] ] } },
{ "type": "Feature", "properties": { "_id": 667, "ASSET_ID": 2543, "LOCATION": "Toronto Islands - Hanlan's Point", "ALTERNATIVE_NAME": "Toronto Islands - Hanlan's Point Ferry Dock Drinking Fountain", "TYPE": "Drinking Fountain", "ACCESSIBLE_FEATURES": "None", "HOURS": "None", "LOCATION_DETAILS": "Located on the east side of the pathway, south of the snack/concession building.", "URL": "https://www.toronto.ca/explore-enjoy/parks-recreation/places-spaces/parks-and-recreation-facilities/location/?id=2541", "ADDRESS": "9 Queens Quay  W ", "PostedDate": "2026-04-24T10:05:17", "AssetName": "Toronto Islands - Hanlan's Point Ferry Dock Drinking Fountain", "Reason": "None", "Comments": "None", "Status": "1" }, "geometry": { "type": "MultiPoint", "coordinates": [ [ -79.38950118, 43.62724863 ] ] } },
{ "type": "Feature", "properties": { "_id": 668, "ASSET_ID": 2663, "LOCATION": "Robert Hicks Park", "ALTERNATIVE_NAME": "Robert Hicks Playground Drinking Fountain", "TYPE": "Drinking Fountain", "ACCESSIBLE_FEATURES": "None", "HOURS": "None", "LOCATION_DETAILS": "Located west of the playground.", "URL": "https://www.toronto.ca/explore-enjoy/parks-recreation/places-spaces/parks-and-recreation-facilities/location/?id=2565", "ADDRESS": "39 Robert Hicks Dr  ", "PostedDate": "2026-04-24T08:12:24", "AssetName": "Robert Hicks Playground Drinking Fountain", "Reason": "None", "Comments": "None", "Status": "1" }, "geometry": { "type": "MultiPoint", "coordinates": [ [ -79.45356055, 43.77243471 ] ] } },
{ "type": "Feature", "properties": { "_id": 669, "ASSET_ID": 13282, "LOCATION": "Lissom Park", "ALTERNATIVE_NAME": "Lissom Park Drinking Fountain", "TYPE": "Drinking Fountain", "ACCESSIBLE_FEATURES": "None", "HOURS": "None", "LOCATION_DETAILS": "Located in the grassy area northwest of the playground.", "URL": "https://www.toronto.ca/explore-enjoy/parks-recreation/places-spaces/parks-and-recreation-facilities/location/?id=685", "ADDRESS": "338 Homewood Ave  ", "PostedDate": "2026-04-24T08:12:06", "AssetName": "Lissom Park Drinking Fountain", "Reason": "None", "Comments": "None", "Status": "1" }, "geometry": { "type": "MultiPoint", "coordinates": [ [ -79.44151879, 43.78561546 ] ] } },
{ "type": "Feature", "properties": { "_id": 670, "ASSET_ID": 13276, "LOCATION": "Hidden Trail Park", "ALTERNATIVE_NAME": "Hidden Trail Park Playground Drinking Water Station", "TYPE": "Drinking Fountain, Dog Fountain", "ACCESSIBLE_FEATURES": "None", "HOURS": "None", "LOCATION_DETAILS": "Located north of the playground.", "URL": "https://www.toronto.ca/explore-enjoy/parks-recreation/places-spaces/parks-and-recreation-facilities/location/?id=660", "ADDRESS": "506 Hidden Trl  ", "PostedDate": "2026-04-24T08:11:46", "AssetName": "Hidden Trail Park Playground Drinking Water Station", "Reason": "None", "Comments": "None", "Status": "1" }, "geometry": { "type": "MultiPoint", "coordinates": [ [ -79.45890635, 43.78387793 ] ] } },
{ "type": "Feature", "properties": { "_id": 671, "ASSET_ID": 102202, "LOCATION": "Earl Bales Park", "ALTERNATIVE_NAME": "Earl Bales Park South Drinking Fountain", "TYPE": "Drinking Fountain", "ACCESSIBLE_FEATURES": "None", "HOURS": "None", "LOCATION_DETAILS": "Located on the outside of the south washroom building.", "URL": "https://www.toronto.ca/explore-enjoy/parks-recreation/places-spaces/parks-and-recreation-facilities/location/?id=337", "ADDRESS": "4169 Bathurst St  ", "PostedDate": "2026-04-24T08:11:32", "AssetName": "Earl Bales Park South Drinking Fountain", "Reason": "None", "Comments": "None", "Status": "1" }, "geometry": { "type": "MultiPoint", "coordinates": [ [ -79.42789959, 43.75216887 ] ] } },
{ "type": "Feature", "properties": { "_id": 672, "ASSET_ID": 102064, "LOCATION": "Earl Bales Park", "ALTERNATIVE_NAME": "Earl Bales Park Dog Off-Leash Area Bottle Filling Station", "TYPE": "Bottle Filling Station", "ACCESSIBLE_FEATURES": "None", "HOURS": "None", "LOCATION_DETAILS": "Located on the pathway north of the dog off-leash area. ", "URL": "https://www.toronto.ca/explore-enjoy/parks-recreation/places-spaces/parks-and-recreation-facilities/location/?id=337", "ADDRESS": "4169 Bathurst St  ", "PostedDate": "2026-04-24T08:11:16", "AssetName": "Earl Bales Park Dog Off-Leash Area Bottle Filling Station", "Reason": "None", "Comments": "None", "Status": "1" }, "geometry": { "type": "MultiPoint", "coordinates": [ [ -79.43067171, 43.75625163 ] ] } },
{ "type": "Feature", "properties": { "_id": 673, "ASSET_ID": 13260, "LOCATION": "Earl Bales Park", "ALTERNATIVE_NAME": "Earl Bales Park Community Centre Drinking Fountain", "TYPE": "Drinking Fountain", "ACCESSIBLE_FEATURES": "None", "HOURS": "None", "LOCATION_DETAILS": "Located near the front entrance to the Community Centre.", "URL": "https://www.toronto.ca/explore-enjoy/parks-recreation/places-spaces/parks-and-recreation-facilities/location/?id=337", "ADDRESS": "4169 Bathurst St  ", "PostedDate": "2026-04-24T08:10:55", "AssetName": "Earl Bales Park Community Centre Drinking Fountain", "Reason": "None", "Comments": "None", "Status": "1" }, "geometry": { "type": "MultiPoint", "coordinates": [ [ -79.43411602, 43.75443945 ] ] } },
{ "type": "Feature", "properties": { "_id": 674, "ASSET_ID": 103214, "LOCATION": "Elie Wiesel Park", "ALTERNATIVE_NAME": "Elie Wiesel Park Bottle Filling Station", "TYPE": "Bottle Filling Station", "ACCESSIBLE_FEATURES": "None", "HOURS": "None", "LOCATION_DETAILS": "Located on the south side of the washroom building.", "URL": "https://www.toronto.ca/explore-enjoy/parks-recreation/places-spaces/parks-and-recreation-facilities/location/?id=490", "ADDRESS": "30 Palm Dr", "PostedDate": "2026-04-24T08:10:40", "AssetName": "Elie Wiesel Park Bottle Filling Station", "Reason": "None", "Comments": "None", "Status": "1" }, "geometry": { "type": "MultiPoint", "coordinates": [ [ -79.43763294, 43.74603967 ] ] } },
{ "type": "Feature", "properties": { "_id": 675, "ASSET_ID": 102030, "LOCATION": "Stanley Greene Park", "ALTERNATIVE_NAME": "Stanley Greene Park Drinking Water Station", "TYPE": "Bottle Filling Station, Drinking Fountain", "ACCESSIBLE_FEATURES": "None", "HOURS": "None", "LOCATION_DETAILS": "Located outside the washroom building east of the splash pad.", "URL": "https://www.toronto.ca/explore-enjoy/parks-recreation/places-spaces/parks-and-recreation-facilities/location/?id=3693", "ADDRESS": "55 Stanley Greene Blvd.   ", "PostedDate": "2026-04-24T08:10:13", "AssetName": "Stanley Greene Park Drinking Water Station", "Reason": "None", "Comments": "None", "Status": "1" }, "geometry": { "type": "MultiPoint", "coordinates": [ [ -79.47750329, 43.73415995 ] ] } },
{ "type": "Feature", "properties": { "_id": 676, "ASSET_ID": 13293, "LOCATION": "Roding Park", "ALTERNATIVE_NAME": "Roding Park Outdoor Pool Drinking Fountain", "TYPE": "Drinking Fountain", "ACCESSIBLE_FEATURES": "None", "HOURS": "View outdoor pool hours", "LOCATION_DETAILS": "Located on the deck of the outdoor pool.", "URL": "https://www.toronto.ca/explore-enjoy/parks-recreation/places-spaces/parks-and-recreation-facilities/location/?id=745", "ADDRESS": "600 Roding St  ", "PostedDate": "2026-04-24T08:09:54", "AssetName": "Roding Park Outdoor Pool Drinking Fountain", "Reason": "None", "Comments": "None", "Status": "1" }, "geometry": { "type": "MultiPoint", "coordinates": [ [ -79.49232557, 43.72903246 ] ] } },
{ "type": "Feature", "properties": { "_id": 677, "ASSET_ID": 2304, "LOCATION": "Giltspur Park", "ALTERNATIVE_NAME": "Giltspur Park Drinking Fountain", "TYPE": "Drinking Fountain", "ACCESSIBLE_FEATURES": "None", "HOURS": "None", "LOCATION_DETAILS": "Located between the playground and bocce courts.", "URL": "https://www.toronto.ca/explore-enjoy/parks-recreation/places-spaces/parks-and-recreation-facilities/location/?id=637", "ADDRESS": "85 Magellan Dr  ", "PostedDate": "2026-04-24T08:09:40", "AssetName": "Giltspur Park Drinking Fountain", "Reason": "None", "Comments": "None", "Status": "1" }, "geometry": { "type": "MultiPoint", "coordinates": [ [ -79.50818356, 43.7357612 ] ] } },
{ "type": "Feature", "properties": { "_id": 678, "ASSET_ID": 2583, "LOCATION": "Strathburn Park", "ALTERNATIVE_NAME": "Strathburn Park Playground Drinking Fountain", "TYPE": "Drinking Fountain", "ACCESSIBLE_FEATURES": "None", "HOURS": "None", "LOCATION_DETAILS": "Located south of the playground.", "URL": "https://www.toronto.ca/explore-enjoy/parks-recreation/places-spaces/parks-and-recreation-facilities/location/?id=762", "ADDRESS": "55 Strathburn Blvd  ", "PostedDate": "2026-04-24T07:43:30", "AssetName": "Strathburn Park Playground Drinking Fountain", "Reason": "None", "Comments": "None", "Status": "1" }, "geometry": { "type": "MultiPoint", "coordinates": [ [ -79.532312, 43.72165493 ] ] } },
{ "type": "Feature", "properties": { "_id": 679, "ASSET_ID": 102175, "LOCATION": "Willard Gardens Parkette", "ALTERNATIVE_NAME": "Willard Gardens Playground Parkette Drinking Fountain", "TYPE": "Drinking Fountain", "ACCESSIBLE_FEATURES": "None", "HOURS": "None", "LOCATION_DETAILS": "Located southeast of the playground across the cul-de-sac.", "URL": "https://www.toronto.ca/explore-enjoy/parks-recreation/places-spaces/parks-and-recreation-facilities/location/?id=293", "ADDRESS": "55 Mayfield Ave  ", "PostedDate": "2026-04-24T07:42:34", "AssetName": "Willard Gardens Playground Parkette Drinking Fountain", "Reason": "None", "Comments": "None", "Status": "1" }, "geometry": { "type": "MultiPoint", "coordinates": [ [ -79.48082889, 43.6475372 ] ] } },
{ "type": "Feature", "properties": { "_id": 680, "ASSET_ID": 2439, "LOCATION": "Cashman Park", "ALTERNATIVE_NAME": "Cashman Park Drinking Fountain", "TYPE": "Drinking Fountain", "ACCESSIBLE_FEATURES": "None", "HOURS": "None", "LOCATION_DETAILS": "Located on the grassy area in the south west part of the park.", "URL": "https://www.toronto.ca/explore-enjoy/parks-recreation/places-spaces/parks-and-recreation-facilities/location/?id=1923", "ADDRESS": "4 Langmuir Cres  ", "PostedDate": "2026-04-24T07:42:21", "AssetName": "Cashman Park Drinking Fountain", "Reason": "None", "Comments": "None", "Status": "1" }, "geometry": { "type": "MultiPoint", "coordinates": [ [ -79.49351457, 43.6554367 ] ] } },
{ "type": "Feature", "properties": { "_id": 681, "ASSET_ID": 71083, "LOCATION": "Clarence Square Park", "ALTERNATIVE_NAME": "Clarence Square Park Monument Bottle Filling Station", "TYPE": "Bottle Filling Station", "ACCESSIBLE_FEATURES": "None", "HOURS": "None", "LOCATION_DETAILS": "Located on the grassy area east of the monument. ", "URL": "https://www.toronto.ca/explore-enjoy/parks-recreation/places-spaces/parks-and-recreation-facilities/location/?id=204", "ADDRESS": "25 Clarence Sq  ", "PostedDate": "2026-04-23T11:20:53", "AssetName": "Clarence Square Park Monument Bottle Filling Station", "Reason": "None", "Comments": "None", "Status": "1" }, "geometry": { "type": "MultiPoint", "coordinates": [ [ -79.39361702, 43.64418853 ] ] } },
{ "type": "Feature", "properties": { "_id": 682, "ASSET_ID": 2410, "LOCATION": "Clarence Square Park", "ALTERNATIVE_NAME": "Clarence Square Park Dog Off-Leash Area South Drinking Water Station", "TYPE": "Bottle Filling Station, Dog Fountain", "ACCESSIBLE_FEATURES": "None", "HOURS": "None", "LOCATION_DETAILS": "Located near the south fence half way between the East and West entrance gates to the dog off-leash area.", "URL": "https://www.toronto.ca/explore-enjoy/parks-recreation/places-spaces/parks-and-recreation-facilities/location/?id=204", "ADDRESS": "25 Clarence Sq  ", "PostedDate": "2026-04-23T11:20:45", "AssetName": "Clarence Square Park Dog Off-Leash Area South Dog Fountain", "Reason": "None", "Comments": "None", "Status": "1" }, "geometry": { "type": "MultiPoint", "coordinates": [ [ -79.39349889, 43.6438968 ] ] } },
{ "type": "Feature", "properties": { "_id": 683, "ASSET_ID": 57602, "LOCATION": "Clarence Square Park", "ALTERNATIVE_NAME": "Clarence Square Park Dog Off-Leash Area North Dog Fountain", "TYPE": "Dog Fountain", "ACCESSIBLE_FEATURES": "None", "HOURS": "None", "LOCATION_DETAILS": "Located near the north entrance gate of the dog off-leash area. ", "URL": "https://www.toronto.ca/explore-enjoy/parks-recreation/places-spaces/parks-and-recreation-facilities/location/?id=204", "ADDRESS": "25 Clarence Sq  ", "PostedDate": "2026-04-23T11:20:36", "AssetName": "Clarence Square Park Dog Off-Leash Area North Dog Fountain", "Reason": "None", "Comments": "None", "Status": "1" }, "geometry": { "type": "MultiPoint", "coordinates": [ [ -79.39355145, 43.64402882 ] ] } },
{ "type": "Feature", "properties": { "_id": 684, "ASSET_ID": 2433, "LOCATION": "Barbara Hall Park", "ALTERNATIVE_NAME": "Barbara Hall Park Splash Pad Drinking Water Station", "TYPE": "Drinking Fountain, Dog Fountain", "ACCESSIBLE_FEATURES": "None", "HOURS": "None", "LOCATION_DETAILS": "Located on the pathway north of the splash pad.", "URL": "https://www.toronto.ca/explore-enjoy/parks-recreation/places-spaces/parks-and-recreation-facilities/location/?id=163", "ADDRESS": "519 Church St  ", "PostedDate": "2026-04-23T11:20:04", "AssetName": "Barbara Hall Park Splash Pad Drinking Water Station", "Reason": "None", "Comments": "None", "Status": "1" }, "geometry": { "type": "MultiPoint", "coordinates": [ [ -79.38063744, 43.66671255 ] ] } },
{ "type": "Feature", "properties": { "_id": 685, "ASSET_ID": 102271, "LOCATION": "Barbara Hall Park", "ALTERNATIVE_NAME": "Barbara Hall Park Dog Off-Leash Area Dog Fountain", "TYPE": "Dog Fountain", "ACCESSIBLE_FEATURES": "None", "HOURS": "None", "LOCATION_DETAILS": "Located in the dog-off leash area.", "URL": "https://www.toronto.ca/explore-enjoy/parks-recreation/places-spaces/parks-and-recreation-facilities/location/?id=163", "ADDRESS": "519 Church St  ", "PostedDate": "2026-04-23T11:19:49", "AssetName": "Barbara Hall Park Dog Off-Leash Area Dog Fountain", "Reason": "None", "Comments": "None", "Status": "1" }, "geometry": { "type": "MultiPoint", "coordinates": [ [ -79.3799776, 43.66674421 ] ] } },
{ "type": "Feature", "properties": { "_id": 686, "ASSET_ID": 2413, "LOCATION": "Christie Pits Park", "ALTERNATIVE_NAME": "Christie Pits Park Wading Pool Drinking Fountain", "TYPE": "Drinking Fountain", "ACCESSIBLE_FEATURES": "None", "HOURS": "None", "LOCATION_DETAILS": "Located on the west side of the wading pool. ", "URL": "https://www.toronto.ca/explore-enjoy/parks-recreation/places-spaces/parks-and-recreation-facilities/location/?id=196", "ADDRESS": "750 Bloor St  W ", "PostedDate": "2026-04-23T11:18:33", "AssetName": "Christie Pits Park Wading Pool Drinking Fountain", "Reason": "None", "Comments": "None", "Status": "1" }, "geometry": { "type": "MultiPoint", "coordinates": [ [ -79.42068425, 43.66441284 ] ] } },
{ "type": "Feature", "properties": { "_id": 687, "ASSET_ID": 18665, "LOCATION": "Bobbie Rosenfeld Park", "ALTERNATIVE_NAME": "Bobbie Rosenfeld Park Drinking Fountain", "TYPE": "Drinking Fountain", "ACCESSIBLE_FEATURES": "None", "HOURS": "None", "LOCATION_DETAILS": "Located next to the north garden bed, at the bottom of a staircase.", "URL": "https://www.toronto.ca/explore-enjoy/parks-recreation/places-spaces/parks-and-recreation-facilities/location/?id=364", "ADDRESS": "294 Bremner Blvd  ", "PostedDate": "2026-04-23T11:17:51", "AssetName": "Bobbie Rosenfeld Park Drinking Fountain", "Reason": "None", "Comments": "None", "Status": "1" }, "geometry": { "type": "MultiPoint", "coordinates": [ [ -79.38760005, 43.64214761 ] ] } },
{ "type": "Feature", "properties": { "_id": 688, "ASSET_ID": 2506, "LOCATION": "Aldwych Park", "ALTERNATIVE_NAME": "Aldwych Park Drinking Fountain", "TYPE": "Drinking Fountain", "ACCESSIBLE_FEATURES": "None", "HOURS": "None", "LOCATION_DETAILS": "Located on the east side of the splash pad. ", "URL": "https://www.toronto.ca/explore-enjoy/parks-recreation/places-spaces/parks-and-recreation-facilities/location/?id=2023", "ADDRESS": "134 Aldwych Ave  ", "PostedDate": "2026-04-23T11:17:06", "AssetName": "Aldwych Park Drinking Fountain", "Reason": "None", "Comments": "None", "Status": "1" }, "geometry": { "type": "MultiPoint", "coordinates": [ [ -79.34100641, 43.68492008 ] ] } },
{ "type": "Feature", "properties": { "_id": 689, "ASSET_ID": 75648, "LOCATION": "Aitken Place Park", "ALTERNATIVE_NAME": "Aitken Place Park Bottle Filling Station", "TYPE": "Bottle Filling Station", "ACCESSIBLE_FEATURES": "None", "HOURS": "None", "LOCATION_DETAILS": "Located on the west side of the park south of the playground.", "URL": "https://www.toronto.ca/explore-enjoy/parks-recreation/places-spaces/parks-and-recreation-facilities/location/?id=3660", "ADDRESS": "90 Merchants' Wharf   ", "PostedDate": "2026-04-23T11:16:41", "AssetName": "Aitken Place Park Bottle Filling Station", "Reason": "None", "Comments": "None", "Status": "1" }, "geometry": { "type": "MultiPoint", "coordinates": [ [ -79.36271849, 43.64490679 ] ] } },
{ "type": "Feature", "properties": { "_id": 690, "ASSET_ID": 102132, "LOCATION": "45 Dalhousie Street Park", "ALTERNATIVE_NAME": "45 Dalhousie Street Drinking Water Station", "TYPE": "Bottle Filling Station, Drinking Fountain, Dog Fountain", "ACCESSIBLE_FEATURES": "None", "HOURS": "None", "LOCATION_DETAILS": "Located in the northwest corner of the park near to Dalhousie Street.", "URL": "https://www.toronto.ca/explore-enjoy/parks-recreation/places-spaces/parks-and-recreation-facilities/location/?id=3715", "ADDRESS": "45 Dalhousie St   ", "PostedDate": "2026-04-23T11:15:27", "AssetName": "45 Dalhousie Street Drinking Water Station", "Reason": "None", "Comments": "None", "Status": "1" }, "geometry": { "type": "MultiPoint", "coordinates": [ [ -79.37554059, 43.65456298 ] ] } },
{ "type": "Feature", "properties": { "_id": 691, "ASSET_ID": 77317, "LOCATION": "Flemingdon Park", "ALTERNATIVE_NAME": "Flemingdon Park Community Garden Drinking Fountain", "TYPE": "Drinking Fountain", "ACCESSIBLE_FEATURES": "None", "HOURS": "None", "LOCATION_DETAILS": "Located on the pathway north of the community garden entrance.", "URL": "https://www.toronto.ca/explore-enjoy/parks-recreation/places-spaces/parks-and-recreation-facilities/location/?id=585", "ADDRESS": "150 Grenoble Dr  ", "PostedDate": "2026-04-23T08:49:09", "AssetName": "Flemingdon Park Community Garden Drinking Fountain", "Reason": "None", "Comments": "None", "Status": "1" }, "geometry": { "type": "MultiPoint", "coordinates": [ [ -79.32690564, 43.7139678 ] ] } },
{ "type": "Feature", "properties": { "_id": 692, "ASSET_ID": 2350, "LOCATION": "E.T. Seton Park", "ALTERNATIVE_NAME": "E.T. Seton Park Drinking Fountain", "TYPE": "Drinking Fountain", "ACCESSIBLE_FEATURES": "None", "HOURS": "None", "LOCATION_DETAILS": "Located next to the pathway 50 metres north of the Overlea Boulevard bridge.", "URL": "https://www.toronto.ca/explore-enjoy/parks-recreation/places-spaces/parks-and-recreation-facilities/location/?id=1061", "ADDRESS": "73 Thorncliffe Park Dr  ", "PostedDate": "2026-04-23T08:48:46", "AssetName": "E.T. Seton Park Drinking Fountain", "Reason": "None", "Comments": "None", "Status": "1" }, "geometry": { "type": "MultiPoint", "coordinates": [ [ -79.33747314, 43.70955684 ] ] } },
{ "type": "Feature", "properties": { "_id": 693, "ASSET_ID": 45963, "LOCATION": "Sunnyside Bike Park", "ALTERNATIVE_NAME": "Sunnyside Bike Park Bottle Filling Station", "TYPE": "Bottle Filling Station", "ACCESSIBLE_FEATURES": "None", "HOURS": "None", "LOCATION_DETAILS": "Located at the west end of the park by the drop-off area off of Ellis Avenue.", "URL": "https://www.toronto.ca/explore-enjoy/parks-recreation/places-spaces/parks-and-recreation-facilities/location/?id=2818", "ADDRESS": "3 Ellis Ave  ", "PostedDate": "2026-04-23T08:48:05", "AssetName": "Sunnyside Bike Park Bottle Filling Station", "Reason": "None", "Comments": "None", "Status": "1" }, "geometry": { "type": "MultiPoint", "coordinates": [ [ -79.46517829, 43.63685185 ] ] } },
{ "type": "Feature", "properties": { "_id": 694, "ASSET_ID": 13296, "LOCATION": "Sunnybrook Park", "ALTERNATIVE_NAME": "Sunnybrook Park Concession Stand Drinking Fountain", "TYPE": "Drinking Fountain", "ACCESSIBLE_FEATURES": "None", "HOURS": "None", "LOCATION_DETAILS": "Located outside the snack/concussion stand on the north side.", "URL": "https://www.toronto.ca/explore-enjoy/parks-recreation/places-spaces/parks-and-recreation-facilities/location/?id=28", "ADDRESS": "1132 Leslie St  ", "PostedDate": "2026-04-23T08:47:50", "AssetName": "Sunnybrook Park Concession Stand Drinking Fountain", "Reason": "None", "Comments": "None", "Status": "1" }, "geometry": { "type": "MultiPoint", "coordinates": [ [ -79.36275816, 43.72306498 ] ] } },
{ "type": "Feature", "properties": { "_id": 695, "ASSET_ID": 2584, "LOCATION": "Stratford Park", "ALTERNATIVE_NAME": "Stratford Park Drinking Fountain", "TYPE": "Drinking Fountain", "ACCESSIBLE_FEATURES": "None", "HOURS": "None", "LOCATION_DETAILS": "Located in the middle of the park where all the pathways intersect in a circle.", "URL": "https://www.toronto.ca/explore-enjoy/parks-recreation/places-spaces/parks-and-recreation-facilities/location/?id=1854", "ADDRESS": "2100 Bayview Ave  ", "PostedDate": "2026-04-23T08:47:26", "AssetName": "Stratford Park Drinking Fountain", "Reason": "None", "Comments": "None", "Status": "1" }, "geometry": { "type": "MultiPoint", "coordinates": [ [ -79.37992547, 43.72150202 ] ] } },
{ "type": "Feature", "properties": { "_id": 696, "ASSET_ID": 102076, "LOCATION": "Cheltenham Park", "ALTERNATIVE_NAME": "Cheltenham Park Bottle Filling Station", "TYPE": "Bottle Filling Station", "ACCESSIBLE_FEATURES": "None", "HOURS": "None", "LOCATION_DETAILS": "Located on the pathway near Mildenhall Road.", "URL": "https://www.toronto.ca/explore-enjoy/parks-recreation/places-spaces/parks-and-recreation-facilities/location/?id=488", "ADDRESS": "43 Mildenhall Rd  ", "PostedDate": "2026-04-23T08:47:06", "AssetName": "Cheltenham Park Bottle Filling Station", "Reason": "None", "Comments": "None", "Status": "1" }, "geometry": { "type": "MultiPoint", "coordinates": [ [ -79.38560046, 43.72652281 ] ] } },
{ "type": "Feature", "properties": { "_id": 697, "ASSET_ID": 2177, "LOCATION": "Lessard Park", "ALTERNATIVE_NAME": "Lessard Park Playground Drinking Fountain", "TYPE": "Drinking Fountain", "ACCESSIBLE_FEATURES": "None", "HOURS": "None", "LOCATION_DETAILS": "Located east of the playground.", "URL": "https://www.toronto.ca/explore-enjoy/parks-recreation/places-spaces/parks-and-recreation-facilities/location/?id=334", "ADDRESS": "52 Lessard Ave  ", "PostedDate": "2026-04-23T07:10:07", "AssetName": "Lessard Park Playground Drinking Fountain", "Reason": "None", "Comments": "None", "Status": "1" }, "geometry": { "type": "MultiPoint", "coordinates": [ [ -79.49002462, 43.65385895 ] ] } },
{ "type": "Feature", "properties": { "_id": 698, "ASSET_ID": 102120, "LOCATION": "Futura Parkette", "ALTERNATIVE_NAME": "Futura Parkette Bottle Filling Station", "TYPE": "Bottle Filling Station", "ACCESSIBLE_FEATURES": "None", "HOURS": "None", "LOCATION_DETAILS": "Located on the pathway west of the playground.", "URL": "https://www.toronto.ca/explore-enjoy/parks-recreation/places-spaces/parks-and-recreation-facilities/location/?id=2092", "ADDRESS": "175 Arleta Ave  ", "PostedDate": "2026-04-22T13:51:21", "AssetName": "Futura Parkette Bottle Filling Station", "Reason": "None", "Comments": "None", "Status": "1" }, "geometry": { "type": "MultiPoint", "coordinates": [ [ -79.50768796, 43.74801975 ] ] } },
{ "type": "Feature", "properties": { "_id": 699, "ASSET_ID": 13257, "LOCATION": "Dubray Parkette", "ALTERNATIVE_NAME": "Dubray Parkette Drinking Fountain", "TYPE": "Drinking Fountain", "ACCESSIBLE_FEATURES": "None", "HOURS": "None", "LOCATION_DETAILS": "Located next to the entrance to the bocce courts.", "URL": "https://www.toronto.ca/explore-enjoy/parks-recreation/places-spaces/parks-and-recreation-facilities/location/?id=2274", "ADDRESS": "28 Dubray Ave  ", "PostedDate": "2026-04-22T13:50:54", "AssetName": "Dubray Parkette Drinking Fountain", "Reason": "None", "Comments": "None", "Status": "1" }, "geometry": { "type": "MultiPoint", "coordinates": [ [ -79.47823964, 43.72964846 ] ] } },
{ "type": "Feature", "properties": { "_id": 700, "ASSET_ID": 2130, "LOCATION": "Diana Park", "ALTERNATIVE_NAME": "Diana Park Drinking Fountain", "TYPE": "Drinking Fountain", "ACCESSIBLE_FEATURES": "None", "HOURS": "None", "LOCATION_DETAILS": "Located on the grassy area near the pathway south of the playground.", "URL": "https://www.toronto.ca/explore-enjoy/parks-recreation/places-spaces/parks-and-recreation-facilities/location/?id=280", "ADDRESS": "46 Diana Dr  ", "PostedDate": "2026-04-22T13:50:37", "AssetName": "Diana Park Drinking Fountain", "Reason": "None", "Comments": "None", "Status": "1" }, "geometry": { "type": "MultiPoint", "coordinates": [ [ -79.48899324, 43.74125705 ] ] } },
{ "type": "Feature", "properties": { "_id": 701, "ASSET_ID": 13298, "LOCATION": "Topcliff Park", "ALTERNATIVE_NAME": "Topcliff Park Outdoor Bocce Court Drinking Fountain", "TYPE": "Drinking Fountain", "ACCESSIBLE_FEATURES": "None", "HOURS": "None", "LOCATION_DETAILS": "Located west of the outdoor bocce court. ", "URL": "https://www.toronto.ca/explore-enjoy/parks-recreation/places-spaces/parks-and-recreation-facilities/location/?id=765", "ADDRESS": "75 Topcliff Ave  ", "PostedDate": "2026-04-22T13:50:07", "AssetName": "Topcliff Park Outdoor Bocce Court Drinking Fountain", "Reason": "Maintenance/Repairs", "Comments": "REPLACEMENT REQUIRED", "Status": "2" }, "geometry": { "type": "MultiPoint", "coordinates": [ [ -79.50927521, 43.75545182 ] ] } },
{ "type": "Feature", "properties": { "_id": 702, "ASSET_ID": 80105, "LOCATION": "Fountainhead Park", "ALTERNATIVE_NAME": "Fountainhead Park Bottle Filling Station", "TYPE": "Bottle Filling Station", "ACCESSIBLE_FEATURES": "None", "HOURS": "None", "LOCATION_DETAILS": "Located on the pathway on the south side of the playground.", "URL": "https://www.toronto.ca/explore-enjoy/parks-recreation/places-spaces/parks-and-recreation-facilities/location/?id=593", "ADDRESS": "445 Sentinel Rd  ", "PostedDate": "2026-04-22T13:38:25", "AssetName": "Fountainhead Park Bottle Filling Station", "Reason": "None", "Comments": "None", "Status": "1" }, "geometry": { "type": "MultiPoint", "coordinates": [ [ -79.49809559, 43.76221438 ] ] } },
{ "type": "Feature", "properties": { "_id": 703, "ASSET_ID": 13246, "LOCATION": "Bratty Park", "ALTERNATIVE_NAME": "Bratty Park Drinking Fountain", "TYPE": "Drinking Fountain", "ACCESSIBLE_FEATURES": "None", "HOURS": "None", "LOCATION_DETAILS": "Located on the pathway next to Bratty Road entrance to the park.", "URL": "https://www.toronto.ca/explore-enjoy/parks-recreation/places-spaces/parks-and-recreation-facilities/location/?id=2161", "ADDRESS": "40 Bratty Rd  ", "PostedDate": "2026-04-22T13:37:44", "AssetName": "Bratty Park Drinking Fountain", "Reason": "None", "Comments": "None", "Status": "1" }, "geometry": { "type": "MultiPoint", "coordinates": [ [ -79.49512551, 43.75749604 ] ] } },
{ "type": "Feature", "properties": { "_id": 704, "ASSET_ID": 2160, "LOCATION": "Louise Russo Park", "ALTERNATIVE_NAME": "Louise Russo Park Bocce Court Drinking Fountain", "TYPE": "Drinking Fountain", "ACCESSIBLE_FEATURES": "None", "HOURS": "None", "LOCATION_DETAILS": "Located east of the bocce courts.", "URL": "https://www.toronto.ca/explore-enjoy/parks-recreation/places-spaces/parks-and-recreation-facilities/location/?id=1004", "ADDRESS": "42 Flindon Rd  ", "PostedDate": "2026-04-21T14:28:45", "AssetName": "Louise Russo Park Bocce Court Drinking Fountain", "Reason": "None", "Comments": "None", "Status": "1" }, "geometry": { "type": "MultiPoint", "coordinates": [ [ -79.53988702, 43.72260977 ] ] } },
{ "type": "Feature", "properties": { "_id": 705, "ASSET_ID": 2147, "LOCATION": "Chandos Park North", "ALTERNATIVE_NAME": "Chandos Park North Drinking Fountain", "TYPE": "Drinking Fountain", "ACCESSIBLE_FEATURES": "None", "HOURS": "None", "LOCATION_DETAILS": "Located on the grassy area between Chandos Avenue sidewalk and the sports pad.", "URL": "https://www.toronto.ca/explore-enjoy/parks-recreation/places-spaces/parks-and-recreation-facilities/location/?id=367", "ADDRESS": "75 Lightbourn Ave  ", "PostedDate": "2026-04-21T14:21:12", "AssetName": "Chandos Park North Drinking Fountain", "Reason": "None", "Comments": "None", "Status": "1" }, "geometry": { "type": "MultiPoint", "coordinates": [ [ -79.44272583, 43.67080726 ] ] } },
{ "type": "Feature", "properties": { "_id": 706, "ASSET_ID": 102014, "LOCATION": "Bristol Avenue Parkette West", "ALTERNATIVE_NAME": "Bristol Avenue Parkette West Bottle Filling Station", "TYPE": "Bottle Filling Station", "ACCESSIBLE_FEATURES": "None", "HOURS": "None", "LOCATION_DETAILS": "Located on the pathway east of the playground.", "URL": "https://www.toronto.ca/explore-enjoy/parks-recreation/places-spaces/parks-and-recreation-facilities/location/?id=2175", "ADDRESS": "30 Bristol Ave  ", "PostedDate": "2026-04-21T14:20:05", "AssetName": "Bristol Avenue Parkette West Bottle Filling Station", "Reason": "None", "Comments": "None", "Status": "1" }, "geometry": { "type": "MultiPoint", "coordinates": [ [ -79.43857413, 43.67063444 ] ] } },
{ "type": "Feature", "properties": { "_id": 707, "ASSET_ID": 2481, "LOCATION": "Bartlett Parkette", "ALTERNATIVE_NAME": "Bartlett Parkette Drinking Fountain", "TYPE": "Drinking Fountain", "ACCESSIBLE_FEATURES": "None", "HOURS": "None", "LOCATION_DETAILS": "Located on the grassy area south of the sports pad. ", "URL": "https://www.toronto.ca/explore-enjoy/parks-recreation/places-spaces/parks-and-recreation-facilities/location/?id=361", "ADDRESS": "160 Geary Ave  ", "PostedDate": "2026-04-21T14:19:48", "AssetName": "Bartlett Parkette Drinking Fountain", "Reason": "None", "Comments": "None", "Status": "1" }, "geometry": { "type": "MultiPoint", "coordinates": [ [ -79.43600924, 43.67028401 ] ] } },
{ "type": "Feature", "properties": { "_id": 708, "ASSET_ID": 2657, "LOCATION": "Rosethorn Park", "ALTERNATIVE_NAME": "Rosethorn Park Tennis Court Drinking Fountain", "TYPE": "Drinking Fountain", "ACCESSIBLE_FEATURES": "None", "HOURS": "None", "LOCATION_DETAILS": "Located southwest of the tennis courts.", "URL": "https://www.toronto.ca/explore-enjoy/parks-recreation/places-spaces/parks-and-recreation-facilities/location/?id=987", "ADDRESS": "26 Remington Dr  ", "PostedDate": "2026-04-21T08:54:27", "AssetName": "Rosethorn Park Tennis Court Drinking Fountain", "Reason": "None", "Comments": "None", "Status": "1" }, "geometry": { "type": "MultiPoint", "coordinates": [ [ -79.53825866, 43.65834222 ] ] } },
{ "type": "Feature", "properties": { "_id": 709, "ASSET_ID": 75182, "LOCATION": "Princess Anne Park", "ALTERNATIVE_NAME": "Princess Ann Park Tennis Court Drinking Fountain", "TYPE": "Drinking Fountain", "ACCESSIBLE_FEATURES": "None", "HOURS": "None", "LOCATION_DETAILS": "Located east of the tennis courts.", "URL": "https://www.toronto.ca/explore-enjoy/parks-recreation/places-spaces/parks-and-recreation-facilities/location/?id=951", "ADDRESS": "25 Princess Margaret Blvd  ", "PostedDate": "2026-04-21T08:53:53", "AssetName": "Princess Ann Park Tennis Court Drinking Fountain", "Reason": "None", "Comments": "None", "Status": "1" }, "geometry": { "type": "MultiPoint", "coordinates": [ [ -79.53990975, 43.67287779 ] ] } },
{ "type": "Feature", "properties": { "_id": 710, "ASSET_ID": 2242, "LOCATION": "Home Smith Park", "ALTERNATIVE_NAME": "Home Smith Park Drinking Fountain", "TYPE": "Drinking Fountain", "ACCESSIBLE_FEATURES": "None", "HOURS": "None", "LOCATION_DETAILS": "Located west of the pathway, north of Picnic Site #2.", "URL": "https://www.toronto.ca/explore-enjoy/parks-recreation/places-spaces/parks-and-recreation-facilities/location/?id=15", "ADDRESS": "4101 Dundas St  W ", "PostedDate": "2026-04-21T08:53:14", "AssetName": "Home Smith Park Drinking Fountain", "Reason": "None", "Comments": "None", "Status": "1" }, "geometry": { "type": "MultiPoint", "coordinates": [ [ -79.50118128, 43.65908175 ] ] } },
{ "type": "Feature", "properties": { "_id": 711, "ASSET_ID": 102057, "LOCATION": "High Park", "ALTERNATIVE_NAME": "High Park Wading Pool Bottle Filling Station", "TYPE": "Bottle Filling Station", "ACCESSIBLE_FEATURES": "None", "HOURS": "None", "LOCATION_DETAILS": "Located next to the wading pool.", "URL": "https://www.toronto.ca/explore-enjoy/parks-recreation/places-spaces/parks-and-recreation-facilities/location/?id=77", "ADDRESS": "1873 Bloor St  W ", "PostedDate": "2026-04-21T07:32:26", "AssetName": "High Park Wading Pool Bottle Filling Station", "Reason": "None", "Comments": "None", "Status": "1" }, "geometry": { "type": "MultiPoint", "coordinates": [ [ -79.4675918, 43.65112223 ] ] } },
{ "type": "Feature", "properties": { "_id": 712, "ASSET_ID": 102217, "LOCATION": "High Park", "ALTERNATIVE_NAME": "High Park Tennis Court Drinking Fountain", "TYPE": "Drinking Fountain", "ACCESSIBLE_FEATURES": "None", "HOURS": "None", "LOCATION_DETAILS": "Located north of the High Park Tennis Courts.", "URL": "https://www.toronto.ca/explore-enjoy/parks-recreation/places-spaces/parks-and-recreation-facilities/location/?id=77", "ADDRESS": "1873 Bloor St  W ", "PostedDate": "2026-04-21T07:32:15", "AssetName": "High Park Tennis Court Drinking Fountain", "Reason": "None", "Comments": "None", "Status": "1" }, "geometry": { "type": "MultiPoint", "coordinates": [ [ -79.46394543, 43.65093504 ] ] } },
{ "type": "Feature", "properties": { "_id": 713, "ASSET_ID": 102081, "LOCATION": "High Park", "ALTERNATIVE_NAME": "High Park Maple Leaf Bottle Filling Station", "TYPE": "Bottle Filling Station", "ACCESSIBLE_FEATURES": "None", "HOURS": "None", "LOCATION_DETAILS": "Located on the pathway south of Hillside gardens.", "URL": "https://www.toronto.ca/explore-enjoy/parks-recreation/places-spaces/parks-and-recreation-facilities/location/?id=77", "ADDRESS": "1873 Bloor St  W ", "PostedDate": "2026-04-21T07:30:53", "AssetName": "High Park Maple Leaf Bottle Filling Station", "Reason": "None", "Comments": "None", "Status": "1" }, "geometry": { "type": "MultiPoint", "coordinates": [ [ -79.46680836, 43.64275963 ] ] } },
{ "type": "Feature", "properties": { "_id": 714, "ASSET_ID": 102073, "LOCATION": "High Park", "ALTERNATIVE_NAME": "High Park James Bell Adventure Playground Bottle Filling Station", "TYPE": "Bottle Filling Station", "ACCESSIBLE_FEATURES": "None", "HOURS": "None", "LOCATION_DETAILS": "Located next to James Bell Adventure playground.", "URL": "https://www.toronto.ca/explore-enjoy/parks-recreation/places-spaces/parks-and-recreation-facilities/location/?id=77", "ADDRESS": "1873 Bloor St  W ", "PostedDate": "2026-04-21T07:30:42", "AssetName": "High Park James Bell Adventure Playground Bottle Filling Station", "Reason": "None", "Comments": "None", "Status": "1" }, "geometry": { "type": "MultiPoint", "coordinates": [ [ -79.45766586, 43.64333485 ] ] } },
{ "type": "Feature", "properties": { "_id": 715, "ASSET_ID": 2257, "LOCATION": "High Park", "ALTERNATIVE_NAME": "High Park Hillside Gardens Drinking Fountain", "TYPE": "Drinking Fountain", "ACCESSIBLE_FEATURES": "None", "HOURS": "None", "LOCATION_DETAILS": "Located on the pathway behind the Park Office building on Colborne Lodge Drive.", "URL": "https://www.toronto.ca/explore-enjoy/parks-recreation/places-spaces/parks-and-recreation-facilities/location/?id=77", "ADDRESS": "1873 Bloor St  W ", "PostedDate": "2026-04-21T07:29:52", "AssetName": "High Park Hillside Gardens Drinking Fountain", "Reason": "None", "Comments": "None", "Status": "1" }, "geometry": { "type": "MultiPoint", "coordinates": [ [ -79.46451954, 43.64305862 ] ] } },
{ "type": "Feature", "properties": { "_id": 716, "ASSET_ID": 2255, "LOCATION": "High Park", "ALTERNATIVE_NAME": "High Park Grenadier Viewing Deck Drinking Fountain", "TYPE": "Drinking Fountain", "ACCESSIBLE_FEATURES": "None", "HOURS": "None", "LOCATION_DETAILS": "Located on the pathway east of the Grenadier Pond wooden viewing platform.", "URL": "https://www.toronto.ca/explore-enjoy/parks-recreation/places-spaces/parks-and-recreation-facilities/location/?id=77", "ADDRESS": "1873 Bloor St  W ", "PostedDate": "2026-04-21T07:29:40", "AssetName": "High Park Grenadier Viewing Deck Drinking Fountain", "Reason": "None", "Comments": "None", "Status": "1" }, "geometry": { "type": "MultiPoint", "coordinates": [ [ -79.46553083, 43.6420003 ] ] } },
{ "type": "Feature", "properties": { "_id": 717, "ASSET_ID": 2254, "LOCATION": "High Park", "ALTERNATIVE_NAME": "High Park Dog Off-Leash Area Dog Fountain", "TYPE": "Dog Fountain", "ACCESSIBLE_FEATURES": "None", "HOURS": "None", "LOCATION_DETAILS": "Located in the dog off-leash area.", "URL": "https://www.toronto.ca/explore-enjoy/parks-recreation/places-spaces/parks-and-recreation-facilities/location/?id=77", "ADDRESS": "1873 Bloor St  W ", "PostedDate": "2026-04-21T07:29:30", "AssetName": "High Park Dog Off-Leash Area Dog Fountain", "Reason": "None", "Comments": "None", "Status": "1" }, "geometry": { "type": "MultiPoint", "coordinates": [ [ -79.46308105, 43.64640161 ] ] } },
{ "type": "Feature", "properties": { "_id": 718, "ASSET_ID": 102148, "LOCATION": "High Park", "ALTERNATIVE_NAME": "High Park Chess House Drinking Water Station", "TYPE": "Bottle Filling Station, Drinking Fountain, Dog Fountain", "ACCESSIBLE_FEATURES": "None", "HOURS": "None", "LOCATION_DETAILS": "Located east of the Chess House building near Bloor Street West.", "URL": "https://www.toronto.ca/explore-enjoy/parks-recreation/places-spaces/parks-and-recreation-facilities/location/?id=77", "ADDRESS": "1873 Bloor St  W ", "PostedDate": "2026-04-21T07:29:23", "AssetName": "High Park Chess House Drinking Water Station", "Reason": "None", "Comments": "None", "Status": "1" }, "geometry": { "type": "MultiPoint", "coordinates": [ [ -79.46609605, 43.65285757 ] ] } },
{ "type": "Feature", "properties": { "_id": 719, "ASSET_ID": 2250, "LOCATION": "High Park", "ALTERNATIVE_NAME": "High Park  Nature Centre Drinking Fountain", "TYPE": "Drinking Fountain", "ACCESSIBLE_FEATURES": "None", "HOURS": "None", "LOCATION_DETAILS": "Located on the grassy  area between the tennis courts and the Nature centre.", "URL": "https://www.toronto.ca/explore-enjoy/parks-recreation/places-spaces/parks-and-recreation-facilities/location/?id=77", "ADDRESS": "1873 Bloor St  W ", "PostedDate": "2026-04-21T07:29:08", "AssetName": "High Park  Nature Centre Drinking Fountain", "Reason": "None", "Comments": "None", "Status": "1" }, "geometry": { "type": "MultiPoint", "coordinates": [ [ -79.45896775, 43.65126721 ] ] } },
{ "type": "Feature", "properties": { "_id": 720, "ASSET_ID": 102117, "LOCATION": "North Keelesdale Park", "ALTERNATIVE_NAME": "North Keelesdale Park Bottle Filling Station", "TYPE": "Bottle Filling Station", "ACCESSIBLE_FEATURES": "None", "HOURS": "None", "LOCATION_DETAILS": "Located north of the washroom building between the parking lot and the baseball diamond.", "URL": "https://www.toronto.ca/explore-enjoy/parks-recreation/places-spaces/parks-and-recreation-facilities/location/?id=715", "ADDRESS": "415 Black Creek Dr  ", "PostedDate": "2026-04-21T06:20:28", "AssetName": "North Keelesdale Park Bottle Filling Station", "Reason": "None", "Comments": "None", "Status": "1" }, "geometry": { "type": "MultiPoint", "coordinates": [ [ -79.48261838, 43.69000359 ] ] } },
{ "type": "Feature", "properties": { "_id": 721, "ASSET_ID": 2728, "LOCATION": "Noble Park", "ALTERNATIVE_NAME": "Noble Park Drinking Fountain", "TYPE": "Drinking Fountain", "ACCESSIBLE_FEATURES": "None", "HOURS": "None", "LOCATION_DETAILS": "Located in the southeast corner of the park, close to Sandcliff Road.", "URL": "https://www.toronto.ca/explore-enjoy/parks-recreation/places-spaces/parks-and-recreation-facilities/location/?id=1974", "ADDRESS": "74 Sandcliff Rd  ", "PostedDate": "2026-04-21T06:17:59", "AssetName": "Noble Park Drinking Fountain", "Reason": "None", "Comments": "None", "Status": "1" }, "geometry": { "type": "MultiPoint", "coordinates": [ [ -79.50054822, 43.67721754 ] ] } },
{ "type": "Feature", "properties": { "_id": 722, "ASSET_ID": 2465, "LOCATION": "Bluehaven Park", "ALTERNATIVE_NAME": "Bluehaven Park Drinking Fountain", "TYPE": "Drinking Fountain", "ACCESSIBLE_FEATURES": "None", "HOURS": "None", "LOCATION_DETAILS": "Located on the grassy area south of the playground.", "URL": "https://www.toronto.ca/explore-enjoy/parks-recreation/places-spaces/parks-and-recreation-facilities/location/?id=536", "ADDRESS": "19 Blue Haven Cres  ", "PostedDate": "2026-04-17T08:37:35", "AssetName": "Bluehaven Park Drinking Fountain", "Reason": "None", "Comments": "None", "Status": "1" }, "geometry": { "type": "MultiPoint", "coordinates": [ [ -79.55675563, 43.7453843 ] ] } },
{ "type": "Feature", "properties": { "_id": 723, "ASSET_ID": 102188, "LOCATION": "Elm Park - York", "ALTERNATIVE_NAME": "Elm Park York Playground Drinking Fountain", "TYPE": "Drinking Fountain", "ACCESSIBLE_FEATURES": "None", "HOURS": "None", "LOCATION_DETAILS": "Located at the north end of the playground.", "URL": "https://www.toronto.ca/explore-enjoy/parks-recreation/places-spaces/parks-and-recreation-facilities/location/?id=880", "ADDRESS": "54 Elm St  ", "PostedDate": "2026-04-17T08:37:25", "AssetName": "Elm Park York Playground Drinking Fountain", "Reason": "None", "Comments": "None", "Status": "1" }, "geometry": { "type": "MultiPoint", "coordinates": [ [ -79.51611845, 43.70652482 ] ] } },
{ "type": "Feature", "properties": { "_id": 724, "ASSET_ID": 102078, "LOCATION": "Chestnut Hills Park", "ALTERNATIVE_NAME": "Chestnut Hills Park Bottle Filling Station", "TYPE": "Bottle Filling Station", "ACCESSIBLE_FEATURES": "None", "HOURS": "None", "LOCATION_DETAILS": "Located on the pathway to the playground from Chestnut Hills Parkway.", "URL": "https://www.toronto.ca/explore-enjoy/parks-recreation/places-spaces/parks-and-recreation-facilities/location/?id=1009", "ADDRESS": "1391 Islington Ave  ", "PostedDate": "2026-04-17T08:30:49", "AssetName": "Chestnut Hills Park Bottle Filling Station", "Reason": "None", "Comments": "None", "Status": "1" }, "geometry": { "type": "MultiPoint", "coordinates": [ [ -79.52716856, 43.65587548 ] ] } },
{ "type": "Feature", "properties": { "_id": 725, "ASSET_ID": 2328, "LOCATION": "Esther Lorrie Park", "ALTERNATIVE_NAME": "Esther Lorrie Park Drinking Fountain", "TYPE": "Drinking Fountain", "ACCESSIBLE_FEATURES": "None", "HOURS": "None", "LOCATION_DETAILS": "Located on the grassy area west of the parking lot. ", "URL": "https://www.toronto.ca/explore-enjoy/parks-recreation/places-spaces/parks-and-recreation-facilities/location/?id=841", "ADDRESS": "50 Westhumber Blvd  ", "PostedDate": "2026-04-16T10:34:22", "AssetName": "Esther Lorrie Park Drinking Fountain", "Reason": "None", "Comments": "None", "Status": "1" }, "geometry": { "type": "MultiPoint", "coordinates": [ [ -79.57974319, 43.72716054 ] ] } },
{ "type": "Feature", "properties": { "_id": 726, "ASSET_ID": 2347, "LOCATION": "Earlscourt Park", "ALTERNATIVE_NAME": "Earlscourt Park Dog Off-Leash Area Dog Fountain", "TYPE": "Dog Fountain", "ACCESSIBLE_FEATURES": "None", "HOURS": "None", "LOCATION_DETAILS": "Located in the middle of the dog off-leash area.", "URL": "https://www.toronto.ca/explore-enjoy/parks-recreation/places-spaces/parks-and-recreation-facilities/location/?id=514", "ADDRESS": "1200 Lansdowne Ave  ", "PostedDate": "2026-04-16T10:22:00", "AssetName": "Earlscourt Park Dog Off-Leash Area Dog Fountain", "Reason": "None", "Comments": "None", "Status": "1" }, "geometry": { "type": "MultiPoint", "coordinates": [ [ -79.44933137, 43.67202431 ] ] } },
{ "type": "Feature", "properties": { "_id": 727, "ASSET_ID": 102247, "LOCATION": "Albion Gardens Park", "ALTERNATIVE_NAME": "Albion Gardens Park Drinking Fountain", "TYPE": "Drinking Fountain", "ACCESSIBLE_FEATURES": "None", "HOURS": "None", "LOCATION_DETAILS": "Located on the west side of the playground, between the playgroudn and the tennis courts.", "URL": "https://www.toronto.ca/explore-enjoy/parks-recreation/places-spaces/parks-and-recreation-facilities/location/?id=923", "ADDRESS": "41 Deanlea Crt  ", "PostedDate": "2026-04-16T10:14:49", "AssetName": "Albion Gardens Park Drinking Fountain", "Reason": "None", "Comments": "None", "Status": "1" }, "geometry": { "type": "MultiPoint", "coordinates": [ [ -79.55877665, 43.739285 ] ] } },
{ "type": "Feature", "properties": { "_id": 728, "ASSET_ID": 102075, "LOCATION": "High Park", "ALTERNATIVE_NAME": "High Park Parkside Drive Bottle Filling Station", "TYPE": "Bottle Filling Station", "ACCESSIBLE_FEATURES": "None", "HOURS": "None", "LOCATION_DETAILS": "Located along the pathway north of Picnic Site #26 and west of the washroom building along Parkside Drive.", "URL": "https://www.toronto.ca/explore-enjoy/parks-recreation/places-spaces/parks-and-recreation-facilities/location/?id=77", "ADDRESS": "1873 Bloor St  W ", "PostedDate": "2026-04-16T10:11:38", "AssetName": "High Park Parkside Drive Bottle Filling Station", "Reason": "None", "Comments": "None", "Status": "1" }, "geometry": { "type": "MultiPoint", "coordinates": [ [ -79.45756651, 43.64427265 ] ] } },
{ "type": "Feature", "properties": { "_id": 729, "ASSET_ID": 43302, "LOCATION": "Amesbury Park", "ALTERNATIVE_NAME": "Amesbury Park Basketball Court Drinking Fountain", "TYPE": "Drinking Fountain", "ACCESSIBLE_FEATURES": "None", "HOURS": "None", "LOCATION_DETAILS": "Located on the pathway between the Community Centre and the basketball courts.", "URL": "https://www.toronto.ca/explore-enjoy/parks-recreation/places-spaces/parks-and-recreation-facilities/location/?id=484", "ADDRESS": "151 Culford Rd  ", "PostedDate": "2026-04-16T09:54:15", "AssetName": "Amesbury Park Basketball Court Drinking Fountain", "Reason": "None", "Comments": "None", "Status": "1" }, "geometry": { "type": "MultiPoint", "coordinates": [ [ -79.48278086, 43.70694589 ] ] } },
{ "type": "Feature", "properties": { "_id": 730, "ASSET_ID": 2500, "LOCATION": "Amesbury Park", "ALTERNATIVE_NAME": "Amesbury Park Baseball Diamond Drinking Fountain", "TYPE": "Drinking Fountain", "ACCESSIBLE_FEATURES": "None", "HOURS": "None", "LOCATION_DETAILS": "Located on the pathway east of the central baseball diamond.", "URL": "https://www.toronto.ca/explore-enjoy/parks-recreation/places-spaces/parks-and-recreation-facilities/location/?id=484", "ADDRESS": "151 Culford Rd  ", "PostedDate": "2026-04-16T09:54:08", "AssetName": "Amesbury Park Baseball Diamond Drinking Fountain", "Reason": "None", "Comments": "None", "Status": "1" }, "geometry": { "type": "MultiPoint", "coordinates": [ [ -79.48077909, 43.70694577 ] ] } },
{ "type": "Feature", "properties": { "_id": 731, "ASSET_ID": 41102, "LOCATION": "Amesbury Park", "ALTERNATIVE_NAME": "Amesbury Park Baseball Diamond Bottle Filling Station", "TYPE": "Bottle Filling Station", "ACCESSIBLE_FEATURES": "None", "HOURS": "None", "LOCATION_DETAILS": "Located on the pathway east of the central baseball diamond.", "URL": "https://www.toronto.ca/explore-enjoy/parks-recreation/places-spaces/parks-and-recreation-facilities/location/?id=484", "ADDRESS": "151 Culford Rd  ", "PostedDate": "2026-04-16T09:53:43", "AssetName": "Amesbury Park Baseball Diamond Bottle Filling Station", "Reason": "None", "Comments": "None", "Status": "1" }, "geometry": { "type": "MultiPoint", "coordinates": [ [ -79.48077092, 43.70693831 ] ] } },
{ "type": "Feature", "properties": { "_id": 732, "ASSET_ID": 1000864, "LOCATION": "Scarborough Village Park", "ALTERNATIVE_NAME": "Scarborough Village Park Playground Bottle Filler", "TYPE": "Bottle Filling Station", "ACCESSIBLE_FEATURES": "None", "HOURS": "None", "LOCATION_DETAILS": "On the pathway North of the Splash Pad", "URL": "https://www.toronto.ca/explore-enjoy/parks-recreation/places-spaces/parks-and-recreation-facilities/location/?id=746", "ADDRESS": "23 Gatesview Ave", "PostedDate": "2026-02-20T16:04:53", "AssetName": "Scarborough Village Park Playground Bottle Filler", "Reason": "None", "Comments": "None", "Status": "1" }, "geometry": { "type": "MultiPoint", "coordinates": [ [ -79.2139607, 43.74710345 ] ] } },
{ "type": "Feature", "properties": { "_id": 733, "ASSET_ID": 2539, "LOCATION": "Toronto Islands - Ward's Island", "ALTERNATIVE_NAME": "Toronto Islands - Ward's Island Fire Station Drinking Fountain", "TYPE": "Drinking Fountain", "ACCESSIBLE_FEATURES": "None", "HOURS": "None", "LOCATION_DETAILS": "Located east of the Fire Station on the west end of the island.", "URL": "https://www.toronto.ca/explore-enjoy/parks-recreation/places-spaces/parks-and-recreation-facilities/location/?id=2039", "ADDRESS": "1 Centre Island Park  ", "PostedDate": "2026-01-12T13:49:45", "AssetName": "Toronto Islands - Ward's Island Fire Station Drinking Fountain", "Reason": "Closed for the Season", "Comments": "None", "Status": "0" }, "geometry": { "type": "MultiPoint", "coordinates": [ [ -79.35907258, 43.62555025 ] ] } },
{ "type": "Feature", "properties": { "_id": 734, "ASSET_ID": 2536, "LOCATION": "Toronto Islands - Ward's Island", "ALTERNATIVE_NAME": "Toronto Islands - Ward's Island Ferry Dock Drinking Fountain", "TYPE": "Drinking Fountain", "ACCESSIBLE_FEATURES": "None", "HOURS": "None", "LOCATION_DETAILS": "Located south of the Toronto-Ward's Island Ferry dock along the pathway. ", "URL": "https://www.toronto.ca/explore-enjoy/parks-recreation/places-spaces/parks-and-recreation-facilities/location/?id=2039", "ADDRESS": "1 Centre Island Park  ", "PostedDate": "2026-01-12T13:49:05", "AssetName": "Toronto Islands - Ward's Island Ferry Dock Drinking Fountain", "Reason": "Closed for the Season", "Comments": "None", "Status": "0" }, "geometry": { "type": "MultiPoint", "coordinates": [ [ -79.35720879, 43.63124947 ] ] } },
{ "type": "Feature", "properties": { "_id": 735, "ASSET_ID": 18743, "LOCATION": "Toronto Islands - Toronto Island Park", "ALTERNATIVE_NAME": "Toronto Islands - Toronto Island Park Picnic Site 13 Drinking Fountain", "TYPE": "Drinking Fountain", "ACCESSIBLE_FEATURES": "None", "HOURS": "None", "LOCATION_DETAILS": "Located east of Picnic Site #13", "URL": "https://www.toronto.ca/explore-enjoy/parks-recreation/places-spaces/parks-and-recreation-facilities/location/?id=2024", "ADDRESS": "9 Queens Quay  W ", "PostedDate": "2026-01-12T13:48:39", "AssetName": "Toronto Islands - Toronto Island Park Picnic Site 13 Drinking Fountain", "Reason": "Closed for the Season", "Comments": "None", "Status": "0" }, "geometry": { "type": "MultiPoint", "coordinates": [ [ -79.37585281, 43.61991098 ] ] } },
{ "type": "Feature", "properties": { "_id": 736, "ASSET_ID": 18745, "LOCATION": "Toronto Islands - Toronto Island Park", "ALTERNATIVE_NAME": "Toronto Islands - Toronto Island Park Ferry Dock Drinking Fountain", "TYPE": "Drinking Fountain", "ACCESSIBLE_FEATURES": "None", "HOURS": "None", "LOCATION_DETAILS": "Located on the south side of the Avenue of the Islands pathway, south of the Toronto-Centre Island ferry dock.", "URL": "https://www.toronto.ca/explore-enjoy/parks-recreation/places-spaces/parks-and-recreation-facilities/location/?id=2024", "ADDRESS": "9 Queens Quay  W ", "PostedDate": "2026-01-12T13:48:01", "AssetName": "Toronto Islands - Toronto Island Park Ferry Dock Drinking Fountain", "Reason": "Closed for the Season", "Comments": "None", "Status": "0" }, "geometry": { "type": "MultiPoint", "coordinates": [ [ -79.37807186, 43.62162209 ] ] } },
{ "type": "Feature", "properties": { "_id": 737, "ASSET_ID": 18744, "LOCATION": "Toronto Islands - Toronto Island Park", "ALTERNATIVE_NAME": "Toronto Islands - Toronto Island Park Drinking Fountain", "TYPE": "Drinking Fountain", "ACCESSIBLE_FEATURES": "None", "HOURS": "None", "LOCATION_DETAILS": "Located on the east side of the island on the north side of Avenue of the Islands pathway.", "URL": "https://www.toronto.ca/explore-enjoy/parks-recreation/places-spaces/parks-and-recreation-facilities/location/?id=2024", "ADDRESS": "9 Queens Quay  W ", "PostedDate": "2026-01-12T13:47:37", "AssetName": "Toronto Islands - Toronto Island Park Drinking Fountain", "Reason": "Closed for the Season", "Comments": "None", "Status": "0" }, "geometry": { "type": "MultiPoint", "coordinates": [ [ -79.37575963, 43.62075416 ] ] } },
{ "type": "Feature", "properties": { "_id": 738, "ASSET_ID": 24923, "LOCATION": "Toronto Islands - Snake Island", "ALTERNATIVE_NAME": "Toronto Islands - Snake Island Drinking Fountain", "TYPE": "Drinking Fountain", "ACCESSIBLE_FEATURES": "None", "HOURS": "None", "LOCATION_DETAILS": "Located on the southeast corner of Picnic Site #4.", "URL": "https://www.toronto.ca/explore-enjoy/parks-recreation/places-spaces/parks-and-recreation-facilities/location/?id=3536", "ADDRESS": "9 Queens Quay  W ", "PostedDate": "2026-01-12T13:47:18", "AssetName": "Toronto Islands - Snake Island Drinking Fountain", "Reason": "Closed for the Season", "Comments": "None", "Status": "0" }, "geometry": { "type": "MultiPoint", "coordinates": [ [ -79.36375214, 43.62354838 ] ] } },
{ "type": "Feature", "properties": { "_id": 739, "ASSET_ID": 121927, "LOCATION": "Toronto Islands - Hanlan's Point", "ALTERNATIVE_NAME": "Toronto Islands - Hanlan's Point Water Tap", "TYPE": "Water Tap", "ACCESSIBLE_FEATURES": "None", "HOURS": "None", "LOCATION_DETAILS": "Located east of Hanlan's Point Tennis Court Washroom, east of the pathway along the water.", "URL": "https://www.toronto.ca/explore-enjoy/parks-recreation/places-spaces/parks-and-recreation-facilities/location/?id=2541", "ADDRESS": "9 Queens Quay  W", "PostedDate": "2026-01-12T13:45:38", "AssetName": "Toronto Islands - Hanlan's Point Water Tap", "Reason": "Closed for the Season", "Comments": "None", "Status": "0" }, "geometry": { "type": "MultiPoint", "coordinates": [ [ -79.39021186, 43.61912817 ] ] } },
{ "type": "Feature", "properties": { "_id": 740, "ASSET_ID": 121926, "LOCATION": "Toronto Islands - Hanlan's Point", "ALTERNATIVE_NAME": "Toronto Islands - Hanlan's Point Picnic Site 112 Water Tap", "TYPE": "Water Tap", "ACCESSIBLE_FEATURES": "None", "HOURS": "None", "LOCATION_DETAILS": "Located east of Picnic Site #112 and the pathway along the water.", "URL": "https://www.toronto.ca/explore-enjoy/parks-recreation/places-spaces/parks-and-recreation-facilities/location/?id=2541", "ADDRESS": "9 Queens Quay  W", "PostedDate": "2026-01-12T13:44:54", "AssetName": "Toronto Islands – Hanlan’s Point Picnic Site 112 Water Tap", "Reason": "Closed for the Season", "Comments": "None", "Status": "0" }, "geometry": { "type": "MultiPoint", "coordinates": [ [ -79.39024039, 43.6205602 ] ] } },
{ "type": "Feature", "properties": { "_id": 741, "ASSET_ID": 121924, "LOCATION": "Toronto Islands - Hanlan's Point", "ALTERNATIVE_NAME": "Toronto Islands - Hanlan's Point Picnic Site 110 Water Tap", "TYPE": "Water Tap", "ACCESSIBLE_FEATURES": "None", "HOURS": "None", "LOCATION_DETAILS": "Located northeast of Picnic Site #110, along the pathway.", "URL": "https://www.toronto.ca/explore-enjoy/parks-recreation/places-spaces/parks-and-recreation-facilities/location/?id=2541", "ADDRESS": "9 Queens Quay  W", "PostedDate": "2026-01-12T13:44:25", "AssetName": "Toronto Islands - Hanlan's Point Picnic Site 110 Water Tap", "Reason": "Closed for the Season", "Comments": "None", "Status": "0" }, "geometry": { "type": "MultiPoint", "coordinates": [ [ -79.39029345, 43.62262906 ] ] } },
{ "type": "Feature", "properties": { "_id": 742, "ASSET_ID": 18788, "LOCATION": "Toronto Islands - Centre Island", "ALTERNATIVE_NAME": "Toronto Islands - Centre Island Picnic Site 28 Drinking Fountain", "TYPE": "Drinking Fountain", "ACCESSIBLE_FEATURES": "None", "HOURS": "None", "LOCATION_DETAILS": "Located at the northwest corner of Picnic Site #28, outside the snack/concession building.", "URL": "https://www.toronto.ca/explore-enjoy/parks-recreation/places-spaces/parks-and-recreation-facilities/location/?id=2725", "ADDRESS": "9 Queens Quay  W ", "PostedDate": "2026-01-12T13:40:46", "AssetName": "Toronto Islands - Centre Island Picnic Site 28 Drinking Fountain", "Reason": "Closed for the Season", "Comments": "None", "Status": "0" }, "geometry": { "type": "MultiPoint", "coordinates": [ [ -79.37574405, 43.61746286 ] ] } },
{ "type": "Feature", "properties": { "_id": 743, "ASSET_ID": 121934, "LOCATION": "Toronto Islands - Centre Island", "ALTERNATIVE_NAME": "Toronto Islands - Centre Island Picnic Site 26 Water Tap", "TYPE": "Water Tap", "ACCESSIBLE_FEATURES": "None", "HOURS": "None", "LOCATION_DETAILS": "Located north of Picnic Site #26, north of the maze hedge.", "URL": "https://www.toronto.ca/explore-enjoy/parks-recreation/places-spaces/parks-and-recreation-facilities/location/?id=2725", "ADDRESS": "9 Queens Quay  W", "PostedDate": "2026-01-12T13:40:15", "AssetName": "Toronto Islands - Centre Island Picnic Site 26 Water Tap", "Reason": "Closed for the Season", "Comments": "None", "Status": "0" }, "geometry": { "type": "MultiPoint", "coordinates": [ [ -79.37535276, 43.61821178 ] ] } },
{ "type": "Feature", "properties": { "_id": 744, "ASSET_ID": 102268, "LOCATION": "Toronto Islands - Centre Island", "ALTERNATIVE_NAME": "Toronto Islands - Centre Island Franklin Children's Garden Drinking Fountain", "TYPE": "Drinking Fountain", "ACCESSIBLE_FEATURES": "None", "HOURS": "None", "LOCATION_DETAILS": "Located east of Franklin Children's Garden.", "URL": "https://www.toronto.ca/explore-enjoy/parks-recreation/places-spaces/parks-and-recreation-facilities/location/?id=2725", "ADDRESS": "9 Queens Quay  W ", "PostedDate": "2026-01-12T13:38:59", "AssetName": "Toronto Islands - Centre Island Franklin Children's Garden Drinking Fountain", "Reason": "Closed for the Season", "Comments": "None", "Status": "0" }, "geometry": { "type": "MultiPoint", "coordinates": [ [ -79.37630841, 43.61672539 ] ] } },
{ "type": "Feature", "properties": { "_id": 745, "ASSET_ID": 121935, "LOCATION": "Toronto Islands - Ward's Island", "ALTERNATIVE_NAME": "Toronto Islands - Ward's Island Water Tap", "TYPE": "Water Tap", "ACCESSIBLE_FEATURES": "None", "HOURS": "None", "LOCATION_DETAILS": "Located south of the pathway, between Chippewa House Washroom and the fork in the pathway.", "URL": "https://www.toronto.ca/explore-enjoy/parks-recreation/places-spaces/parks-and-recreation-facilities/location/?id=2039", "ADDRESS": "1 Centre Island Park", "PostedDate": "2026-01-12T13:31:34", "AssetName": "Toronto Islands - Ward's Island Water Tap", "Reason": "Closed for the Season", "Comments": "None", "Status": "0" }, "geometry": { "type": "MultiPoint", "coordinates": [ [ -79.36429127, 43.62156855 ] ] } },
{ "type": "Feature", "properties": { "_id": 746, "ASSET_ID": 2540, "LOCATION": "Toronto Islands - Hanlan's Point", "ALTERNATIVE_NAME": "Toronto Islands - Hanlan's Point Picnic Site 112 Drinking Fountain", "TYPE": "Drinking Fountain", "ACCESSIBLE_FEATURES": "None", "HOURS": "None", "LOCATION_DETAILS": "Located on the east of the pathway, south east of picnic site 112 and the park shed..", "URL": "https://www.toronto.ca/explore-enjoy/parks-recreation/places-spaces/parks-and-recreation-facilities/location/?id=2541", "ADDRESS": "9 Queens Quay  W ", "PostedDate": "2026-01-12T13:30:54", "AssetName": "Toronto Islands – Hanlan’s Point Picnic Site 112 Drinking Fountain", "Reason": "Closed for the Season", "Comments": "None", "Status": "0" }, "geometry": { "type": "MultiPoint", "coordinates": [ [ -79.39042681, 43.62023432 ] ] } },
{ "type": "Feature", "properties": { "_id": 747, "ASSET_ID": 2533, "LOCATION": "Toronto Islands - Centre Island", "ALTERNATIVE_NAME": "Toronto Islands - Centre Island Pedestrian Bridge Drinking Fountain", "TYPE": "Drinking Fountain", "ACCESSIBLE_FEATURES": "None", "HOURS": "None", "LOCATION_DETAILS": "Located east of the pedestrian bridge between Snake Island and Center Island on the north side of the pathway. ", "URL": "https://www.toronto.ca/explore-enjoy/parks-recreation/places-spaces/parks-and-recreation-facilities/location/?id=2725", "ADDRESS": "9 Queens Quay  W ", "PostedDate": "2026-01-12T13:23:53", "AssetName": "Toronto Islands - Centre Island Pedestrian Bridge Drinking Fountain", "Reason": "Closed for the Season", "Comments": "None", "Status": "0" }, "geometry": { "type": "MultiPoint", "coordinates": [ [ -79.36279607, 43.62327544 ] ] } },
{ "type": "Feature", "properties": { "_id": 748, "ASSET_ID": 102134, "LOCATION": "McGregor Park", "ALTERNATIVE_NAME": "McGregor Park Outdoor Pool Bottle Filling Station", "TYPE": "Bottle Filling Station", "ACCESSIBLE_FEATURES": "None", "HOURS": "View outdoor pool hours", "LOCATION_DETAILS": "Located on the outdoor pool deck on the north side by the changeroom entrances.", "URL": "https://www.toronto.ca/explore-enjoy/parks-recreation/places-spaces/parks-and-recreation-facilities/location/?id=2036", "ADDRESS": "2231 Lawrence Ave  E ", "PostedDate": "2025-12-22T12:49:19", "AssetName": "McGregor Park Outdoor Pool Bottle Filling Station", "Reason": "Closed for the Season", "Comments": "None", "Status": "0" }, "geometry": { "type": "MultiPoint", "coordinates": [ [ -79.28071268, 43.74758609 ] ] } },
{ "type": "Feature", "properties": { "_id": 749, "ASSET_ID": 102266, "LOCATION": "McGregor Park", "ALTERNATIVE_NAME": "McGregor Park Outdoor Pool Drinking Fountain", "TYPE": "Drinking Fountain", "ACCESSIBLE_FEATURES": "None", "HOURS": "View outdoor pool hours", "LOCATION_DETAILS": "Located on the outdoor pool deck on the north side by the changeroom entrances.", "URL": "https://www.toronto.ca/explore-enjoy/parks-recreation/places-spaces/parks-and-recreation-facilities/location/?id=2036", "ADDRESS": "2231 Lawrence Ave  E ", "PostedDate": "2025-12-22T12:47:28", "AssetName": "McGregor Park Outdoor Pool Drinking Fountain", "Reason": "Closed for the Season", "Comments": "None", "Status": "0" }, "geometry": { "type": "MultiPoint", "coordinates": [ [ -79.28071021, 43.74758555 ] ] } },
{ "type": "Feature", "properties": { "_id": 750, "ASSET_ID": 2193, "LOCATION": "L'Amoreaux Sports Complex", "ALTERNATIVE_NAME": "L'Amoreaux Sports Complex Drinking Fountain", "TYPE": "Drinking Fountain", "ACCESSIBLE_FEATURES": "None", "HOURS": "None", "LOCATION_DETAILS": "Located on the outside of the washroom building.", "URL": "https://www.toronto.ca/explore-enjoy/parks-recreation/places-spaces/parks-and-recreation-facilities/location/?id=698", "ADDRESS": "100 Silver Springs Blvd  ", "PostedDate": "2025-12-22T12:41:42", "AssetName": "L'Amoreaux Sports Complex Drinking Fountain", "Reason": "Closed for the Season", "Comments": "None", "Status": "0" }, "geometry": { "type": "MultiPoint", "coordinates": [ [ -79.30436621, 43.80322172 ] ] } },
{ "type": "Feature", "properties": { "_id": 751, "ASSET_ID": 41109, "LOCATION": "L'Amoreaux Sports Complex", "ALTERNATIVE_NAME": "L'Amoreaux Sports Complex Bottle Filling Station", "TYPE": "Bottle Filling Station", "ACCESSIBLE_FEATURES": "None", "HOURS": "None", "LOCATION_DETAILS": "Located on the outside of the washroom building.", "URL": "https://www.toronto.ca/explore-enjoy/parks-recreation/places-spaces/parks-and-recreation-facilities/location/?id=698", "ADDRESS": "100 Silver Springs Blvd  ", "PostedDate": "2025-12-22T12:41:24", "AssetName": "L'Amoreaux Sports Complex Bottle Filling Station", "Reason": "Closed for the Season", "Comments": "None", "Status": "0" }, "geometry": { "type": "MultiPoint", "coordinates": [ [ -79.30435603, 43.80322146 ] ] } },
{ "type": "Feature", "properties": { "_id": 752, "ASSET_ID": 78159, "LOCATION": "Corktown Common", "ALTERNATIVE_NAME": "Corktown Common Playground Drinking Fountain", "TYPE": "Drinking Fountain", "ACCESSIBLE_FEATURES": "None", "HOURS": "None", "LOCATION_DETAILS": "Located at the west side of the playground next to the pavillion.", "URL": "https://www.toronto.ca/explore-enjoy/parks-recreation/places-spaces/parks-and-recreation-facilities/location/?id=3499", "ADDRESS": "155 Bayview Ave  ", "PostedDate": "2025-12-22T12:40:07", "AssetName": "Corktown Common Playground Drinking Fountain", "Reason": "Closed for the Season", "Comments": "None", "Status": "0" }, "geometry": { "type": "MultiPoint", "coordinates": [ [ -79.35229322, 43.65345554 ] ] } },
{ "type": "Feature", "properties": { "_id": 753, "ASSET_ID": 78160, "LOCATION": "Corktown Common", "ALTERNATIVE_NAME": "Corktown Common Playground Drinking Fountain", "TYPE": "Drinking Fountain", "ACCESSIBLE_FEATURES": "None", "HOURS": "None", "LOCATION_DETAILS": "Located at the west side of the playground next to the pavillion.", "URL": "https://www.toronto.ca/explore-enjoy/parks-recreation/places-spaces/parks-and-recreation-facilities/location/?id=3499", "ADDRESS": "155 Bayview Ave  ", "PostedDate": "2025-12-22T12:39:42", "AssetName": "Corktown Common Playground Drinking Fountain", "Reason": "Closed for the Season", "Comments": "None", "Status": "0" }, "geometry": { "type": "MultiPoint", "coordinates": [ [ -79.35229538, 43.65345226 ] ] } },
{ "type": "Feature", "properties": { "_id": 754, "ASSET_ID": 45482, "LOCATION": "Maryland Park", "ALTERNATIVE_NAME": "Maryland Park Bottle Filling Station", "TYPE": "Bottle Filling Station", "ACCESSIBLE_FEATURES": "None", "HOURS": "None", "LOCATION_DETAILS": "Located outside the washroom building.", "URL": "https://www.toronto.ca/explore-enjoy/parks-recreation/places-spaces/parks-and-recreation-facilities/location/?id=2016", "ADDRESS": "19 Maryland Blvd  ", "PostedDate": "2025-12-22T12:37:00", "AssetName": "Maryland Park Bottle Filling Station", "Reason": "Closed for the Season", "Comments": "None", "Status": "0" }, "geometry": { "type": "MultiPoint", "coordinates": [ [ -79.29503741, 43.69163003 ] ] } },
{ "type": "Feature", "properties": { "_id": 755, "ASSET_ID": 41222, "LOCATION": "Birchmount Park", "ALTERNATIVE_NAME": "Birchmount Park Stadium Bottle Filling Station", "TYPE": "Bottle Filling Station", "ACCESSIBLE_FEATURES": "None", "HOURS": "None", "LOCATION_DETAILS": "Located near the south end of the stadium.", "URL": "https://www.toronto.ca/explore-enjoy/parks-recreation/places-spaces/parks-and-recreation-facilities/location/?id=550", "ADDRESS": "95 Birchmount Rd  ", "PostedDate": "2025-12-22T12:35:24", "AssetName": "Birchmount Park Stadium Bottle Filling Station", "Reason": "Closed for the Season", "Comments": "None", "Status": "0" }, "geometry": { "type": "MultiPoint", "coordinates": [ [ -79.26121485, 43.69536549 ] ] } },
{ "type": "Feature", "properties": { "_id": 756, "ASSET_ID": 102110, "LOCATION": "Cherry Beach Sports Fields", "ALTERNATIVE_NAME": "Cherry Beach Sports Fields Washroom Bottle Filling Station", "TYPE": "Bottle Filling Station", "ACCESSIBLE_FEATURES": "None", "HOURS": "None", "LOCATION_DETAILS": "Located inside the front entrance to the washroom building.", "URL": "https://www.toronto.ca/explore-enjoy/parks-recreation/places-spaces/parks-and-recreation-facilities/location/?id=459", "ADDRESS": "275 Unwin Ave  ", "PostedDate": "2025-12-22T12:35:18", "AssetName": "Cherry Beach Sports Fields Washroom Bottle Filling Station", "Reason": "Closed for the Season", "Comments": "None", "Status": "0" }, "geometry": { "type": "MultiPoint", "coordinates": [ [ -79.34158276, 43.64128905 ] ] } },
{ "type": "Feature", "properties": { "_id": 757, "ASSET_ID": 102176, "LOCATION": "Stan Wadlow Park", "ALTERNATIVE_NAME": "Kiwanis Outdoor Pool Drinking Fountain", "TYPE": "Drinking Fountain", "ACCESSIBLE_FEATURES": "None", "HOURS": "View outdoor pool hours", "LOCATION_DETAILS": "Located on the pool deck on the outside of the south side of the outdoor pool building.", "URL": "https://www.toronto.ca/explore-enjoy/parks-recreation/places-spaces/parks-and-recreation-facilities/location/?id=421", "ADDRESS": "375 Cedarvale Ave", "PostedDate": "2025-12-22T12:34:37", "AssetName": "Kiwanis Outdoor Pool Drinking Fountain", "Reason": "Closed for the Season", "Comments": "None", "Status": "0" }, "geometry": { "type": "MultiPoint", "coordinates": [ [ -79.31601427, 43.69845104 ] ] } },
{ "type": "Feature", "properties": { "_id": 758, "ASSET_ID": 2601, "LOCATION": "St. James Town West Park", "ALTERNATIVE_NAME": "St. James Town West Park Playground Drinking Fountain", "TYPE": "Drinking Fountain", "ACCESSIBLE_FEATURES": "None", "HOURS": "None", "LOCATION_DETAILS": "Located west of the playground.", "URL": "https://www.toronto.ca/explore-enjoy/parks-recreation/places-spaces/parks-and-recreation-facilities/location/?id=191", "ADDRESS": "589 Sherbourne St  ", "PostedDate": "2025-12-12T07:10:48", "AssetName": "St. James Town West Park Playground Drinking Fountain", "Reason": "Under Construction", "Comments": "Park under construction", "Status": "0" }, "geometry": { "type": "MultiPoint", "coordinates": [ [ -79.37597949, 43.67079861 ] ] } },
{ "type": "Feature", "properties": { "_id": 759, "ASSET_ID": 121965, "LOCATION": "Dr. Gordon Chong Park", "ALTERNATIVE_NAME": "Dr. Gordon Chong Park Splash Pad Bottle Filling Station", "TYPE": "Bottle Filling Station", "ACCESSIBLE_FEATURES": "None", "HOURS": "None", "LOCATION_DETAILS": "Located north of the splash pad along the pathway.", "URL": "https://www.toronto.ca/explore-enjoy/parks-recreation/places-spaces/parks-and-recreation-facilities/location/?id=3780", "ADDRESS": "60 Howard St", "PostedDate": "2025-12-12T06:54:48", "AssetName": "Dr. Gordon Chong Splash Pad Bottle Filling Station", "Reason": "Closed for the Season", "Comments": "None", "Status": "0" }, "geometry": { "type": "MultiPoint", "coordinates": [ [ -79.37299361, 43.67162379 ] ] } },
{ "type": "Feature", "properties": { "_id": 760, "ASSET_ID": 102089, "LOCATION": "Withrow Park", "ALTERNATIVE_NAME": "Withrow Park Wading Pool Bottle Filling Station", "TYPE": "Bottle Filling Station", "ACCESSIBLE_FEATURES": "None", "HOURS": "None", "LOCATION_DETAILS": "Located west of the wading pool.", "URL": "https://www.toronto.ca/explore-enjoy/parks-recreation/places-spaces/parks-and-recreation-facilities/location/?id=306", "ADDRESS": "725 Logan Ave  ", "PostedDate": "2025-12-05T12:14:39", "AssetName": "Withrow Park Wading Pool Bottle Filling Station", "Reason": "Closed for the Season", "Comments": "None", "Status": "0" }, "geometry": { "type": "MultiPoint", "coordinates": [ [ -79.3481652, 43.67603118 ] ] } },
{ "type": "Feature", "properties": { "_id": 761, "ASSET_ID": 102130, "LOCATION": "Winchester Park", "ALTERNATIVE_NAME": "Winchester Park Wading Pool Bottle Filling Station", "TYPE": "Bottle Filling Station", "ACCESSIBLE_FEATURES": "None", "HOURS": "None", "LOCATION_DETAILS": "Located northeast of the wading pool.", "URL": "https://www.toronto.ca/explore-enjoy/parks-recreation/places-spaces/parks-and-recreation-facilities/location/?id=300", "ADDRESS": "530 Ontario St  ", "PostedDate": "2025-12-05T12:13:24", "AssetName": "Winchester Park Wading Pool Bottle Filling Station", "Reason": "Closed for the Season", "Comments": "None", "Status": "0" }, "geometry": { "type": "MultiPoint", "coordinates": [ [ -79.37181146, 43.66641567 ] ] } },
{ "type": "Feature", "properties": { "_id": 762, "ASSET_ID": 2466, "LOCATION": "Blantyre Park", "ALTERNATIVE_NAME": "Blantyre Park Bottle Filling Station", "TYPE": "Bottle Filling Station", "ACCESSIBLE_FEATURES": "None", "HOURS": "None", "LOCATION_DETAILS": "Located on on the east side of the washroom building by the baseball diamond.", "URL": "https://www.toronto.ca/explore-enjoy/parks-recreation/places-spaces/parks-and-recreation-facilities/location/?id=557", "ADDRESS": "180 Fallingbrook Rd  ", "PostedDate": "2025-12-05T11:43:02", "AssetName": "Blantyre Park Bottle Filling Station", "Reason": "Under Construction", "Comments": "Blantyre Park and all its amenities are closed while it <a href=\"https://www.toronto.ca/city-government/planning-development/construction-new-facilities/improvements-expansion-redevelopment/blantyre-park-improvements/\">undergoes improvements</a>.", "Status": "0" }, "geometry": { "type": "MultiPoint", "coordinates": [ [ -79.28105637, 43.68230796 ] ] } },
{ "type": "Feature", "properties": { "_id": 763, "ASSET_ID": 2237, "LOCATION": "Humber Bay Park East", "ALTERNATIVE_NAME": "Humber Bay Park East Traffic Circle Drinking Fountain", "TYPE": "Drinking Fountain", "ACCESSIBLE_FEATURES": "None", "HOURS": "None", "LOCATION_DETAILS": "Located south of the pathway, east of the traffic circle.", "URL": "https://www.toronto.ca/explore-enjoy/parks-recreation/places-spaces/parks-and-recreation-facilities/location/?id=1073", "ADDRESS": "100 Humber Bay Park Rd  W ", "PostedDate": "2025-11-20T09:19:18", "AssetName": "Humber Bay Park East Traffic Circle Drinking Fountain", "Reason": "Closed for the Season", "Comments": "None", "Status": "0" }, "geometry": { "type": "MultiPoint", "coordinates": [ [ -79.47533704, 43.6226526 ] ] } },
{ "type": "Feature", "properties": { "_id": 764, "ASSET_ID": 2236, "LOCATION": "Humber Bay Park East", "ALTERNATIVE_NAME": "Humber Bay Park East Pinic Site Two Drinking Fountain", "TYPE": "Drinking Fountain", "ACCESSIBLE_FEATURES": "None", "HOURS": "None", "LOCATION_DETAILS": "Located west of pinic site 2, south of the pathway.", "URL": "https://www.toronto.ca/explore-enjoy/parks-recreation/places-spaces/parks-and-recreation-facilities/location/?id=1073", "ADDRESS": "100 Humber Bay Park Rd  W ", "PostedDate": "2025-11-20T09:19:09", "AssetName": "Humber Bay Park East Pinic Site Two Drinking Fountain", "Reason": "Closed for the Season", "Comments": "None", "Status": "0" }, "geometry": { "type": "MultiPoint", "coordinates": [ [ -79.47581983, 43.6201978 ] ] } },
{ "type": "Feature", "properties": { "_id": 765, "ASSET_ID": 102159, "LOCATION": "Centennial Park - Etobicoke", "ALTERNATIVE_NAME": "Centennial Park Etobicoke Stadium Bottle Filling Station", "TYPE": "Bottle Filling Station", "ACCESSIBLE_FEATURES": "None", "HOURS": "None", "LOCATION_DETAILS": "Located near the south end of Centennial Park Stadium.", "URL": "https://www.toronto.ca/explore-enjoy/parks-recreation/places-spaces/parks-and-recreation-facilities/location/?id=798", "ADDRESS": "256 Centennial Park Rd  ", "PostedDate": "2025-11-20T09:16:34", "AssetName": "Centennial Park Rob Ford Stadium Bottle Filling", "Reason": "Closed for the Season", "Comments": "None", "Status": "0" }, "geometry": { "type": "MultiPoint", "coordinates": [ [ -79.59245495, 43.65960968 ] ] } },
{ "type": "Feature", "properties": { "_id": 766, "ASSET_ID": 102197, "LOCATION": "Centennial Park - Etobicoke", "ALTERNATIVE_NAME": "Centennial Park Rob Ford Stadium Drinking Fountain", "TYPE": "Drinking Fountain", "ACCESSIBLE_FEATURES": "None", "HOURS": "None", "LOCATION_DETAILS": "Located near the north end of Centennial Park Stadium.", "URL": "https://www.toronto.ca/explore-enjoy/parks-recreation/places-spaces/parks-and-recreation-facilities/location/?id=798", "ADDRESS": "256 Centennial Park Rd  ", "PostedDate": "2025-11-20T09:16:23", "AssetName": "Centennial Park Rob Ford Stadium Bottle Drinking Fountain", "Reason": "Closed for the Season", "Comments": "None", "Status": "0" }, "geometry": { "type": "MultiPoint", "coordinates": [ [ -79.58526435, 43.65376468 ] ] } },
{ "type": "Feature", "properties": { "_id": 767, "ASSET_ID": 2431, "LOCATION": "Centennial Park - Etobicoke", "ALTERNATIVE_NAME": "Centennial Park Etobicoke Picnic Site 6 Drinking Fountain", "TYPE": "Drinking Fountain", "ACCESSIBLE_FEATURES": "None", "HOURS": "None", "LOCATION_DETAILS": "Located on the north side of the park building south of Picnic Site #6.", "URL": "https://www.toronto.ca/explore-enjoy/parks-recreation/places-spaces/parks-and-recreation-facilities/location/?id=798", "ADDRESS": "256 Centennial Park Rd  ", "PostedDate": "2025-11-20T09:16:10", "AssetName": "Centennial Park Etobicoke Picnic Site 6 Drinking Fountain", "Reason": "Closed for the Season", "Comments": "None", "Status": "0" }, "geometry": { "type": "MultiPoint", "coordinates": [ [ -79.59019409, 43.65206301 ] ] } },
{ "type": "Feature", "properties": { "_id": 768, "ASSET_ID": 102062, "LOCATION": "Centennial Park - Etobicoke", "ALTERNATIVE_NAME": "Centennial Park Rob Ford Stadium Bottle Filling Station", "TYPE": "Bottle Filling Station", "ACCESSIBLE_FEATURES": "None", "HOURS": "None", "LOCATION_DETAILS": "Located near the south end of Centennial Park Stadium.", "URL": "https://www.toronto.ca/explore-enjoy/parks-recreation/places-spaces/parks-and-recreation-facilities/location/?id=798", "ADDRESS": "256 Centennial Park Rd  ", "PostedDate": "2025-11-20T09:16:01", "AssetName": "Centennial Park - Etobicoke Bottle Filling Station", "Reason": "Closed for the Season", "Comments": "None", "Status": "0" }, "geometry": { "type": "MultiPoint", "coordinates": [ [ -79.58508814, 43.65341011 ] ] } },
{ "type": "Feature", "properties": { "_id": 769, "ASSET_ID": 41110, "LOCATION": "Sir Casimir Gzowski Park", "ALTERNATIVE_NAME": "Sir Casimir Gzowski Park Fieldhouse Bottle Filling Station", "TYPE": "Bottle Filling Station", "ACCESSIBLE_FEATURES": "None", "HOURS": "None", "LOCATION_DETAILS": "Located on the west side of the fieldhouse/washroom building.", "URL": "https://www.toronto.ca/explore-enjoy/parks-recreation/places-spaces/parks-and-recreation-facilities/location/?id=71", "ADDRESS": "2001 Lake Shore Blvd  W ", "PostedDate": "2025-11-19T11:14:55", "AssetName": "Sir Casimir Gzowski Park Fieldhouse Bottle Filling Station", "Reason": "Closed for the Season", "Comments": "None", "Status": "0" }, "geometry": { "type": "MultiPoint", "coordinates": [ [ -79.46571684, 43.63516386 ] ] } },
{ "type": "Feature", "properties": { "_id": 770, "ASSET_ID": 2200, "LOCATION": "Kew Gardens", "ALTERNATIVE_NAME": "Kew Gardens Wading Pool Drinking Fountain", "TYPE": "Drinking Fountain", "ACCESSIBLE_FEATURES": "None", "HOURS": "None", "LOCATION_DETAILS": "Located next to the wading pool.", "URL": "https://www.toronto.ca/explore-enjoy/parks-recreation/places-spaces/parks-and-recreation-facilities/location/?id=107", "ADDRESS": "2075 Queen St  E ", "PostedDate": "2025-11-17T08:23:35", "AssetName": "Kew Gardens Wading Pool Drinking Fountain", "Reason": "Closed for the Season", "Comments": "None", "Status": "0" }, "geometry": { "type": "MultiPoint", "coordinates": [ [ -79.29968426, 43.66954689 ] ] } },
{ "type": "Feature", "properties": { "_id": 771, "ASSET_ID": 2198, "LOCATION": "Kew Gardens", "ALTERNATIVE_NAME": "Kew Gardens Drinking Fountain", "TYPE": "Drinking Fountain", "ACCESSIBLE_FEATURES": "None", "HOURS": "None", "LOCATION_DETAILS": "Located along the main pathway, west of the park garage.", "URL": "https://www.toronto.ca/explore-enjoy/parks-recreation/places-spaces/parks-and-recreation-facilities/location/?id=107", "ADDRESS": "2075 Queen St  E ", "PostedDate": "2025-11-17T08:23:17", "AssetName": "Kew Gardens Drinking Fountain", "Reason": "Closed for the Season", "Comments": "None", "Status": "0" }, "geometry": { "type": "MultiPoint", "coordinates": [ [ -79.29783781, 43.66802948 ] ] } },
{ "type": "Feature", "properties": { "_id": 772, "ASSET_ID": 2199, "LOCATION": "Kew Gardens", "ALTERNATIVE_NAME": "Kew Gardens Baseball Diamond Drinking Fountain", "TYPE": "Drinking Fountain", "ACCESSIBLE_FEATURES": "None", "HOURS": "None", "LOCATION_DETAILS": "Located along the east side of the baseball diamond.", "URL": "https://www.toronto.ca/explore-enjoy/parks-recreation/places-spaces/parks-and-recreation-facilities/location/?id=107", "ADDRESS": "2075 Queen St  E ", "PostedDate": "2025-11-17T08:23:07", "AssetName": "Kew Gardens Baseball Diamond Drinking Fountain", "Reason": "Closed for the Season", "Comments": "None", "Status": "0" }, "geometry": { "type": "MultiPoint", "coordinates": [ [ -79.29808676, 43.66850461 ] ] } },
{ "type": "Feature", "properties": { "_id": 773, "ASSET_ID": 2710, "LOCATION": "Ormskirk Park", "ALTERNATIVE_NAME": "Ormskirk Park Playground Drinking Fountain", "TYPE": "Drinking Fountain", "ACCESSIBLE_FEATURES": "None", "HOURS": "None", "LOCATION_DETAILS": "Located south of the playground.", "URL": "https://www.toronto.ca/explore-enjoy/parks-recreation/places-spaces/parks-and-recreation-facilities/location/?id=247", "ADDRESS": "33 Ormskirk Crt  ", "PostedDate": "2025-11-13T09:27:05", "AssetName": "Ormskirk Park Playground Drinking Fountain", "Reason": "Closed for the Season", "Comments": "None", "Status": "0" }, "geometry": { "type": "MultiPoint", "coordinates": [ [ -79.47566025, 43.64077679 ] ] } },
{ "type": "Feature", "properties": { "_id": 774, "ASSET_ID": 102025, "LOCATION": "Rennie Park", "ALTERNATIVE_NAME": "Rennie Park Wading Pool Bottle Filling Station", "TYPE": "Bottle Filling Station", "ACCESSIBLE_FEATURES": "None", "HOURS": "None", "LOCATION_DETAILS": "Located west of the wading pool.", "URL": "https://www.toronto.ca/explore-enjoy/parks-recreation/places-spaces/parks-and-recreation-facilities/location/?id=181", "ADDRESS": "1 Rennie Terr  ", "PostedDate": "2025-09-29T08:01:23", "AssetName": "Rennie Park Wading Pool Bottle Filling Station", "Reason": "Closed for the Season", "Comments": "None", "Status": "0" }, "geometry": { "type": "MultiPoint", "coordinates": [ [ -79.47406441, 43.64506932 ] ] } },
{ "type": "Feature", "properties": { "_id": 775, "ASSET_ID": 102180, "LOCATION": "Geary Avenue Parkette", "ALTERNATIVE_NAME": "Geary Avenue Parkette Wading Pool Drinking Fountain", "TYPE": "Drinking Fountain", "ACCESSIBLE_FEATURES": "None", "HOURS": "None", "LOCATION_DETAILS": "Located next to the wading pool.", "URL": "https://www.toronto.ca/explore-enjoy/parks-recreation/places-spaces/parks-and-recreation-facilities/location/?id=46", "ADDRESS": "15 Geary Ave  ", "PostedDate": "2025-09-26T08:44:06", "AssetName": "Geary Avenue Parkette Wading Pool Drinking Fountain", "Reason": "Closed for the Season", "Comments": "None", "Status": "0" }, "geometry": { "type": "MultiPoint", "coordinates": [ [ -79.43168088, 43.670879 ] ] } },
{ "type": "Feature", "properties": { "_id": 776, "ASSET_ID": 121928, "LOCATION": "Toronto Islands - Hanlan's Point", "ALTERNATIVE_NAME": "Toronto Islands - Hanlan's Point Picnic Site 113 Water Tap", "TYPE": "Water Tap", "ACCESSIBLE_FEATURES": "None", "HOURS": "None", "LOCATION_DETAILS": "Located east of Picnic Site #113, east of the pathway along the water.", "URL": "https://www.toronto.ca/explore-enjoy/parks-recreation/places-spaces/parks-and-recreation-facilities/location/?id=2541", "ADDRESS": "9 Queens Quay  W", "PostedDate": "2025-06-16T12:34:34", "AssetName": "Toronto Islands - Hanlan's Point Picnic Site 113 Water Tap", "Reason": "Under Construction", "Comments": "None", "Status": "0" }, "geometry": { "type": "MultiPoint", "coordinates": [ [ -79.39035205, 43.61786505 ] ] } },
{ "type": "Feature", "properties": { "_id": 777, "ASSET_ID": 121933, "LOCATION": "Toronto Islands - Toronto Island Park", "ALTERNATIVE_NAME": "Toronto Islands - Toronto Island Park Picnic Site 13 Water Tap", "TYPE": "Water Tap", "ACCESSIBLE_FEATURES": "None", "HOURS": "None", "LOCATION_DETAILS": "Located east of Picnic Site #13, south of the washroom building.", "URL": "https://www.toronto.ca/explore-enjoy/parks-recreation/places-spaces/parks-and-recreation-facilities/location/?id=2024", "ADDRESS": "9 Queens Quay  W", "PostedDate": "2025-06-16T12:19:10", "AssetName": "Toronto Islands - Toronto Island Park Picnic Site 13 Water Tap", "Reason": "Maintenance/Repairs", "Comments": "None", "Status": "0" }, "geometry": { "type": "MultiPoint", "coordinates": [ [ -79.37657914, 43.62022684 ] ] } },
{ "type": "Feature", "properties": { "_id": 778, "ASSET_ID": 2532, "LOCATION": "Toronto Islands - Olympic Island", "ALTERNATIVE_NAME": "Toronto Islands - Olympic Island Picnic Site 23 Drinking Fountain", "TYPE": "Drinking Fountain", "ACCESSIBLE_FEATURES": "None", "HOURS": "None", "LOCATION_DETAILS": "Located on the east side of the pathway east of picnic site #23.", "URL": "https://www.toronto.ca/explore-enjoy/parks-recreation/places-spaces/parks-and-recreation-facilities/location/?id=2543", "ADDRESS": "9 Queens Quay  W ", "PostedDate": "2025-06-16T12:15:56", "AssetName": "Toronto Islands - Olympic Island Picnic Site 23 Drinking Fountain", "Reason": "Maintenance/Repairs", "Comments": "None", "Status": "0" }, "geometry": { "type": "MultiPoint", "coordinates": [ [ -79.37321492, 43.62162847 ] ] } },
{ "type": "Feature", "properties": { "_id": 779, "ASSET_ID": 988874, "LOCATION": "S.A.D.R.A. Park", "ALTERNATIVE_NAME": "S.A.D.R.A. Park Splash Pad Bottle Filling Station", "TYPE": "Bottle Filling Station", "ACCESSIBLE_FEATURES": "None", "HOURS": "None", "LOCATION_DETAILS": "Located on the path north of the splash pad", "URL": "https://www.toronto.ca/explore-enjoy/parks-recreation/places-spaces/parks-and-recreation-facilities/location/?id=69", "ADDRESS": "45 Ed Clark Gardens", "PostedDate": "2025-06-12T09:55:40", "AssetName": "S.A.D.R.A. Park Splash Pad Bottle Filling Station", "Reason": "None", "Comments": "None", "Status": "1" }, "geometry": { "type": "MultiPoint", "coordinates": [ [ -79.46294163, 43.67552089 ] ] } },
{ "type": "Feature", "properties": { "_id": 780, "ASSET_ID": 116977, "LOCATION": "South Humber Park", "ALTERNATIVE_NAME": "South Humber Park Drinking Fountain", "TYPE": "Drinking Fountain", "ACCESSIBLE_FEATURES": "None", "HOURS": "None", "LOCATION_DETAILS": "Located beside the Oculus Pavilion along the pathway.", "URL": "https://www.toronto.ca/explore-enjoy/parks-recreation/places-spaces/parks-and-recreation-facilities/location/?id=1486", "ADDRESS": "120 The Queensway", "PostedDate": "2025-05-28T22:41:22", "AssetName": "South Humber Park Drinking Fountain", "Reason": "Under Construction", "Comments": "Decomissioned", "Status": "0" }, "geometry": { "type": "MultiPoint", "coordinates": [ [ -79.4803148, 43.63647135 ] ] } },
{ "type": "Feature", "properties": { "_id": 781, "ASSET_ID": 79185, "LOCATION": "Thomson Memorial Park", "ALTERNATIVE_NAME": "Thomson Memorial Park Toboggan Drinking Water Station ", "TYPE": "Drinking Fountain, Dog Fountain", "ACCESSIBLE_FEATURES": "None", "HOURS": "None", "LOCATION_DETAILS": "Located north of the toboggan hill.", "URL": "https://www.toronto.ca/explore-enjoy/parks-recreation/places-spaces/parks-and-recreation-facilities/location/?id=543", "ADDRESS": "1005 Brimley Rd  ", "PostedDate": "2025-05-28T14:31:11", "AssetName": "Thomson Memorial Park Toboggan Drinking Water Station ", "Reason": "None", "Comments": "None", "Status": "1" }, "geometry": { "type": "MultiPoint", "coordinates": [ [ -79.25469408, 43.75932829 ] ] } },
{ "type": "Feature", "properties": { "_id": 782, "ASSET_ID": 103205, "LOCATION": "Brookfield Parkette", "ALTERNATIVE_NAME": "Brookfield Parkette Drinking Fountain", "TYPE": "Drinking Fountain", "ACCESSIBLE_FEATURES": "None", "HOURS": "None", "LOCATION_DETAILS": "Located at the northeast corner of the parkette.", "URL": "https://www.toronto.ca/explore-enjoy/parks-recreation/places-spaces/parks-and-recreation-facilities/location/?id=470", "ADDRESS": "27 Brookfield Rd", "PostedDate": "2025-05-28T07:37:55", "AssetName": "Brookfield Parkette Drinking Fountain", "Reason": "Closed for the Season", "Comments": "THERE IS NO FOUNTAIN AT THIS PARK", "Status": "0" }, "geometry": { "type": "MultiPoint", "coordinates": [ [ -79.40058898, 43.74123871 ] ] } },
{ "type": "Feature", "properties": { "_id": 783, "ASSET_ID": 2430, "LOCATION": "Centennial Park - Etobicoke", "ALTERNATIVE_NAME": "Centennial Park Etobicoke Picnic Site 3 Drinking Fountain", "TYPE": "Drinking Fountain", "ACCESSIBLE_FEATURES": "None", "HOURS": "None", "LOCATION_DETAILS": "Located on the grassy area south of the pinic table area.", "URL": "https://www.toronto.ca/explore-enjoy/parks-recreation/places-spaces/parks-and-recreation-facilities/location/?id=798", "ADDRESS": "256 Centennial Park Rd  ", "PostedDate": "2025-05-26T12:00:42", "AssetName": "Centennial Park Etobicoke Picnic Site 3 Drinking Fountain", "Reason": "Under Construction", "Comments": "Capital Project ", "Status": "0" }, "geometry": { "type": "MultiPoint", "coordinates": [ [ -79.58641027, 43.65034144 ] ] } },
{ "type": "Feature", "properties": { "_id": 784, "ASSET_ID": 2429, "LOCATION": "Centennial Park - Etobicoke", "ALTERNATIVE_NAME": "Centennial Park Etobicoke Picnic Site 7 Drinking Fountain", "TYPE": "Drinking Fountain", "ACCESSIBLE_FEATURES": "None", "HOURS": "None", "LOCATION_DETAILS": "Located next to the park road near Picnic Site #7.", "URL": "https://www.toronto.ca/explore-enjoy/parks-recreation/places-spaces/parks-and-recreation-facilities/location/?id=798", "ADDRESS": "256 Centennial Park Rd  ", "PostedDate": "2025-05-26T12:00:29", "AssetName": "Centennial Park Etobicoke Picnic Site 7 Drinking Fountain", "Reason": "Under Construction", "Comments": "Capital Project ", "Status": "0" }, "geometry": { "type": "MultiPoint", "coordinates": [ [ -79.59196129, 43.65380208 ] ] } },
{ "type": "Feature", "properties": { "_id": 785, "ASSET_ID": 103362, "LOCATION": "Milliken Park", "ALTERNATIVE_NAME": "Milliken Park Washroom Bottle Filling Station", "TYPE": "Bottle Filling Station", "ACCESSIBLE_FEATURES": "None", "HOURS": "None", "LOCATION_DETAILS": "Located outside the washroom building on the south side.", "URL": "https://www.toronto.ca/explore-enjoy/parks-recreation/places-spaces/parks-and-recreation-facilities/location/?id=1088", "ADDRESS": "5555 Steeles Ave E.", "PostedDate": "2025-05-23T15:44:01", "AssetName": "Milliken Park Washroom Bottle Filling Station", "Reason": "Maintenance/Repairs", "Comments": "repairs required ", "Status": "2" }, "geometry": { "type": "MultiPoint", "coordinates": [ [ -79.2718384, 43.83000283 ] ] } },
{ "type": "Feature", "properties": { "_id": 786, "ASSET_ID": 102220, "LOCATION": "Malvern Park", "ALTERNATIVE_NAME": "Malvern Park Tennis Court Drinking Fountain", "TYPE": "Drinking Fountain", "ACCESSIBLE_FEATURES": "None", "HOURS": "None", "LOCATION_DETAILS": "Located east of the tennis courts on the outside of Malvern Recreation Centre.", "URL": "https://www.toronto.ca/explore-enjoy/parks-recreation/places-spaces/parks-and-recreation-facilities/location/?id=2593", "ADDRESS": "36 Sewells Rd  ", "PostedDate": "2025-05-23T15:08:12", "AssetName": "Malvern Park Tennis Court Drinking Fountain", "Reason": "Maintenance/Repairs", "Comments": "Repairs required", "Status": "2" }, "geometry": { "type": "MultiPoint", "coordinates": [ [ -79.2171425, 43.80886958 ] ] } },
{ "type": "Feature", "properties": { "_id": 787, "ASSET_ID": 2546, "LOCATION": "Toronto Islands - Hanlan's Point", "ALTERNATIVE_NAME": "Toronto Islands - Hanlan's Point Picnic Site 111 Drinking Fountain", "TYPE": "Drinking Fountain", "ACCESSIBLE_FEATURES": "None", "HOURS": "None", "LOCATION_DETAILS": "Located in the middle of Picnic Site #111.", "URL": "https://www.toronto.ca/explore-enjoy/parks-recreation/places-spaces/parks-and-recreation-facilities/location/?id=2541", "ADDRESS": "9 Queens Quay  W ", "PostedDate": "2025-05-16T12:46:14", "AssetName": "Toronto Islands - Hanlan's Point Picnic Site 111 Drinking Fountain", "Reason": "Planned Closure", "Comments": "None", "Status": "0" }, "geometry": { "type": "MultiPoint", "coordinates": [ [ -79.39142836, 43.62182575 ] ] } },
{ "type": "Feature", "properties": { "_id": 788, "ASSET_ID": 2227, "LOCATION": "West Deane Park", "ALTERNATIVE_NAME": "West Deane Park Tennis Court Drinking Fountain", "TYPE": "Drinking Fountain", "ACCESSIBLE_FEATURES": "None", "HOURS": "None", "LOCATION_DETAILS": "Located northwest of the tennis court close to the allotment garden.", "URL": "https://www.toronto.ca/explore-enjoy/parks-recreation/places-spaces/parks-and-recreation-facilities/location/?id=873", "ADDRESS": "19 Sedgebrook Cres  ", "PostedDate": "2024-12-02T13:25:49", "AssetName": "West Deane Park Tennis Court Drinking Fountain", "Reason": "Closed For The Season", "Comments": "None", "Status": "0" }, "geometry": { "type": "MultiPoint", "coordinates": [ [ -79.55941554, 43.66359856 ] ] } },
{ "type": "Feature", "properties": { "_id": 789, "ASSET_ID": 121929, "LOCATION": "Toronto Islands - Hanlan's Point", "ALTERNATIVE_NAME": "Toronto Islands - Hanlan's Point Lagoon Water Tap", "TYPE": "Water Tap", "ACCESSIBLE_FEATURES": "None", "HOURS": "None", "LOCATION_DETAILS": "Located along the water by the Lagoon that enters Lighthouse Pond.", "URL": "https://www.toronto.ca/explore-enjoy/parks-recreation/places-spaces/parks-and-recreation-facilities/location/?id=2541", "ADDRESS": "9 Queens Quay  W", "PostedDate": "2024-11-18T10:00:14", "AssetName": "Toronto Islands - Hanlan's Point Lagoon Water Tap", "Reason": "Closed For The Season", "Comments": "None", "Status": "0" }, "geometry": { "type": "MultiPoint", "coordinates": [ [ -79.38856149, 43.61621878 ] ] } },
{ "type": "Feature", "properties": { "_id": 790, "ASSET_ID": 2251, "LOCATION": "High Park", "ALTERNATIVE_NAME": "High Park Outdoor Pool Drinking Fountain", "TYPE": "Drinking Fountain", "ACCESSIBLE_FEATURES": "None", "HOURS": "View outdoor pool hours", "LOCATION_DETAILS": "Located in the outdoor pool area.", "URL": "https://www.toronto.ca/explore-enjoy/parks-recreation/places-spaces/parks-and-recreation-facilities/location/?id=77", "ADDRESS": "1873 Bloor St  W ", "PostedDate": "2024-11-04T07:45:19", "AssetName": "High Park Outdoor Pool Drinking Fountain", "Reason": "Closed For The Season", "Comments": "None", "Status": "0" }, "geometry": { "type": "MultiPoint", "coordinates": [ [ -79.46563388, 43.64959961 ] ] } },
{ "type": "Feature", "properties": { "_id": 791, "ASSET_ID": 78996, "LOCATION": "Santa Chiara Parkette - Anne Marie D'Amico Square", "ALTERNATIVE_NAME": "Santa Chiara Parkette - Anne Marie D'Amico Parkette Drinking Water Station", "TYPE": "Drinking Fountain, Dog Fountain", "ACCESSIBLE_FEATURES": "None", "HOURS": "None", "LOCATION_DETAILS": "Located on the southeast corner of the parkette.", "URL": "https://www.toronto.ca/explore-enjoy/parks-recreation/places-spaces/parks-and-recreation-facilities/location/?id=3594", "ADDRESS": "1114 St Clair Ave W Ave  W ", "PostedDate": "2024-07-09T08:58:37", "AssetName": "Santa Chiara Parkette - Anne Marie D'Amico Parkette Drinking Water Station", "Reason": "None", "Comments": "None", "Status": "1" }, "geometry": { "type": "MultiPoint", "coordinates": [ [ -79.44100714, 43.67860518 ] ] } },
{ "type": "Feature", "properties": { "_id": 792, "ASSET_ID": 102173, "LOCATION": "O'Connor Community Centre", "ALTERNATIVE_NAME": "O'Connor Outdoor Pool Drinking Fountain", "TYPE": "Drinking Fountain", "ACCESSIBLE_FEATURES": "None", "HOURS": "View outdoor pool hours", "LOCATION_DETAILS": "Located on the pool deck on the west wall of the building.", "URL": "https://www.toronto.ca/explore-enjoy/parks-recreation/places-spaces/parks-and-recreation-facilities/location/?id=1093", "ADDRESS": "99 Parma Crt  ", "PostedDate": "2024-07-03T13:41:18", "AssetName": "O'Connor Outdoor Pool Drinking Fountain", "Reason": "None", "Comments": "None", "Status": "1" }, "geometry": { "type": "MultiPoint", "coordinates": [ [ -79.30212569, 43.71751512 ] ] } },
{ "type": "Feature", "properties": { "_id": 793, "ASSET_ID": 102194, "LOCATION": "Giovanni Caboto Outdoor Pool", "ALTERNATIVE_NAME": "Giovanni Caboto Outdoor Pool Drinking Fountain", "TYPE": "Drinking Fountain", "ACCESSIBLE_FEATURES": "None", "HOURS": "View outdoor pool hours", "LOCATION_DETAILS": "Located on the pool building in the outdoor pool area. ", "URL": "https://www.toronto.ca/explore-enjoy/parks-recreation/places-spaces/parks-and-recreation-facilities/location/?id=1068", "ADDRESS": "1367 St. Clair Ave W", "PostedDate": "2024-07-03T13:39:46", "AssetName": "Giovanni Caboto Outdoor Pool Drinking Fountain", "Reason": "None", "Comments": "None", "Status": "1" }, "geometry": { "type": "MultiPoint", "coordinates": [ [ -79.4520095, 43.67559174 ] ] } },
{ "type": "Feature", "properties": { "_id": 794, "ASSET_ID": 102195, "LOCATION": "Giovanni Caboto Outdoor Pool", "ALTERNATIVE_NAME": "Giovanni Caboto Outdoor Pool Drinking Fountain", "TYPE": "Drinking Fountain", "ACCESSIBLE_FEATURES": "None", "HOURS": "View outdoor pool hours", "LOCATION_DETAILS": "Located on the pool building in the outdoor pool area. ", "URL": "https://www.toronto.ca/explore-enjoy/parks-recreation/places-spaces/parks-and-recreation-facilities/location/?id=1068", "ADDRESS": "1367 St. Clair Ave W", "PostedDate": "2024-07-03T13:38:48", "AssetName": "Giovanni Caboto Outdoor Pool Drinking Fountain", "Reason": "None", "Comments": "None", "Status": "1" }, "geometry": { "type": "MultiPoint", "coordinates": [ [ -79.45201809, 43.67560978 ] ] } },
{ "type": "Feature", "properties": { "_id": 795, "ASSET_ID": 2544, "LOCATION": "Toronto Islands - Hanlan's Point", "ALTERNATIVE_NAME": "Toronto Islands - Hanlan's Point Outdoor Shower Drinking Fountain", "TYPE": "Drinking Fountain", "ACCESSIBLE_FEATURES": "None", "HOURS": "None", "LOCATION_DETAILS": "Located near the beach, west of the outdoor shower.", "URL": "https://www.toronto.ca/explore-enjoy/parks-recreation/places-spaces/parks-and-recreation-facilities/location/?id=2541", "ADDRESS": "9 Queens Quay  W ", "PostedDate": "2024-05-24T11:31:48", "AssetName": "Toronto Islands - Hanlan's Point Outdoor Shower Drinking Fountain", "Reason": "Technical Issue", "Comments": "valve buried/replace valve and repair", "Status": "0" }, "geometry": { "type": "MultiPoint", "coordinates": [ [ -79.39129647, 43.61723246 ] ] } },
{ "type": "Feature", "properties": { "_id": 796, "ASSET_ID": 102111, "LOCATION": "Cherry Beach Sports Fields", "ALTERNATIVE_NAME": "Cherry Beach Sports Fields East Field Bottle Filling Station", "TYPE": "Bottle Filling Station", "ACCESSIBLE_FEATURES": "None", "HOURS": "None", "LOCATION_DETAILS": "Located on the outside of the washroom building next to the east sports field.", "URL": "https://www.toronto.ca/explore-enjoy/parks-recreation/places-spaces/parks-and-recreation-facilities/location/?id=459", "ADDRESS": "275 Unwin Ave  ", "PostedDate": "2024-05-24T10:53:08", "AssetName": "Cherry Beach Sports Fields East Field Bottle Filling Station", "Reason": "Maintenance/Repairs", "Comments": "Under repair", "Status": "0" }, "geometry": { "type": "MultiPoint", "coordinates": [ [ -79.34171658, 43.64126593 ] ] } },
{ "type": "Feature", "properties": { "_id": 797, "ASSET_ID": 102228, "LOCATION": "East Point Park", "ALTERNATIVE_NAME": "East Point Park Park Building Drinking Fountain", "TYPE": "Drinking Fountain", "ACCESSIBLE_FEATURES": "None", "HOURS": "None", "LOCATION_DETAILS": "Located on the west side of the park building.", "URL": "https://www.toronto.ca/explore-enjoy/parks-recreation/places-spaces/parks-and-recreation-facilities/location/?id=1079", "ADDRESS": "101 Copperfield Rd  ", "PostedDate": "2024-05-24T10:04:46", "AssetName": "East Point Park Park Building Drinking Fountain", "Reason": "None", "Comments": "None", "Status": "1" }, "geometry": { "type": "MultiPoint", "coordinates": [ [ -79.16274907, 43.76024891 ] ] } },
{ "type": "Feature", "properties": { "_id": 798, "ASSET_ID": 121930, "LOCATION": "Toronto Islands - Hanlan's Point", "ALTERNATIVE_NAME": "Toronto Islands - Hanlan's Point Lighthouse Pond Water Tap", "TYPE": "Water Tap", "ACCESSIBLE_FEATURES": "None", "HOURS": "None", "LOCATION_DETAILS": "Located along the water near the entrance to Lighthouse Pond.", "URL": "https://www.toronto.ca/explore-enjoy/parks-recreation/places-spaces/parks-and-recreation-facilities/location/?id=2541", "ADDRESS": "9 Queens Quay  W", "PostedDate": "2023-06-20T14:01:34", "AssetName": "Toronto Islands - Hanlan's Point Lighthouse Pond Water Tap", "Reason": "None", "Comments": "None", "Status": "0" }, "geometry": { "type": "MultiPoint", "coordinates": [ [ -79.38758785, 43.61590905 ] ] } },
{ "type": "Feature", "properties": { "_id": 799, "ASSET_ID": 102174, "LOCATION": "Yorkminster Park Baptist Church Park", "ALTERNATIVE_NAME": "Yorkminster Park Baptist Church Park Drinking Fountain", "TYPE": "Drinking Fountain", "ACCESSIBLE_FEATURES": "None", "HOURS": "None", "LOCATION_DETAILS": "Located along the pathway on the south side of the park.", "URL": "https://www.toronto.ca/explore-enjoy/parks-recreation/places-spaces/parks-and-recreation-facilities/location/?id=2704", "ADDRESS": "1585 Yonge St  ", "PostedDate": "2023-04-13T14:39:33", "AssetName": "Yorkminster Park Baptist Church Park Drinking Fountain", "Reason": "None", "Comments": "None", "Status": "0" }, "geometry": { "type": "MultiPoint", "coordinates": [ [ -79.39463486, 43.69060481 ] ] } },
{ "type": "Feature", "properties": { "_id": 800, "ASSET_ID": 102093, "LOCATION": "Don Valley Brick Works", "ALTERNATIVE_NAME": "Don Valley Brick Works Drinking Water Station", "TYPE": "Bottle Filling Station, Drinking Fountain, Dog Fountain", "ACCESSIBLE_FEATURES": "None", "HOURS": "None", "LOCATION_DETAILS": "Located on the pathway east of the pavilion and north of the main parking lot.", "URL": "https://www.toronto.ca/explore-enjoy/parks-recreation/places-spaces/parks-and-recreation-facilities/location/?id=1449", "ADDRESS": "550 Bayview Ave  ", "PostedDate": "2023-04-13T14:39:33", "AssetName": "Don Valley Brick Works Drinking Water Station", "Reason": "None", "Comments": "None", "Status": "0" }, "geometry": { "type": "MultiPoint", "coordinates": [ [ -79.36570714, 43.68452296 ] ] } },
{ "type": "Feature", "properties": { "_id": 801, "ASSET_ID": 102232, "LOCATION": "Don Valley Brick Works", "ALTERNATIVE_NAME": "Don Valley Brick Works Drinking Fountain", "TYPE": "Drinking Fountain", "ACCESSIBLE_FEATURES": "None", "HOURS": "None", "LOCATION_DETAILS": "Located on the wall near the southwest entrance of the pavilion.", "URL": "https://www.toronto.ca/explore-enjoy/parks-recreation/places-spaces/parks-and-recreation-facilities/location/?id=1449", "ADDRESS": "550 Bayview Ave  ", "PostedDate": "2023-04-13T14:39:33", "AssetName": "Don Valley Brick Works Drinking Fountain", "Reason": "None", "Comments": "None", "Status": "0" }, "geometry": { "type": "MultiPoint", "coordinates": [ [ -79.36613318, 43.68436428 ] ] } }
]
}
